{"type":"FeatureCollection","name":"MILAE - Portaria SSP 262/2025 + Malha Municipal IBGE 2025","metadata":{"fonteAdministrativa":"Portaria SSP 262, de 10 de dezembro de 2025","fonteGeometrica":"IBGE - Malha Municipal Digital 2025 - Bahia","municipios":417,"toleranciaSimplificacao":0.006,"comandos":{"CPRC-A":{"regional":"ATLANTICO","label":"CPRC-Atlântico","municipios":1,"opms":["BPT-A","30 BPM/Nordeste","32 BPM/Itapuã","11 CIPM/Barra","12 CIPM/Rio Vermelho","13 CIPM/Pituba","26 CIPM/Brotas","35 CIPM/Iguatemi","39 CIPM/Boca do Rio","41 CIPM/Federacao","49 CIPM/São Cristóvão","58 CIPM/Cosme de Farias"],"referenciaCartografica":true},"CPRC-BTS":{"regional":"BTS","label":"CPRC-Baía de Todos os Santos","municipios":1,"opms":["BPT-BTS","18 BPM/Centro Histórico","2 CIPM/Barbalho","9 CIPM/Pirajá","14 CIPM/Lobato","16 CIPM/Comércio","17 CIPM/Uruguai","18 CIPM/Periperi","19 CIPM/Paripe","31 CIPM/Valéria","37 CIPM/Liberdade"],"referenciaCartografica":true},"CPRC-C":{"regional":"CENTRAL","label":"CPRC-Central","municipios":1,"opms":["BPT-C","22 BPM/Cajazeiras","1 CIPM/Pernambués","23 CIPM/Tancredo Neves","47 CIPM/Pau da Lima","48 CIPM/Sussuarana","50 CIPM/Sete de Abril","82 CIPM/CAB"],"referenciaCartografica":true},"CPRMS":{"regional":"RMS","label":"CPR Metropolitana de Salvador","municipios":10,"opms":["12 BPM/CAMAÇARI","22ª CIPM/SIMÕES FILHO","26 BPM/CANDEIAS","32ª CIPM/POJUCA","36ª CIPM/DIAS D'ÁVILA","52ª CIPM/LAURO DE FREITAS","53ª CIPM/MATA DE SÃO JOÃO","59ª CIPM/VILA DE ABRANTES","81ª CIPM/ITINGA"]},"CPR-CH":{"regional":"CHAPADA","label":"CPR-Chapada","municipios":55,"opms":["11 BPM/ITABERABA","29 BPM/JACOBINA","29ª CIPM/SEABRA","42ª CIPM/LENÇÓIS","90ª CIPM/RIACHÃO DO JACUÍPE","91ª CIPM/CAPIM GROSSO","98ª CIPM/IPIRÁ"]},"CPR-CN":{"regional":"CENTRO-NORTE","label":"CPR-Centro Norte","municipios":22,"opms":["10ª CIPM/XIQUE-XIQUE","3ª CIPM/MORRO DO CHAPÉU","7 BPM/IRECÊ"]},"CPR-ES":{"regional":"EXTREMO SUL","label":"CPR-Extremo Sul","municipios":21,"opms":["28 BPM/EUNÁPOLIS","43ª CIPM/ITAMARAJU","44ª CIPM/MEDEIROS NETO","8 BPM/PORTO SEGURO","87ª CIPM/TEIXEIRA DE FREITAS","88ª CIPM/ALCOBAÇA","89ª CIPM/MUCURI"]},"CPR-L":{"regional":"LESTE","label":"CPR-Leste","municipios":17,"opms":["25 BPM/FEIRA DE SANTANA","57ª CIPM/SANTO ESTEVÃO","64ª E 65ª CIPM/FEIRA DE SANTANA","66ª CIPM/CONCEIÇÃO DO JACUÍPE","67ª CIPM/FEIRA DE SANTANA","97ª CIPM/IRARÁ"]},"CPR-LN":{"regional":"LITORAL NORTE","label":"CPR-Litoral Norte","municipios":20,"opms":["4 BPM/ALAGOINHAS","51ª CIPM/CONDE","56ª CIPM/ENTRE RIOS","6ª CIPM/RIO REAL","95ª CIPM/CATU"]},"CPR-MRC":{"regional":"MEDIO RIO DE CONTAS","label":"CPR-Médio Rio de Contas","municipios":26,"opms":["19 BPM/JEQUIÉ","55ª CIPM/IPIAÚ","93ª CIPM/MARACÁS"]},"CPR-MO":{"regional":"MEIO-OESTE","label":"CPR-Meio Oeste","municipios":37,"opms":["17 BPM/GUANAMBI","28ª CIPM/IBOTIRAMA","38ª CIPM/BOM JESUS DA LAPA","4ª CIPM/MACAÚBAS","94ª CIPM/CAETITÉ"]},"CPR-NE":{"regional":"NORDESTE","label":"CPR-Nordeste","municipios":41,"opms":["16 BPM/SERRINHA","20 BPM/PAULO AFONSO","21ª CIPM/CIPÓ","5 BPM/EUCLIDES DA CUNHA","7ª CIPM/MONTE SANTO"]},"CPR-N":{"regional":"NORTE","label":"CPR-Norte","municipios":22,"opms":["25ª CIPM/CASA NOVA","45ª CIPM/CURAÇA","54ª CIPM/CAMPO FORMOSO","6 BPM/SENHOR DO BONFIM","73ª, 74ª, 75ª E 76ª CIPM/JUAZEIRO","96ª CIPM/SOBRADINHO"]},"CPR-O":{"regional":"OESTE","label":"CPR-Oeste","municipios":24,"opms":["27 BPM/LUÍS EDUARDO MAGALHÃES","30ª CIPM/SANTA MARIA DA VITÓRIA","83ª CIPM/BARREIRAS","84ª CIPM/BARREIRAS","86ª CIPM/FORMOSA DO RIO PRETO"]},"CPR-R":{"regional":"RECONCAVO","label":"CPR-Recôncavo","municipios":44,"opms":["14 BPM/SANTO ANTÔNIO DE JESUS","20ª CIPM/SANTO AMARO","23 BPM/VERA CRUZ","27ª CIPM/CRUZ DAS ALMAS","31 BPM/VALENÇA","60ª CIPM/GANDU","85ª CIPM/CACHOEIRA","99ª CIPM/AMARGOSA"]},"CPR-SO":{"regional":"SUDOESTE","label":"CPR-Sudoeste","municipios":35,"opms":["24 BPM/BRUMADO","46ª CIPM/LIVRAMENTO DE NOSSA SRA","77ª, 78ª CIPM/VITÓRIA DA CONQUISTA","79ª CIPM/POÇÕES","80ª CIPM/CANDIDO SALES","92ª CIPM/VITÓRIA DA CONQUISTA"]},"CPR-S":{"regional":"SUL","label":"CPR-Sul","municipios":42,"opms":["15 BPM/ITABUNA","61ª CIPM/UBAITABA","62ª CIPM/CAMACAN","63ª CIPM/IBICARAÍ","68, 69 E 70ª CIPM/ILHÉUS","71ª CIPM/CANAVIEIRAS","72ª CIPM/ITACARÉ","8ª CIPM/ITAPETINGA"]}},"municipiosComOpmsCompartilhadas":[{"municipio":"Camaçari","cpr":"CPRMS","opms":["12 BPM/CAMAÇARI","59ª CIPM/VILA DE ABRANTES"]},{"municipio":"Lauro de Freitas","cpr":"CPRMS","opms":["52ª CIPM/LAURO DE FREITAS","81ª CIPM/ITINGA"]},{"municipio":"Barreiras","cpr":"CPR-O","opms":["83ª CIPM/BARREIRAS","84ª CIPM/BARREIRAS"]},{"municipio":"Feira de Santana","cpr":"CPR-L","opms":["25 BPM/FEIRA DE SANTANA","64ª E 65ª CIPM/FEIRA DE SANTANA","67ª CIPM/FEIRA DE SANTANA"]},{"municipio":"Vitória da Conquista","cpr":"CPR-SO","opms":["77ª, 78ª CIPM/VITÓRIA DA CONQUISTA","92ª CIPM/VITÓRIA DA CONQUISTA"]}],"comandosEspecializados":{"CPE":["BEPE","EsqdMont - Salvador","EsqdMont - Feira de Santana","EsqdMont - Itabuna","COPPA","CIPPA Lençóis","CIPPA Porto Seguro","CIPE - Leste","CIPE - Caatinga","CIPE - Chapada","CIPE - Cerrado","CIPE - Mata Atlântica","CIPE - Semiárido","CIPE - Sudoeste","CIPE - Litoral Norte","CIPE - Cacaueira","CIPE - Polo Industrial","CIPE - Central","CIPE - Nordeste","CIPE - Recôncavo"],"CPME":["BPCHQ","BOPE","BPATAMO","GRAER"],"CEPRV":["BPRV","CIPRV - Itabuna","CIPRV - Brumado","CIPRV - Barreiras","CIPRV - Juazeiro"],"CPAp":["BPPM","BPFRC","BPFRV","BPEO","BPESC","BPTUR","BPGD","Esq MCL","CIPFAZ","CIMCAU"]},"observacoes":["Salvador permanece como referencia cartografica porque a Portaria nao fornece poligonos georreferenciados para CPRC-A, CPRC-BTS e CPRC-C.","Municipios com mais de uma OPM sao exibidos pelo CPR; a divisao intramunicipal permanece apenas como referencia textual.","Comandos especializados nao recebem poligonos porque a Portaria lista unidades, mas nao delimita jurisdicao municipal exclusiva."]},"features":[{"type":"Feature","id":"2905909","properties":{"codigoIbge":"2905909","municipio":"Campo Alegre de Lourdes","cpr":"CPR-N","cprs":["CPR-N"],"opm":"25ª CIPM/CASA NOVA","opms":["25ª CIPM/CASA NOVA"],"cprExato":true,"opmExata":true,"somenteReferencia":false},"geometry":{"type":"Polygon","coordinates":[[[-42.766520107,-9.72520600699994],[-42.8375464,-9.74618839999994],[-42.9167995999999,-9.82690169999995],[-43.1833993,-9.72449829999994],[-43.3772367,-9.73221769999998],[-43.4077281,-9.62458289999995],[-43.4705888,-9.52981519999997],[-43.4928193,-9.45724769999993],[-43.5113087,-9.42908029999995],[-43.5452119,-9.40971089999994],[-43.6060153,-9.35157149999998],[-43.5790266,-9.32039019999996],[-43.5311311,-9.30419179999996],[-43.4854582,-9.26528609999997],[-43.4517822,-9.26226289999994],[-43.4227493999999,-9.27761109999994],[-43.3613215999999,-9.36441189999994],[-43.3296134,-9.37181669999995],[-43.2965452,-9.39707409999994],[-43.2787691999999,-9.42457469999994],[-43.2666692999999,-9.41190589999997],[-43.2142901,-9.39964829999997],[-43.191699,-9.42043129999996],[-43.1739284999999,-9.41122389999998],[-43.1586263999999,-9.37703649999997],[-43.1331640999999,-9.38728269999996],[-43.1196191999999,-9.37189799999993],[-43.0798321999999,-9.39910899999995],[-43.0607284,-9.39544799999993],[-43.0569432,-9.41913539999996],[-42.9878631,-9.40133849999995],[-42.9734195999999,-9.40713449999993],[-42.9571152999999,-9.43241249999994],[-42.9621394,-9.46982359999993],[-42.9462488,-9.51841309999998],[-42.9040163,-9.52675419999997],[-42.8733013,-9.56386799999996],[-42.8371387,-9.55037189999996],[-42.8281931999999,-9.56052119999993],[-42.8188967999999,-9.62089439999994],[-42.7651681999999,-9.61674999999997],[-42.7577491,-9.58928029999993],[-42.7168953,-9.55627869999995],[-42.720862,-9.53131079999997],[-42.7084925999999,-9.53206369999998],[-42.6900929999999,-9.54590849999994],[-42.6884262999999,-9.56334599999997],[-42.7101749999999,-9.58576869999996],[-42.7067350999999,-9.61317599999995],[-42.7160683,-9.61678519999998],[-42.7169044,-9.65158689999993],[-42.7362208,-9.67774410999994],[-42.72907631,-9.68485859999993],[-42.753651495,-9.70216790499995],[-42.766520107,-9.72520600699994]]]}},{"type":"Feature","id":"2922052","properties":{"codigoIbge":"2922052","municipio":"Mulungu do Morro","cpr":"CPR-CN","cprs":["CPR-CN"],"opm":"3ª CIPM/MORRO DO CHAPÉU","opms":["3ª CIPM/MORRO DO CHAPÉU"],"cprExato":true,"opmExata":true,"somenteReferencia":false},"geometry":{"type":"Polygon","coordinates":[[[-41.4077270999999,-12.0478125999999],[-41.3961844999999,-12.0749931999999],[-41.36823,-12.0829586999999],[-41.3715996,-12.1187441],[-41.3548711999999,-12.1683977],[-41.4172738,-12.1450427],[-41.4688676,-12.1080497],[-41.4539010999999,-12.0990408],[-41.630487,-12.0124984],[-41.6517340999999,-12.0136874999999],[-41.6811254,-11.9912009999999],[-41.6892247,-11.9677287],[-41.6799197,-11.9216466999999],[-41.6485883,-11.8869726899999],[-41.6223409999999,-11.8324082],[-41.58823491,-11.8567275],[-41.420667293,-11.8682716069999],[-41.4255464999999,-11.9341421],[-41.4475242,-11.9460501],[-41.4556562999999,-11.969639],[-41.4447086,-11.9861146],[-41.4166127,-11.9980168],[-41.4157802999999,-12.0218475],[-41.4021997999999,-12.0384483],[-41.4077270999999,-12.0478125999999]]]}},{"type":"Feature","id":"2913903","properties":{"codigoIbge":"2913903","municipio":"Ipiaú","cpr":"CPR-MRC","cprs":["CPR-MRC"],"opm":"55ª CIPM/IPIAÚ","opms":["55ª CIPM/IPIAÚ"],"cprExato":true,"opmExata":true,"somenteReferencia":false},"geometry":{"type":"Polygon","coordinates":[[[-39.6976377999999,-14.1553815],[-39.7503604,-14.1360946],[-39.7711851999999,-14.1223922999999],[-39.7766821,-14.1062345999999],[-39.8089593999999,-14.1043117999999],[-39.8312061,-14.0824777999999],[-39.826693,-14.0724887],[-39.8097175999999,-14.077079],[-39.7940502,-14.0666772],[-39.8007942,-14.0525853],[-39.7906543999999,-14.0373172999999],[-39.7944773999999,-14.0126241],[-39.7539123,-13.9872157999999],[-39.7357277,-13.9322084999999],[-39.7207296,-13.9273494999999],[-39.7050151,-13.9098900999999],[-39.7100513999999,-13.8994299],[-39.6945198,-13.8916022999999],[-39.6891542,-13.9166099999999],[-39.7101714999999,-13.9421523999999],[-39.7072363,-13.9664055],[-39.6611454,-14.0083096],[-39.6728886999999,-14.0194245],[-39.6775957999999,-14.0330296],[-39.6697023,-14.0374692],[-39.680313,-14.051886],[-39.6675425999999,-14.0570971],[-39.6720283999999,-14.0953383],[-39.6527414999999,-14.1320646999999],[-39.6674199,-14.1610204999999],[-39.6640154999999,-14.1847074],[-39.6921732,-14.1743986],[-39.6976377999999,-14.1553815]]]}},{"type":"Feature","id":"2930204","properties":{"codigoIbge":"2930204","municipio":"Sento Sé","cpr":"CPR-N","cprs":["CPR-N"],"opm":"96ª CIPM/SOBRADINHO","opms":["96ª CIPM/SOBRADINHO"],"cprExato":true,"opmExata":true,"somenteReferencia":false},"geometry":{"type":"Polygon","coordinates":[[[-41.1576264,-10.1566536],[-41.1710254,-10.1968532],[-41.1440919,-10.222115],[-41.1494349,-10.2347907999999],[-41.2056388999999,-10.2746468999999],[-41.2130893,-10.2918735],[-41.2385846999999,-10.3000560999999],[-41.2427357999999,-10.3232566],[-41.2778643,-10.3471838999999],[-41.2865881,-10.3356987999999],[-41.3138705,-10.3444249999999],[-41.3329608,-10.3778313999999],[-41.3601657999999,-10.3691383999999],[-41.3543199,-10.387797],[-41.3772360999999,-10.4165422],[-41.4457085,-10.4414729],[-41.4492124,-10.4533294999999],[-41.4731947,-10.4619524999999],[-41.4530028,-10.4882721999999],[-41.3815221999999,-10.5187405],[-41.3973669,-10.5475766],[-41.3917691999999,-10.5677023],[-41.4272673,-10.5762801999999],[-41.4303571,-10.5894337],[-41.4570666,-10.5976904999999],[-41.4740983999999,-10.6299958],[-41.4852630999999,-10.6337103999999],[-41.4956518,-10.6183091],[-41.506074,-10.6417486],[-41.4963207,-10.6538166999999],[-41.511203,-10.6721097],[-41.5329702999999,-10.6794194999999],[-41.5460335,-10.6645715999999],[-41.5594060999999,-10.7053794],[-41.5909101,-10.7273418],[-41.586984,-10.7479003],[-41.5711558,-10.7599544999999],[-41.5888024,-10.800294],[-41.6035434999999,-10.8100431],[-41.6681661,-10.8120963],[-41.6952464999999,-10.79331],[-41.7139222,-10.7415270999999],[-41.7385957,-10.707938],[-41.7690817,-10.7221522999999],[-41.9159294999999,-10.6428364],[-42.0059783999999,-10.6404039999999],[-42.0482878,-10.5442497],[-42.0659934999999,-10.5289804999999],[-42.0691497,-10.4942761999999],[-42.0893495999999,-10.4767176999999],[-42.0795428,-10.4572070999999],[-42.0854701,-10.4257124],[-42.0990563,-10.414565],[-42.0918624,-10.3820009999999],[-42.1325189999999,-10.3469239999999],[-42.132556,-10.3129681999999],[-42.15966,-10.2579383],[-42.4054657999999,-10.1851222999999],[-42.4354691999999,-10.130306],[-42.3997694999999,-10.0575676],[-42.3550294999999,-10.0322366999999],[-42.2779593,-10.0544712999999],[-42.2575773999999,-10.0542287],[-42.2301416,-10.0358388],[-42.2057559,-9.98068159999997],[-42.1676611,-9.94772959999995],[-42.1494243,-9.91122889999997],[-42.1191578999999,-9.88809359999993],[-42.0952988,-9.82948229999994],[-42.0768199,-9.81158069999998],[-42.0800047,-9.73110669999994],[-42.0411311,-9.67010849999997],[-41.9923649999999,-9.66645749999998],[-41.9634604999999,-9.68736739999997],[-41.9232086,-9.69149989999994],[-41.839568,-9.73215909999993],[-41.6930498999999,-9.77014979999996],[-41.6371536999999,-9.71530269999994],[-41.5593939999999,-9.67628679999996],[-41.5037697,-9.66520199999997],[-41.4177586,-9.69232569999997],[-41.3790427,-9.69353549999994],[-41.2472222,-9.64709139999997],[-41.2126855,-9.62215309999993],[-41.1887378,-9.55995909999996],[-41.1435384,-9.49592789999997],[-41.1174204,-9.40359079999996],[-41.0673189,-9.40313479999998],[-41.0166283,-9.38394139999997],[-40.9860325,-9.38555759999997],[-40.9537801,-9.39791519999994],[-41.0074185999999,-9.46790509999994],[-41.0047243,-9.49173569999994],[-40.9644499,-9.55267969999994],[-40.98461,-9.59021759999996],[-40.9815722,-9.60865019999994],[-40.9746484,-9.60809199999994],[-40.9676277,-9.73707979999995],[-40.995577,-9.77720429999994],[-41.0342588999999,-9.80668369999995],[-41.0280802999999,-9.81977019999994],[-41.057919,-9.85292689999994],[-41.0661286,-9.87601509999996],[-41.0505656,-9.90586779999995],[-41.0826800999999,-9.94528559999998],[-41.1055208,-9.94348459999998],[-41.1035208,-9.91802959999995],[-41.1126896,-9.90624979999996],[-41.1226277,-9.92629859999994],[-41.1351567,-9.92191889999998],[-41.1821686,-9.95566399999996],[-41.2140161999999,-9.95566439999993],[-41.2202871,-9.92209969999993],[-41.2257423999999,-9.93016439999997],[-41.2365248,-9.92625829999997],[-41.2366150999999,-9.94351379999995],[-41.2537636,-9.94440649999996],[-41.2531506999999,-9.97941319999995],[-41.1694042999999,-10.0140342999999],[-41.169002,-10.0317540999999],[-41.1974130999999,-10.0624663999999],[-41.1795215999999,-10.1035004999999],[-41.1589638999999,-10.1129518999999],[-41.1669481,-10.1299703],[-41.1576264,-10.1566536]]]}},{"type":"Feature","id":"2905701","properties":{"codigoIbge":"2905701","municipio":"Camaçari","cpr":"CPRMS","cprs":["CPRMS"],"opm":"","opms":["12 BPM/CAMAÇARI","59ª CIPM/VILA DE ABRANTES"],"cprExato":true,"opmExata":false,"somenteReferencia":false},"geometry":{"type":"Polygon","coordinates":[[[-38.2648566,-12.8713698999999],[-38.2812504,-12.8805634],[-38.2752202999999,-12.8749804],[-38.2909600999999,-12.8702919999999],[-38.2891395,-12.8557274],[-38.3057823,-12.8573549],[-38.3123889,-12.8401163999999],[-38.3269021,-12.8356312],[-38.3262017,-12.8190518],[-38.3334206,-12.8174175999999],[-38.3277818999999,-12.7955615],[-38.3757555999999,-12.6771055999999],[-38.3499095999999,-12.6387238],[-38.3398458999999,-12.6447380999999],[-38.3387271,-12.6307978],[-38.3080444,-12.6187050999999],[-38.2870113,-12.6350608],[-38.2591386,-12.6330394999999],[-38.2251426,-12.6466098],[-38.1821297,-12.6170364999999],[-38.1766296,-12.5972563999999],[-38.1318563999999,-12.6024920999999],[-38.138156,-12.5768530999999],[-38.1613543999999,-12.5673169999999],[-38.1673149,-12.542161],[-38.1830947,-12.543055],[-38.1950560999999,-12.5647321],[-38.2150318,-12.5667685999999],[-38.2244727999999,-12.5203374],[-38.2391263,-12.5156084],[-38.2478376999999,-12.4976996],[-38.2429236,-12.4697765],[-38.2248207,-12.4767031],[-38.2125871,-12.4592241999999],[-38.1940314999999,-12.4530614],[-38.1726561999999,-12.4627624999999],[-38.181908,-12.4792371999999],[-38.1772127999999,-12.4881028],[-38.1621291,-12.4890546],[-38.1557177999999,-12.5030262],[-38.1408896999999,-12.4976578],[-38.1113677,-12.5112450999999],[-38.0966379,-12.5015915999999],[-38.0993769999999,-12.4796709999999],[-38.0697264999999,-12.4664549999999],[-38.0639975,-12.4901161999999],[-38.0731754999999,-12.5022711],[-38.0631956,-12.5296458999999],[-38.069357,-12.5361619],[-38.0539089,-12.5629446999999],[-38.0435787,-12.5625337999999],[-38.0470172,-12.5842752],[-38.0302227999999,-12.5971982],[-38.0453229,-12.6322243999999],[-38.1241155,-12.7078721999999],[-38.2648566,-12.8713698999999]]]}},{"type":"Feature","id":"2922003","properties":{"codigoIbge":"2922003","municipio":"Mucuri","cpr":"CPR-ES","cprs":["CPR-ES"],"opm":"89ª CIPM/MUCURI","opms":["89ª CIPM/MUCURI"],"cprExato":true,"opmExata":true,"somenteReferencia":false},"geometry":{"type":"Polygon","coordinates":[[[-39.6092803999999,-18.1846009999999],[-39.6701586,-18.3485603],[-39.6660146,-18.3332182999999],[-39.6742268,-18.3247425],[-40.2223506,-17.9804174],[-40.2268228999999,-17.9582598],[-40.2597997,-17.9400218],[-40.2635475,-17.9220233],[-40.2126577,-17.8957940999999],[-40.1741273,-17.8515611999999],[-40.1816608,-17.8359752],[-40.2038638999999,-17.8296640999999],[-40.2045178,-17.8053295],[-40.2180756999999,-17.7956589999999],[-40.2179588,-17.7325423999999],[-40.200504,-17.7358307],[-40.1720596,-17.7757035999999],[-40.1211893,-17.7883854],[-40.1193001,-17.8047983],[-40.0794334999999,-17.8287240999999],[-40.0678644,-17.8493366],[-40.0634817,-17.9519354999999],[-40.0575971,-17.9601544],[-40.0431558999999,-17.9522261999999],[-40.0307768,-17.9577391999999],[-40.0336935,-17.9702262],[-40.020552,-17.9703771],[-40.0196425999999,-17.9847],[-39.7401565,-17.9892548999999],[-39.6412256,-18.0008788],[-39.6070470999999,-17.9871224999999],[-39.5885162,-17.9904071999999],[-39.5751648999999,-17.9777483999999],[-39.517018,-17.9849728999999],[-39.5075585,-17.9776287999999],[-39.4911549,-17.9979324],[-39.5489449,-18.1018554999999],[-39.6092803999999,-18.1846009999999]]]}},{"type":"Feature","id":"2930006","properties":{"codigoIbge":"2930006","municipio":"Sebastião Laranjeiras","cpr":"CPR-MO","cprs":["CPR-MO"],"opm":"17 BPM/GUANAMBI","opms":["17 BPM/GUANAMBI"],"cprExato":true,"opmExata":true,"somenteReferencia":false},"geometry":{"type":"Polygon","coordinates":[[[-42.8845914999999,-14.7675927],[-42.8999661,-14.7558081999999],[-42.9058846999999,-14.7610457],[-42.9121977999999,-14.7444719],[-42.9270529999999,-14.7441401999999],[-42.9396586999999,-14.7076215],[-42.9773253,-14.6983870999999],[-43.0109472999999,-14.7016621999999],[-43.0268895,-14.6860194],[-43.0556715,-14.6909401],[-43.0663891999999,-14.6805591999999],[-43.0839364999999,-14.6982725999999],[-43.1039769999999,-14.6739370999999],[-43.1163041,-14.6788544999999],[-43.1274974,-14.66568],[-43.1514964,-14.6663341],[-43.1763498,-14.6505438],[-43.1812596999999,-14.6609121999999],[-43.1986946,-14.6496248999999],[-43.2076645999999,-14.6583545999999],[-43.2660815999999,-14.6614815999999],[-43.2883244,-14.6761124],[-43.3112274,-14.6697480999999],[-43.3465037,-14.6960690999999],[-43.3789765999999,-14.7013807],[-43.4146911,-14.7242325],[-43.4348889999999,-14.7230382999999],[-43.4612721999999,-14.7462285],[-43.4628385999999,-14.7658865],[-43.4812542999999,-14.7678976999999],[-43.4696982999999,-14.7873485],[-43.5111628999999,-14.7965745],[-43.5097507999999,-14.8075997999999],[-43.5302485999999,-14.8157505999999],[-43.4203453,-14.4964558999999],[-43.2630205,-14.4567246],[-43.2506195999999,-14.468916],[-43.2237119,-14.4648326999999],[-43.1610295999999,-14.4280843],[-43.1362958999999,-14.4274311],[-43.0961586,-14.3742910999999],[-43.0487155,-14.3324727999999],[-43.0082892999999,-14.3490373],[-42.9739863999999,-14.3778197999999],[-42.9736748,-14.39057],[-42.9557356,-14.3955849],[-42.9292940999999,-14.4227319],[-42.906741,-14.4824945],[-42.8706850999999,-14.5095259999999],[-42.8341005,-14.5638814],[-42.81796,-14.5702439],[-42.7992331999999,-14.5951555999999],[-42.7946211,-14.6314149],[-42.8521142,-14.7638641999999],[-42.8845914999999,-14.7675927]]]}},{"type":"Feature","id":"2921807","properties":{"codigoIbge":"2921807","municipio":"Mortugaba","cpr":"CPR-SO","cprs":["CPR-SO"],"opm":"80ª CIPM/CANDIDO SALES","opms":["80ª CIPM/CANDIDO SALES"],"cprExato":true,"opmExata":true,"somenteReferencia":false},"geometry":{"type":"Polygon","coordinates":[[[-42.2250670999999,-15.0456905999999],[-42.2766920999999,-15.05355],[-42.2907139,-15.0735943],[-42.2826216999999,-15.1178927],[-42.3335173,-15.0790527],[-42.354907,-15.0982031],[-42.3744704,-15.0713337],[-42.3964917,-15.0779916],[-42.4429392,-15.0613198],[-42.4368004,-15.0227159999999],[-42.4790154999999,-15.0142448999999],[-42.4736493,-14.9673721],[-42.4302635999999,-14.9488206999999],[-42.4094446999999,-14.9572537],[-42.3805563,-14.9479021],[-42.3530906,-14.9004477],[-42.3546830999999,-14.8763681],[-42.3462165,-14.8691479],[-42.1782535999999,-14.8191090999999],[-42.1750041,-14.8338411],[-42.1979246999999,-14.8575496],[-42.2390253999999,-14.942214],[-42.2366953,-14.9605549999999],[-42.2024590999999,-15.0002737],[-42.2250670999999,-15.0456905999999]]]}},{"type":"Feature","id":"2914307","properties":{"codigoIbge":"2914307","municipio":"Iramaia","cpr":"CPR-MRC","cprs":["CPR-MRC"],"opm":"93ª CIPM/MARACÁS","opms":["93ª CIPM/MARACÁS"],"cprExato":true,"opmExata":true,"somenteReferencia":false},"geometry":{"type":"Polygon","coordinates":[[[-40.7250237,-13.691764],[-40.7155806,-13.7473338999999],[-40.7281063,-13.7520938],[-40.7030425,-13.7644604],[-40.7000676,-13.8039436],[-40.6556214,-13.8394364],[-40.6754918,-13.8501621999999],[-40.6953925999999,-13.8377950999999],[-40.7147626,-13.8410392],[-40.8369929,-13.6358400999999],[-40.8584241,-13.5825172999999],[-40.9401966,-13.5677884999999],[-40.9553367,-13.5454731],[-41.038244,-13.5563326],[-41.2203815999999,-13.4702402999999],[-41.2161029,-13.5046434],[-41.2237059999999,-13.5185370999999],[-41.2411731999999,-13.5059249999999],[-41.2583056999999,-13.4736225999999],[-41.2367563999999,-13.4611689999999],[-41.2334849,-13.4295332999999],[-41.2170063999999,-13.4286938999999],[-41.1870905,-13.405137],[-41.1606146999999,-13.4032812],[-41.1557073,-13.3772279],[-41.1297891999999,-13.3619439],[-41.1269804,-13.3330341],[-41.1170501,-13.3401668999999],[-41.1153194,-13.3240024999999],[-41.1047783,-13.3188974999999],[-41.1055903,-13.2930623],[-41.0786884,-13.2732680999999],[-41.0888439999999,-13.2557983999999],[-41.0103442,-13.2609103],[-40.9183297,-13.2295695999999],[-40.8710919,-13.2761791999999],[-40.8750128,-13.2938660999999],[-40.861954,-13.3187457999999],[-40.8484887,-13.3121866],[-40.7977139,-13.3361487],[-40.8005398,-13.3486786],[-40.7714437,-13.3981711],[-40.7291084999999,-13.427516],[-40.7375015,-13.4635723],[-40.6970251,-13.5068980999999],[-40.6869388,-13.5483116999999],[-40.6897739999999,-13.6093577999999],[-40.7101815999999,-13.6302856999999],[-40.7011305,-13.6450348],[-40.7133858999999,-13.6682132999999],[-40.7066356,-13.6821929999999],[-40.7250237,-13.691764]]]}},{"type":"Feature","id":"2930105","properties":{"codigoIbge":"2930105","municipio":"Senhor do Bonfim","cpr":"CPR-N","cprs":["CPR-N"],"opm":"6 BPM/SENHOR DO BONFIM","opms":["6 BPM/SENHOR DO BONFIM"],"cprExato":true,"opmExata":true,"somenteReferencia":false},"geometry":{"type":"Polygon","coordinates":[[[-40.1364164999999,-10.6373326999999],[-40.2485063,-10.5133815],[-40.2715385,-10.5102942],[-40.2343997,-10.462794],[-40.2511658999999,-10.436659],[-40.2430868,-10.4054767],[-40.2498942,-10.4051926999999],[-40.2507815,-10.3839487],[-40.231546,-10.3743979],[-40.2098563,-10.3236747999999],[-40.2002871,-10.3433704],[-40.171263,-10.3581202999999],[-40.1359725999999,-10.3239214999999],[-40.1243696,-10.3437633999999],[-40.057813,-10.3231266999999],[-40.0478244999999,-10.3752658],[-40.03743,-10.3754468999999],[-40.0179722,-10.3982839999999],[-40.0242395999999,-10.4232724999999],[-40.0138529,-10.4371161],[-40.0289741999999,-10.44659],[-40.0057509,-10.4627849999999],[-40.0107914,-10.4884430999999],[-39.9744463,-10.5085900999999],[-39.9479545,-10.5496312],[-40.0176749999999,-10.6208225999999],[-40.1364164999999,-10.6373326999999]]]}},{"type":"Feature","id":"2921906","properties":{"codigoIbge":"2921906","municipio":"Mucugê","cpr":"CPR-CH","cprs":["CPR-CH"],"opm":"11 BPM/ITABERABA","opms":["11 BPM/ITABERABA"],"cprExato":true,"opmExata":true,"somenteReferencia":false},"geometry":{"type":"Polygon","coordinates":[[[-41.4458799,-13.3835781999999],[-41.5474078,-13.4258715999999],[-41.5511754999999,-13.4095517],[-41.5694267,-13.4108181999999],[-41.6051975,-13.4248542],[-41.6124662999999,-13.3419678],[-41.595028,-13.2964079],[-41.6033676,-13.2863029],[-41.6020214,-13.2705908999999],[-41.5901521,-13.2683304999999],[-41.5923314999999,-13.2531858999999],[-41.6046999,-13.2196334999999],[-41.6535709999999,-13.1683659],[-41.6348065999999,-13.158669],[-41.6401865999999,-13.1503504],[-41.6262287,-13.1297180999999],[-41.6996644,-12.9948649999999],[-41.6403321,-12.8980695999999],[-41.6436232,-12.8818256],[-41.6296851,-12.8657269999999],[-41.6209885,-12.8276804999999],[-41.6371768,-12.7833965999999],[-41.6153562,-12.7586628999999],[-41.6053853,-12.7115449999999],[-41.5950149999999,-12.7083325999999],[-41.4379006,-12.7099959999999],[-41.3803622,-12.8798858],[-41.3566782,-12.8896870999999],[-41.3414185,-12.9218091999999],[-41.3467969,-12.9283573],[-41.3298096999999,-12.931432],[-41.3225196999999,-12.9481263],[-41.3248773999999,-12.9729573],[-41.3017302,-13.0514492999999],[-41.2557444999999,-13.0968506999999],[-41.2510632,-13.1283273999999],[-41.2810117,-13.1380045999999],[-41.2805514999999,-13.1556858],[-41.2645825,-13.1668283999999],[-41.2448363,-13.1656894],[-41.2457527,-13.1583686999999],[-41.2331134999999,-13.1639964],[-41.1984055,-13.1926243],[-41.1847528,-13.2289023],[-41.2905714999999,-13.3224723],[-41.3349077,-13.2988978999999],[-41.3492666,-13.281258],[-41.3827428,-13.2711884999999],[-41.3992684999999,-13.2244259],[-41.4144358999999,-13.2453805],[-41.4459183,-13.2506969],[-41.4539847,-13.2630778999999],[-41.4537326,-13.2958189],[-41.4370231999999,-13.3288305],[-41.4458799,-13.3835781999999]]]}},{"type":"Feature","id":"2906105","properties":{"codigoIbge":"2906105","municipio":"Canápolis","cpr":"CPR-O","cprs":["CPR-O"],"opm":"30ª CIPM/SANTA MARIA DA VITÓRIA","opms":["30ª CIPM/SANTA MARIA DA VITÓRIA"],"cprExato":true,"opmExata":true,"somenteReferencia":false},"geometry":{"type":"Polygon","coordinates":[[[-44.1515787,-13.1956056],[-44.2282223,-13.2020209],[-44.2856490999999,-13.1290289],[-44.3421061999999,-13.1183053999999],[-44.3317213999999,-13.0945813],[-44.3071628,-13.0782328999999],[-44.306991,-13.0282338],[-44.2844353,-12.9965758],[-44.2666412999999,-12.9952124],[-44.2561777,-12.9812623999999],[-44.1955174,-12.9707371],[-44.1888195999999,-12.9751148],[-44.2019056999999,-12.9886766],[-44.1324299,-13.0406644999999],[-44.1096856,-13.0429073],[-44.0975526,-13.0748166],[-44.1064981,-13.2294499999999],[-44.1515787,-13.1956056]]]}},{"type":"Feature","id":"2929404","properties":{"codigoIbge":"2929404","municipio":"São Miguel das Matas","cpr":"CPR-R","cprs":["CPR-R"],"opm":"99ª CIPM/AMARGOSA","opms":["99ª CIPM/AMARGOSA"],"cprExato":true,"opmExata":true,"somenteReferencia":false},"geometry":{"type":"Polygon","coordinates":[[[-39.3813830999999,-13.0275085],[-39.3402227999999,-13.0611656999999],[-39.3184307,-13.0563696999999],[-39.2994257999999,-13.0657550999999],[-39.2629221999999,-13.0579385999999],[-39.2538967999999,-13.0687788],[-39.275951,-13.0698891],[-39.3746149999999,-13.1109005],[-39.4302137,-13.1174966],[-39.4350461,-13.1108556999999],[-39.4697550999999,-13.1238397999999],[-39.4829030999999,-13.1071406999999],[-39.4794825,-13.1003491999999],[-39.4716265,-13.1067717],[-39.4804369999999,-13.0881676],[-39.4937255999999,-13.0777105999999],[-39.4875799,-13.0699751999999],[-39.5110984,-13.0694713],[-39.5128015999999,-13.0490186],[-39.5228364,-13.0471876],[-39.5167757999999,-13.0402895999999],[-39.5320434999999,-13.0208746],[-39.5114394999999,-13.0153973999999],[-39.5025967,-12.9970486999999],[-39.4816001,-12.9936966],[-39.4643483,-12.952529],[-39.4432330999999,-12.9932494999999],[-39.4016458999999,-12.9967708999999],[-39.3813830999999,-13.0275085]]]}},{"type":"Feature","id":"2921203","properties":{"codigoIbge":"2921203","municipio":"Miguel Calmon","cpr":"CPR-CH","cprs":["CPR-CH"],"opm":"29 BPM/JACOBINA","opms":["29 BPM/JACOBINA"],"cprExato":true,"opmExata":true,"somenteReferencia":false},"geometry":{"type":"Polygon","coordinates":[[[-40.3838380999999,-11.5051999],[-40.370674198,-11.6162358],[-40.3869467,-11.6008401999999],[-40.3906852,-11.6161425],[-40.4069901,-11.6080802],[-40.4295061999999,-11.6186226999999],[-40.466575,-11.6022189999999],[-40.4905055999999,-11.6143279],[-40.4909732,-11.6310382999999],[-40.5229001,-11.6310242],[-40.5234483999999,-11.5743894],[-40.5571535,-11.5783336],[-40.5983305,-11.5515176],[-40.6005797999999,-11.5656336],[-40.6258074,-11.5565369],[-40.6652951,-11.5621707999999],[-40.6746381,-11.5508846999999],[-40.7200956999999,-11.5405274],[-40.7375534999999,-11.5035344999999],[-40.7982527,-11.4772414],[-40.8635212,-11.4144919],[-40.9461224999999,-11.2851257999999],[-40.8647348,-11.2608097],[-40.7457041,-11.2665688],[-40.685964,-11.2117397],[-40.6041324,-11.2757008999999],[-40.5820742,-11.3084370999999],[-40.5601389999999,-11.3123479],[-40.5460208,-11.3044219],[-40.5066342,-11.3716780999999],[-40.4901034,-11.3742364999999],[-40.4825868999999,-11.3860146],[-40.4594908999999,-11.3874188],[-40.4420815,-11.3584374],[-40.4134225999999,-11.3641726999999],[-40.3833582,-11.4012334],[-40.3088420999999,-11.4347734999999],[-40.3687376999999,-11.4818574999999],[-40.3838380999999,-11.5051999]]]}},{"type":"Feature","id":"2929370","properties":{"codigoIbge":"2929370","municipio":"São José do Jacuípe","cpr":"CPR-CH","cprs":["CPR-CH"],"opm":"91ª CIPM/CAPIM GROSSO","opms":["91ª CIPM/CAPIM GROSSO"],"cprExato":true,"opmExata":true,"somenteReferencia":false},"geometry":{"type":"Polygon","coordinates":[[[-40.024260107,-11.508145197],[-40.0287211099999,-11.5226093799999],[-40.0778372899999,-11.52732988],[-40.08422179,-11.4760702899999],[-40.0702039999999,-11.4342197],[-39.98718659,-11.4394286899999],[-39.982548105,-11.44954609],[-39.9679768,-11.4337692999999],[-39.9144558049999,-11.4156111899999],[-39.9245978069999,-11.391585693],[-39.9087777,-11.3906105999999],[-39.91246941,-11.35636691],[-39.895421895,-11.3485277999999],[-39.8756164,-11.3172519999999],[-39.8624742,-11.3186785999999],[-39.8485707,-11.3503378999999],[-39.787281,-11.4043938],[-39.7641894,-11.4110669],[-39.7556162,-11.4265210999999],[-39.7652295999999,-11.4290824999999],[-39.7609136999999,-11.4468542],[-39.7715087,-11.4663050999999],[-39.7831257999999,-11.4635431999999],[-39.8190539999999,-11.5039576999999],[-39.8259661,-11.4895571],[-39.8388290999999,-11.4949844],[-39.848267,-11.4806692999999],[-39.8602000999999,-11.4915399999999],[-39.8840792,-11.4812322],[-39.92544199,-11.49904701],[-39.9380073899999,-11.4782451049999],[-40.024260107,-11.508145197]]]}},{"type":"Feature","id":"2929354","properties":{"codigoIbge":"2929354","municipio":"São José da Vitória","cpr":"CPR-S","cprs":["CPR-S"],"opm":"62ª CIPM/CAMACAN","opms":["62ª CIPM/CAMACAN"],"cprExato":true,"opmExata":true,"somenteReferencia":false},"geometry":{"type":"Polygon","coordinates":[[[-39.3484809949999,-15.1226551949999],[-39.3691989,-15.1255475],[-39.3993938,-15.1512772999999],[-39.40663,-15.1403764999999],[-39.4030974,-15.0966094999999],[-39.3917628999999,-15.0797127],[-39.4086569999999,-15.0630353999999],[-39.4032827,-15.0505775],[-39.4122328999999,-15.0292911],[-39.404164,-15.0236163],[-39.3848341999999,-15.0268526999999],[-39.3721545999999,-15.0163143999999],[-39.3660958999999,-15.0324964],[-39.328240195,-15.0149264],[-39.320354295,-15.0247561049999],[-39.307347195,-15.021362005],[-39.2817272199999,-15.0498388199999],[-39.29972458,-15.09325288],[-39.3484809949999,-15.1226551949999]]]}},{"type":"Feature","id":"2929255","properties":{"codigoIbge":"2929255","municipio":"São Gabriel","cpr":"CPR-CN","cprs":["CPR-CN"],"opm":"7 BPM/IRECÊ","opms":["7 BPM/IRECÊ"],"cprExato":true,"opmExata":true,"somenteReferencia":false},"geometry":{"type":"Polygon","coordinates":[[[-41.7351743,-11.2211672999999],[-41.8779312999999,-11.2610321],[-41.8758948999999,-11.2691229],[-41.9417424,-11.2282339],[-41.9262687,-11.1817121],[-41.8983621,-11.1285394],[-41.8560275,-11.1158578],[-41.8135275999999,-11.0202722999999],[-41.753103,-10.9400330999999],[-41.7129851999999,-10.9376483999999],[-41.6448726,-10.9126108],[-41.6529879999999,-10.8855821999999],[-41.6719626999999,-10.8691208],[-41.6983493,-10.8958489999999],[-41.6973692999999,-10.8632522999999],[-41.6627587,-10.8112039],[-41.6464986,-10.8521193],[-41.567467,-10.9035339],[-41.5614289,-10.9413180999999],[-41.5398324,-10.9678757],[-41.5091409,-10.9685719999999],[-41.50359,-10.9806093],[-41.4831720999999,-10.9882115],[-41.4489551999999,-10.9739496],[-41.4296085,-10.9853757999999],[-41.4303270999999,-11.0025375],[-41.5254892999999,-11.0919673],[-41.5663526,-11.0972383],[-41.5975065,-11.1222281999999],[-41.5939529,-11.1310159999999],[-41.6068908999999,-11.1450670999999],[-41.6331833,-11.1396298],[-41.6478870999999,-11.168398],[-41.7150793,-11.1950489999999],[-41.7351743,-11.2211672999999]]]}},{"type":"Feature","id":"2914208","properties":{"codigoIbge":"2914208","municipio":"Irajuba","cpr":"CPR-MRC","cprs":["CPR-MRC"],"opm":"93ª CIPM/MARACÁS","opms":["93ª CIPM/MARACÁS"],"cprExato":true,"opmExata":true,"somenteReferencia":false},"geometry":{"type":"Polygon","coordinates":[[[-40.0367386999999,-13.3088246999999],[-40.0618949,-13.3440366999999],[-40.0754578,-13.3336861],[-40.150638,-13.3372335],[-40.1564418,-13.3122223],[-40.1376351,-13.2903494],[-40.1366671,-13.2338670999999],[-40.1534394,-13.1724431],[-40.1687041,-13.1693324999999],[-40.1381215,-13.1473506999999],[-40.147575,-13.1408489],[-40.1520566,-13.1069863999999],[-40.1207158999999,-13.1209125],[-40.0537897,-13.1143749999999],[-40.00983,-13.1438496],[-39.9162909,-13.2370399],[-39.9136854,-13.2590273],[-39.9269317,-13.2855648999999],[-39.9825635,-13.3160040999999],[-39.9822045,-13.3257584999999],[-40.0142223999999,-13.3077203],[-40.0287521,-13.3106721],[-40.0309083,-13.3213433],[-40.0367386999999,-13.3088246999999]]]}},{"type":"Feature","id":"2921054","properties":{"codigoIbge":"2921054","municipio":"Matina","cpr":"CPR-MO","cprs":["CPR-MO"],"opm":"38ª CIPM/BOM JESUS DA LAPA","opms":["38ª CIPM/BOM JESUS DA LAPA"],"cprExato":true,"opmExata":true,"somenteReferencia":false},"geometry":{"type":"Polygon","coordinates":[[[-42.7800379999999,-13.8976362],[-42.8146485,-13.9764650999999],[-42.8939235,-13.9449193999999],[-42.9175906,-13.9573470999999],[-42.9547418,-13.9563621],[-42.9805727999999,-13.9410559999999],[-42.9939193,-13.9433533],[-43.0340914,-13.9163831999999],[-43.1044735999999,-13.9317136],[-43.1331321,-13.8876160999999],[-43.1387870999999,-13.8448243],[-43.1262116,-13.8316371999999],[-43.1084006,-13.830181],[-43.1158703,-13.8202661],[-43.0935653999999,-13.7847030999999],[-43.061386,-13.7791283999999],[-43.0549626,-13.7592357],[-43.0285934999999,-13.7341943],[-42.9436962999999,-13.7529704999999],[-42.7724532,-13.7465448],[-42.7801562999999,-13.8560461],[-42.7906254,-13.8731342],[-42.7800379999999,-13.8976362]]]}},{"type":"Feature","id":"2906006","properties":{"codigoIbge":"2906006","municipio":"Campo Formoso","cpr":"CPR-N","cprs":["CPR-N"],"opm":"54ª CIPM/CAMPO FORMOSO","opms":["54ª CIPM/CAMPO FORMOSO"],"cprExato":true,"opmExata":true,"somenteReferencia":false},"geometry":{"type":"Polygon","coordinates":[[[-40.59566,-10.6835063999999],[-40.7470891999999,-10.6336453],[-40.7642921999999,-10.5916607],[-40.7995733,-10.6079895],[-40.8165908999999,-10.592499],[-40.8786645,-10.590636],[-40.9125845999999,-10.6077875999999],[-40.9346892999999,-10.6052847],[-40.9158227999999,-10.5633295],[-40.9221057,-10.5584941],[-40.9039162,-10.5444934],[-40.8952128,-10.5510479],[-40.8724324,-10.5005447],[-40.8836999,-10.4944351],[-40.900452,-10.5175128999999],[-40.9418411,-10.5093001999999],[-40.9460478999999,-10.4863215],[-40.9663063,-10.4762861999999],[-40.9671637,-10.4514389],[-41.0020896,-10.4512859],[-41.0146278999999,-10.4328396],[-41.0259761999999,-10.4339247999999],[-41.0383262,-10.4513999],[-41.1069355999999,-10.4666632],[-41.1752073,-10.4302321],[-41.218015,-10.4565818999999],[-41.2508104999999,-10.4282444999999],[-41.2561947,-10.3617788],[-41.2656828999999,-10.3458418999999],[-41.2771488,-10.3455177],[-41.2427357999999,-10.3232566],[-41.2385846999999,-10.3000560999999],[-41.2130893,-10.2918735],[-41.2056388999999,-10.2746468999999],[-41.1749282,-10.2592766],[-41.1440004999999,-10.2230026999999],[-41.1714287999999,-10.1962837],[-41.1576264,-10.1566536],[-41.1669481,-10.1299703],[-41.1599878,-10.1097536999999],[-41.1795215999999,-10.1035004999999],[-41.1973998999999,-10.0631569],[-41.169002,-10.0317540999999],[-41.1694042999999,-10.0140342999999],[-41.2531506999999,-9.97941319999995],[-41.2537636,-9.94440649999996],[-41.2366150999999,-9.94351379999995],[-41.2365248,-9.92625829999997],[-41.2257423999999,-9.93016439999997],[-41.2202871,-9.92209969999993],[-41.2140161999999,-9.95566439999993],[-41.1821686,-9.95566399999996],[-41.1351567,-9.92191889999998],[-41.1226277,-9.92629859999994],[-41.1118379,-9.90628799999996],[-41.1035208,-9.91802959999995],[-41.1055208,-9.94348459999998],[-41.0835397,-9.94585869999997],[-41.0577703,-9.91581589999993],[-41.0381039,-9.92687829999994],[-40.9967917,-9.88611819999994],[-40.9887682,-9.89775369999995],[-40.9445661999999,-9.88127799999995],[-40.9431157999999,-9.91466519999994],[-40.9244204,-9.89678529999998],[-40.8938324,-9.91482159999993],[-40.8399019999999,-9.86137079999997],[-40.831628,-9.86447069999997],[-40.8236901999999,-9.83633499999996],[-40.8165779999999,-9.87168439999994],[-40.6433309,-9.88680389999996],[-40.5027421999999,-9.97115449999995],[-40.4121828,-9.97351269999996],[-40.3835096,-9.94430199999994],[-40.3163865999999,-9.90790089999996],[-40.3138767,-9.92967039999996],[-40.3290383,-9.95909819999997],[-40.3189303999999,-9.98099989999997],[-40.3284504,-10.0136201999999],[-40.3466243,-10.0383929],[-40.3887834,-10.0621502999999],[-40.3942375999999,-10.0856873],[-40.4129483,-10.0967927999999],[-40.4172159,-10.1106703],[-40.3708966,-10.1407915],[-40.3510049,-10.1130557],[-40.2992503999999,-10.1283981999999],[-40.2812469,-10.1422661],[-40.2761373,-10.1683818999999],[-40.2480343,-10.2017971999999],[-40.2553559999999,-10.2275519999999],[-40.2412618,-10.2421727],[-40.247632,-10.2608938999999],[-40.227279,-10.3096755999999],[-40.2367637,-10.3426076],[-40.2310859,-10.3735288999999],[-40.2509501,-10.3847365999999],[-40.2498942,-10.4051926999999],[-40.2430868,-10.4054767],[-40.2511658999999,-10.436659],[-40.2367126999999,-10.4699949],[-40.2756644,-10.5049025],[-40.2850654,-10.5248126],[-40.3849360999999,-10.5453492],[-40.4583908,-10.5784568999999],[-40.5464019,-10.6623200999999],[-40.59566,-10.6835063999999]]]}},{"type":"Feature","id":"2913507","properties":{"codigoIbge":"2913507","municipio":"Iguaí","cpr":"CPR-S","cprs":["CPR-S"],"opm":"8ª CIPM/ITAPETINGA","opms":["8ª CIPM/ITAPETINGA"],"cprExato":true,"opmExata":true,"somenteReferencia":false},"geometry":{"type":"Polygon","coordinates":[[[-40.0330450929999,-14.7463945069999],[-40.01493909,-14.78728081],[-40.0246591929999,-14.818596393],[-40.0851961,-14.769511],[-40.112379,-14.7869362],[-40.136723,-14.7585748],[-40.1518962,-14.764553],[-40.2081570999999,-14.7424602],[-40.2074446,-14.7039477],[-40.2290824,-14.6449631999999],[-40.2100315,-14.6154653999999],[-40.215523,-14.6014185],[-40.1995193999999,-14.5419752],[-40.1915453999999,-14.5400164],[-40.1878960999999,-14.5136484999999],[-40.1745008,-14.5095709],[-40.1659807,-14.479073],[-40.119474,-14.4895634],[-40.1054397,-14.5202702],[-40.0592632999999,-14.5398079999999],[-40.0497417,-14.5270351],[-40.0329677999999,-14.5381399],[-40.0105245,-14.5314576],[-39.9827079999999,-14.4925943],[-39.9630774,-14.4828565],[-39.8731351,-14.5910180999999],[-39.8996518,-14.6409462],[-39.9001835999999,-14.6704098],[-39.9404165,-14.6864246],[-39.9522615,-14.6679890999999],[-39.9806475999999,-14.6941598999999],[-39.9791882,-14.7166591],[-40.0224388,-14.7310524],[-40.0330450929999,-14.7463945069999]]]}},{"type":"Feature","id":"2929305","properties":{"codigoIbge":"2929305","municipio":"São Gonçalo dos Campos","cpr":"CPR-L","cprs":["CPR-L"],"opm":"67ª CIPM/FEIRA DE SANTANA","opms":["67ª CIPM/FEIRA DE SANTANA"],"cprExato":true,"opmExata":true,"somenteReferencia":false},"geometry":{"type":"Polygon","coordinates":[[[-38.8381605,-12.4087747],[-38.8519426999999,-12.4837826999999],[-38.8340598,-12.4921361999999],[-38.8378661,-12.5134027],[-38.8774337,-12.5106608999999],[-38.9057086999999,-12.4972170999999],[-38.8979373999999,-12.4887201],[-38.9132878999999,-12.4804925],[-38.9212970999999,-12.4945653999999],[-38.9685226,-12.4704991999999],[-39.0080037,-12.4718349999999],[-39.0231575999999,-12.4420117999999],[-39.0524518999999,-12.4466591999999],[-39.0615498,-12.4212213],[-39.0534565999999,-12.4101439],[-39.0378047,-12.4183571],[-39.0103286,-12.3923862],[-39.0246971999999,-12.3542057],[-39.0012316,-12.3411656],[-38.9963569999999,-12.3111484],[-38.9560567,-12.3009097999999],[-38.9079727,-12.3861932999999],[-38.8381605,-12.4087747]]]}},{"type":"Feature","id":"2921104","properties":{"codigoIbge":"2921104","municipio":"Medeiros Neto","cpr":"CPR-ES","cprs":["CPR-ES"],"opm":"44ª CIPM/MEDEIROS NETO","opms":["44ª CIPM/MEDEIROS NETO"],"cprExato":true,"opmExata":true,"somenteReferencia":false},"geometry":{"type":"Polygon","coordinates":[[[-40.0996514,-17.4573334999999],[-40.1036978,-17.4438655],[-40.1714501,-17.4495004],[-40.1714737999999,-17.4359656],[-40.1806536,-17.4317435999999],[-40.2066230999999,-17.4410136999999],[-40.2182184,-17.4349824],[-40.2250791,-17.4067056],[-40.3134661,-17.4155051999999],[-40.3271397,-17.395638],[-40.3396473,-17.4061874999999],[-40.3547664,-17.4518227999999],[-40.3915344,-17.4533329999999],[-40.4140527,-17.4651577999999],[-40.426545,-17.488277],[-40.4395565999999,-17.4836068],[-40.463315,-17.4994383],[-40.4954392,-17.4867315999999],[-40.5209414,-17.4583486],[-40.5205789999999,-17.4448113],[-40.5541590999999,-17.4355679],[-40.5700816999999,-17.4158914999999],[-40.5975065,-17.4206333],[-40.6234751,-17.4059806999999],[-40.5986644,-17.3896364999999],[-40.6057939999999,-17.3599674],[-40.5927270999999,-17.3454730999999],[-40.6090252,-17.3269683999999],[-40.5948417,-17.3235647999999],[-40.563249,-17.28937],[-40.427767,-17.2653005999999],[-40.3948779,-17.2691674],[-40.3729329,-17.2580508],[-40.357493,-17.2653789],[-40.2981171,-17.2596846],[-40.2813642,-17.2465913],[-40.2177596999999,-17.2472523],[-40.1968021,-17.2295874],[-40.1635476,-17.2491166999999],[-40.0985195,-17.2560703],[-40.0767173,-17.2735362],[-40.0770074,-17.2601655999999],[-40.064473,-17.2630710999999],[-40.0458336999999,-17.3091889],[-40.0173698999999,-17.3254855],[-39.9991355,-17.3670351],[-39.9691316,-17.3829373],[-39.9334011,-17.4337621],[-39.9361193999999,-17.4648306],[-39.9670136999999,-17.4581777],[-39.9774681,-17.4662326],[-40.0173986999999,-17.465225],[-40.0315348999999,-17.4785436999999],[-40.0484913,-17.4743007],[-40.0593395999999,-17.4527904999999],[-40.067845,-17.4612994999999],[-40.0996514,-17.4573334999999]]]}},{"type":"Feature","id":"2905305","properties":{"codigoIbge":"2905305","municipio":"Cafarnaum","cpr":"CPR-CN","cprs":["CPR-CN"],"opm":"3ª CIPM/MORRO DO CHAPÉU","opms":["3ª CIPM/MORRO DO CHAPÉU"],"cprExato":true,"opmExata":true,"somenteReferencia":false},"geometry":{"type":"Polygon","coordinates":[[[-41.3932067,-11.7652553],[-41.420667293,-11.8682716069999],[-41.58823491,-11.8567275],[-41.6223409999999,-11.8324082],[-41.5891215,-11.6691714],[-41.592585,-11.6084817999999],[-41.5872249999999,-11.5994694999999],[-41.5744996999999,-11.6047902],[-41.5794657,-11.5918887999999],[-41.5621978,-11.5801303],[-41.5580917,-11.5587735999999],[-41.4351713,-11.6355321],[-41.3644967,-11.6966538],[-41.3816069,-11.7543097999999],[-41.3932067,-11.7652553]]]}},{"type":"Feature","id":"2913606","properties":{"codigoIbge":"2913606","municipio":"Ilhéus","cpr":"CPR-S","cprs":["CPR-S"],"opm":"68, 69 E 70ª CIPM/ILHÉUS","opms":["68, 69 E 70ª CIPM/ILHÉUS"],"cprExato":true,"opmExata":true,"somenteReferencia":false},"geometry":{"type":"MultiPolygon","coordinates":[[[[-39.0173768,-14.7707447],[-39.0179127,-14.7693776999999],[-39.0172264,-14.7687885999999],[-39.0173768,-14.7707447]]],[[[-39.0155776999999,-14.7711277999999],[-39.0157250999999,-14.7701633999999],[-39.0152578,-14.7709852999999],[-39.0155776999999,-14.7711277999999]]],[[[-38.9983912,-14.9797798],[-38.9978260999999,-14.9799143],[-38.9986974,-14.9810218],[-38.9983912,-14.9797798]]],[[[-39.0149461999999,-14.7907582999999],[-39.0153986,-14.7897232],[-39.0140812999999,-14.7900953],[-39.0149461999999,-14.7907582999999]]],[[[-39.0154646999999,-14.7715741],[-39.0155635,-14.7713383],[-39.0154764,-14.7713214999999],[-39.0154646999999,-14.7715741]]],[[[-38.9960877999999,-15.0779884],[-39.0087619999999,-15.0963869999999],[-39.0190984,-15.0899987999999],[-39.0414754999999,-15.1107949],[-39.0629395999999,-15.1122841],[-39.0699023,-15.0963422999999],[-39.0826018,-15.0968224],[-39.0815668,-15.0800561999999],[-39.1193084999999,-15.0570885],[-39.1281238,-15.0377455],[-39.1588313999999,-15.0588296999999],[-39.1704245,-15.0231279],[-39.2044139999999,-15.0024025],[-39.2205877,-14.9467918999999],[-39.210253915,-14.897236295],[-39.2053157899999,-14.907625605],[-39.1956029049999,-14.906990295],[-39.2010352,-14.8946822999999],[-39.1936702099999,-14.905277785],[-39.1902709899999,-14.89998151],[-39.20515519,-14.8843760949999],[-39.220117095,-14.885034295],[-39.2231331899999,-14.8716599049999],[-39.2039821,-14.8498167],[-39.2357011,-14.8482286],[-39.24056,-14.8577877999999],[-39.244067,-14.753678],[-39.2617915,-14.7557858],[-39.2907789,-14.6928885999999],[-39.404397,-14.628297],[-39.4496961999999,-14.6128259999999],[-39.5110668,-14.5476368999999],[-39.550592497,-14.5617583019999],[-39.5121215949999,-14.48329969],[-39.514397705,-14.456214995],[-39.490181407,-14.419642193],[-39.364292607,-14.450181593],[-39.3720737849999,-14.478840695],[-39.3902773899999,-14.4937819799999],[-39.38209749,-14.4983946099999],[-39.3861963099999,-14.5082106099999],[-39.399377815,-14.5162837899999],[-39.3919036099999,-14.5230645999999],[-39.381379105,-14.5145720849999],[-39.400884095,-14.5543896049999],[-39.3603562,-14.5742670999999],[-39.3646361999999,-14.6093935],[-39.3524945999999,-14.6259473],[-39.2721453,-14.6380273999999],[-39.194498,-14.6099326],[-39.1766646999999,-14.5687315],[-39.1393575,-14.541129],[-39.1452542,-14.5298958999999],[-39.0736512,-14.5202560999999],[-39.0417176999999,-14.4981569],[-39.0350941999999,-14.531552],[-39.0628983,-14.6336755],[-39.0634343,-14.7359418999999],[-39.0545609,-14.7773708],[-39.0274155,-14.7830059999999],[-39.0187066999999,-14.9201762],[-38.9975904999999,-14.9867163],[-38.9960877999999,-15.0779884]]]]}},{"type":"Feature","id":"2905404","properties":{"codigoIbge":"2905404","municipio":"Cairu","cpr":"CPR-R","cprs":["CPR-R"],"opm":"31 BPM/VALENÇA","opms":["31 BPM/VALENÇA"],"cprExato":true,"opmExata":true,"somenteReferencia":false},"geometry":{"type":"MultiPolygon","coordinates":[[[[-38.9645677999999,-13.6772652999999],[-38.9635287,-13.6758141999999],[-38.9638955,-13.6773484],[-38.9645677999999,-13.6772652999999]]],[[[-38.9243840999999,-13.6584531],[-38.9685363,-13.6721137],[-38.9700017,-13.6415555999999],[-38.9840108,-13.6283197999999],[-38.9789842,-13.6140430999999],[-39.0056944,-13.5756941999999],[-39.0283087999999,-13.5858021],[-39.0576237999999,-13.5812716999999],[-39.0637652,-13.5678586],[-39.0890345,-13.5560596],[-39.0919699999999,-13.5294238],[-39.071334,-13.4932845],[-39.0703839,-13.4539422],[-39.0417439,-13.3884307],[-39.02672,-13.3768727999999],[-38.9891428,-13.3720936999999],[-38.9462404,-13.3989233],[-38.9159463,-13.3739070999999],[-38.9046655999999,-13.3864156999999],[-38.9056232999999,-13.4272645999999],[-38.8912025,-13.4550305999999],[-38.9161799,-13.4766045],[-38.9110064,-13.4950893999999],[-38.9263478999999,-13.5150446],[-38.9333736999999,-13.5631951],[-38.9017507999999,-13.5997897],[-38.9066908,-13.6196715],[-38.89147,-13.652791],[-38.9147384999999,-13.6758007999999],[-38.9243840999999,-13.6584531]]],[[[-38.9465319999999,-13.3867134999999],[-38.9463822,-13.3849855],[-38.9455457,-13.3848902999999],[-38.9465319999999,-13.3867134999999]]],[[[-38.9038801,-13.3807226],[-38.9035592,-13.3795286],[-38.9034098999999,-13.3805773999999],[-38.9038801,-13.3807226]]]]}},{"type":"Feature","id":"2921450","properties":{"codigoIbge":"2921450","municipio":"Mirante","cpr":"CPR-SO","cprs":["CPR-SO"],"opm":"79ª CIPM/POÇÕES","opms":["79ª CIPM/POÇÕES"],"cprExato":true,"opmExata":true,"somenteReferencia":false},"geometry":{"type":"Polygon","coordinates":[[[-40.4923686,-14.2202356999999],[-40.4704783999999,-14.2358872999999],[-40.4655112,-14.2657174],[-40.4540703,-14.2570039999999],[-40.4181841,-14.2721779999999],[-40.3879056,-14.2657427999999],[-40.3919587999999,-14.2846628999999],[-40.4124353999999,-14.2814255],[-40.4331918,-14.2983260999999],[-40.4451109,-14.2943119999999],[-40.4885149,-14.3179066],[-40.5052221,-14.3376466],[-40.5406695,-14.3172734],[-40.6350212,-14.2989976],[-40.6766906,-14.3303599999999],[-40.6774545,-14.3093185],[-40.8225386,-14.2525458],[-40.8719194999999,-14.21557],[-41.0107412999999,-14.1600359999999],[-41.0382610999999,-14.1613222],[-41.0396572999999,-14.1433928],[-41.024119,-14.1431972],[-41.0145831,-14.13141],[-41.024778,-14.1202747],[-41.0258464,-14.0948915999999],[-41.0147162,-14.0881166],[-41.0227841999999,-14.0727042999999],[-40.9998361999999,-14.0676053999999],[-41.0160979999999,-14.0519803999999],[-40.9782437,-14.0251987999999],[-41.0015663,-14.0089421],[-40.9795693,-13.9794365],[-40.9823850999999,-13.9462619],[-40.9600283,-13.9380952999999],[-40.9630276,-13.921061],[-40.9497679,-13.9063087],[-40.9463213999999,-13.9553548],[-40.9341861,-13.9614819],[-40.9316793,-13.9815283999999],[-40.8864715999999,-13.9840067],[-40.8611142999999,-14.0247436],[-40.8690733999999,-14.0314167999999],[-40.6873509,-14.1190516999999],[-40.6787308999999,-14.1456656],[-40.6513624999999,-14.1399741999999],[-40.5755564999999,-14.1798562],[-40.4887742,-14.2021349999999],[-40.4923686,-14.2202356999999]]]}},{"type":"Feature","id":"2913408","properties":{"codigoIbge":"2913408","municipio":"Igaporã","cpr":"CPR-MO","cprs":["CPR-MO"],"opm":"38ª CIPM/BOM JESUS DA LAPA","opms":["38ª CIPM/BOM JESUS DA LAPA"],"cprExato":true,"opmExata":true,"somenteReferencia":false},"geometry":{"type":"Polygon","coordinates":[[[-42.5565448999999,-13.9460571],[-42.7998502999999,-14.0371731999999],[-42.8126995,-14.0187529999999],[-42.8589201999999,-14.0191887],[-42.9516125,-13.9568762],[-42.9175906,-13.9573470999999],[-42.8939235,-13.9449193999999],[-42.807605,-13.9740242],[-42.7800379999999,-13.8976362],[-42.7906254,-13.8731342],[-42.7801562999999,-13.8560461],[-42.7707583,-13.6559425],[-42.7523997,-13.6335218999999],[-42.7375585999999,-13.6315023],[-42.7284319999999,-13.642648],[-42.7048222999999,-13.6330996999999],[-42.6889990999999,-13.6806348],[-42.6641293,-13.7009404999999],[-42.6511949,-13.7377448],[-42.6068895,-13.7613127],[-42.5874772999999,-13.8347117],[-42.5675006,-13.8445356999999],[-42.55294,-13.8840071999999],[-42.523651,-13.8984636],[-42.5112111,-13.9205971],[-42.5565448999999,-13.9460571]]]}},{"type":"Feature","id":"2929701","properties":{"codigoIbge":"2929701","municipio":"Sátiro Dias","cpr":"CPR-LN","cprs":["CPR-LN"],"opm":"4 BPM/ALAGOINHAS","opms":["4 BPM/ALAGOINHAS"],"cprExato":true,"opmExata":true,"somenteReferencia":false},"geometry":{"type":"Polygon","coordinates":[[[-38.4343784,-11.7243791999999],[-38.5420683999999,-11.7545314],[-38.6129129999999,-11.7082798],[-38.6292344,-11.7082033999999],[-38.6399388999999,-11.6932265],[-38.6742408,-11.6929087],[-38.7817914999999,-11.3653914999999],[-38.7741465,-11.3563554999999],[-38.6219629999999,-11.4110112],[-38.6434902,-11.4101803],[-38.6645306,-11.4308],[-38.5708971,-11.4637327999999],[-38.57086,-11.4917902999999],[-38.5564841,-11.4846104],[-38.5046932,-11.4886994],[-38.452418,-11.5149663999999],[-38.4558908999999,-11.523176],[-38.4273117,-11.5445066],[-38.4046653999999,-11.5357574],[-38.3975232999999,-11.5574129],[-38.4254357,-11.5658261],[-38.4250062,-11.5933406999999],[-38.4422259999999,-11.6068832999999],[-38.441247,-11.6337037],[-38.4272769,-11.6496420999999],[-38.4343784,-11.7243791999999]]]}},{"type":"Feature","id":"2905206","properties":{"codigoIbge":"2905206","municipio":"Caetité","cpr":"CPR-MO","cprs":["CPR-MO"],"opm":"94ª CIPM/CAETITÉ","opms":["94ª CIPM/CAETITÉ"],"cprExato":true,"opmExata":true,"somenteReferencia":false},"geometry":{"type":"Polygon","coordinates":[[[-42.5242349,-14.409748],[-42.5344713,-14.3704624],[-42.5668717,-14.3369301999999],[-42.6196123,-14.2964876],[-42.5920313,-14.2721304999999],[-42.5982566,-14.2489568],[-42.5815918,-14.2168004],[-42.5809353,-14.1993113999999],[-42.5980008,-14.1760434],[-42.5997000999999,-14.1417837999999],[-42.6294321999999,-14.1398574999999],[-42.6762949,-14.1168612],[-42.6888015,-14.1075486],[-42.697122,-14.0775189],[-42.7203021999999,-14.1037436],[-42.772296,-14.0830708999999],[-42.7998463,-14.0372002999999],[-42.5565448999999,-13.9460571],[-42.5112111,-13.9205971],[-42.523651,-13.8984636],[-42.55294,-13.8840071999999],[-42.5675006,-13.8445356999999],[-42.5874772999999,-13.8347117],[-42.6068895,-13.7613127],[-42.6458814,-13.7435618],[-42.6641293,-13.7009404999999],[-42.6889990999999,-13.6806348],[-42.7085134,-13.6228374],[-42.7244044999999,-13.6034359999999],[-42.7196944999999,-13.5627375999999],[-42.6998249,-13.5658531],[-42.6904509999999,-13.6016233],[-42.6714602,-13.6270221999999],[-42.6383845,-13.6248651999999],[-42.6337588,-13.6115306999999],[-42.6073491999999,-13.6026997],[-42.5923061999999,-13.6114196],[-42.5771528999999,-13.5952829],[-42.5584944,-13.6533143999999],[-42.5480135,-13.6478367999999],[-42.5353570999999,-13.6550377999999],[-42.5403214,-13.674186],[-42.4786215999999,-13.6785502999999],[-42.4584533999999,-13.6654149999999],[-42.4140662,-13.6682413999999],[-42.3783508,-13.7002062999999],[-42.3466839,-13.694543],[-42.3577122,-13.6718582999999],[-42.3488733999999,-13.6634529],[-42.3542280999999,-13.6568119],[-42.3597224,-13.6298017999999],[-42.3584140999999,-13.6262912],[-42.3353048,-13.6238951999999],[-42.3357147,-13.6097101999999],[-42.3146512,-13.6158474],[-42.3091595,-13.6018584999999],[-42.2798462,-13.6101265999999],[-42.2756972999999,-13.6243304],[-42.2661894999999,-13.6254162],[-42.2712504,-13.6099972],[-42.2611517,-13.6105502],[-42.259473,-13.6001752999999],[-42.2431966,-13.6400998999999],[-42.2331113,-13.6307624999999],[-42.2164418,-13.6579996],[-42.2073277,-13.6550328],[-42.1914806999999,-13.6688958999999],[-42.1792138,-13.6598296999999],[-42.1475124999999,-13.6696319],[-42.1268987999999,-13.7007624],[-42.1707929999999,-13.6932520999999],[-42.2212559,-13.7000052999999],[-42.3388257999999,-13.7690673],[-42.2855180999999,-13.7855455],[-42.2716925,-13.8052754999999],[-42.2467139,-13.8038357],[-42.2369030999999,-13.8307659999999],[-42.2104988,-13.8526021],[-42.1743724999999,-13.8452290999999],[-42.1519367,-13.8607006],[-42.1822349999999,-13.8686117],[-42.2222288999999,-13.9091956],[-42.2717723,-13.8883074],[-42.3592525999999,-13.9102521999999],[-42.3485509999999,-13.930064],[-42.3666512,-13.9444128],[-42.3607838,-13.9782888999999],[-42.3763147999999,-13.990011],[-42.352408,-14.0954144999999],[-42.3471635,-14.1954608999999],[-42.4436297,-14.3112057],[-42.4333116999999,-14.3275831],[-42.4923431,-14.3766408],[-42.5136558,-14.3816758],[-42.5242349,-14.409748]]]}},{"type":"Feature","id":"2921500","properties":{"codigoIbge":"2921500","municipio":"Monte Santo","cpr":"CPR-NE","cprs":["CPR-NE"],"opm":"7ª CIPM/MONTE SANTO","opms":["7ª CIPM/MONTE SANTO"],"cprExato":true,"opmExata":true,"somenteReferencia":false},"geometry":{"type":"Polygon","coordinates":[[[-39.2767828999999,-10.6827996],[-39.2704143,-10.6778869],[-39.3677137,-10.6548736999999],[-39.4326058,-10.6192927999999],[-39.4783487,-10.5685038],[-39.5294739999999,-10.5700436999999],[-39.5543278,-10.5817916999999],[-39.5940186999999,-10.5538291999999],[-39.64518,-10.5430545999999],[-39.7681926999999,-10.5385724999999],[-39.7561678,-10.5050532],[-39.7649501,-10.4977120999999],[-39.7636608,-10.4777154999999],[-39.7559037999999,-10.4733646999999],[-39.7528209,-10.4400264],[-39.7312995,-10.4099211999999],[-39.7393173,-10.3490461],[-39.7138995999999,-10.3185283],[-39.7168462999999,-10.2774558999999],[-39.7442512,-10.2427815999999],[-39.7286574999999,-10.1156025],[-39.7373846,-10.0643889999999],[-39.6536326999999,-10.1000698],[-39.6365656999999,-10.1213847999999],[-39.5886331999999,-10.1250646999999],[-39.5597018,-10.1067682],[-39.5643401999999,-10.1217412999999],[-39.5543536,-10.1518440999999],[-39.5351514,-10.1556754],[-39.5257417,-10.1884332],[-39.4549001999999,-10.1723668999999],[-39.3714093,-10.1717752],[-39.3222574,-10.1965119],[-39.3242296999999,-10.1881303],[-39.2355403,-10.1943345],[-39.2282973,-10.2258712999999],[-39.1854125999999,-10.2547521999999],[-39.1678067999999,-10.2977989999999],[-39.1830835,-10.3147875999999],[-39.1704700999999,-10.3196012],[-39.1429987999999,-10.4047596],[-39.1498511999999,-10.4265695],[-39.1597007999999,-10.4181616999999],[-39.1902021999999,-10.4265933],[-39.1520101999999,-10.4511545999999],[-39.1472989,-10.4838392999999],[-39.1564076999999,-10.5565318],[-39.1651517,-10.5734864999999],[-39.1815175,-10.5810410999999],[-39.1805806,-10.59325],[-39.1971288,-10.5841518999999],[-39.220811,-10.5962322],[-39.2384317,-10.618503],[-39.2363781999999,-10.6362220999999],[-39.2530454,-10.6605567999999],[-39.2471806,-10.6659591],[-39.2592827,-10.6698337],[-39.2714640999999,-10.6968555999999],[-39.2767828999999,-10.6827996]]]}},{"type":"Feature","id":"2913457","properties":{"codigoIbge":"2913457","municipio":"Igrapiúna","cpr":"CPR-R","cprs":["CPR-R"],"opm":"31 BPM/VALENÇA","opms":["31 BPM/VALENÇA"],"cprExato":true,"opmExata":true,"somenteReferencia":false},"geometry":{"type":"Polygon","coordinates":[[[-39.3288949,-13.9421672999999],[-39.3586433999999,-14.0328526],[-39.3553545,-14.0458947999999],[-39.3687267,-14.0493132],[-39.3732223,-14.0320952],[-39.384,-14.0363171],[-39.3828634,-14.0270461],[-39.4043528,-14.0236616],[-39.412747,-14.0087700999999],[-39.4042992,-13.9872086999999],[-39.3912091,-13.9909734],[-39.3970791,-13.9657779],[-39.3753349,-13.9157089],[-39.4007798,-13.9094673],[-39.3848374,-13.9042324],[-39.356236,-13.835594],[-39.3324628,-13.8264353],[-39.2831004,-13.8451762999999],[-39.2578637999999,-13.8413720999999],[-39.2535995,-13.8129311],[-39.1814133999999,-13.8005123999999],[-39.1760513,-13.7849901],[-39.1575038999999,-13.7822040999999],[-39.1490913,-13.7517506],[-39.1251091,-13.7179393],[-39.1127572999999,-13.7210127],[-39.1013930999999,-13.7492128],[-39.0708781,-13.7597352],[-39.0307915,-13.8374398999999],[-38.9678479999999,-13.8487542],[-39.0022938,-13.8782353999999],[-39.0171573,-13.9050882999999],[-39.0430537999999,-13.9177630999999],[-39.0700974,-13.9150109],[-39.0841101,-13.8924029],[-39.1274698,-13.885325],[-39.1669466,-13.8935504999999],[-39.1792462999999,-13.9184164],[-39.202214,-13.9118384],[-39.2279915999999,-13.9365266],[-39.2706426999999,-13.9382548],[-39.2832586,-13.9486006999999],[-39.280546,-13.9348949999999],[-39.295039,-13.9326012],[-39.3018944,-13.9492453],[-39.3288949,-13.9421672999999]]]}},{"type":"Feature","id":"2929503","properties":{"codigoIbge":"2929503","municipio":"São Sebastião do Passé","cpr":"CPRMS","cprs":["CPRMS"],"opm":"26 BPM/CANDEIAS","opms":["26 BPM/CANDEIAS"],"cprExato":true,"opmExata":true,"somenteReferencia":false},"geometry":{"type":"Polygon","coordinates":[[[-38.3928397999999,-12.6073974],[-38.4045851,-12.5969140999999],[-38.4302433999999,-12.6100038],[-38.4536026,-12.6017854999999],[-38.4651698,-12.6114863999999],[-38.4858244,-12.5887592999999],[-38.546454,-12.613852],[-38.5607333,-12.6302332999999],[-38.5793368,-12.6318388999999],[-38.6208359,-12.5542541],[-38.6470571999999,-12.5673050999999],[-38.6400654999999,-12.4755504],[-38.6115116999999,-12.4967895999999],[-38.5621993,-12.4224712999999],[-38.5408763,-12.4114939],[-38.5383616,-12.4213023],[-38.5154846,-12.4136237],[-38.5027415,-12.4276161],[-38.4890159,-12.4122434999999],[-38.4603238,-12.4174743],[-38.4462316999999,-12.4318736],[-38.4032885,-12.4228279],[-38.3635791999999,-12.4469791],[-38.3374525,-12.4511448],[-38.3848321,-12.4826120999999],[-38.3667781999999,-12.5093264],[-38.3682415,-12.5233531],[-38.3853314999999,-12.5448367],[-38.4087972999999,-12.550087],[-38.3870305,-12.5561614],[-38.3676055,-12.5854512],[-38.3717055,-12.5994522],[-38.3928397999999,-12.6073974]]]}},{"type":"Feature","id":"2921302","properties":{"codigoIbge":"2921302","municipio":"Milagres","cpr":"CPR-R","cprs":["CPR-R"],"opm":"99ª CIPM/AMARGOSA","opms":["99ª CIPM/AMARGOSA"],"cprExato":true,"opmExata":true,"somenteReferencia":false},"geometry":{"type":"Polygon","coordinates":[[[-39.7160876,-12.8655596999999],[-39.6787497999999,-12.8872592],[-39.6661149,-12.9154602999999],[-39.6574666,-12.9097811],[-39.6598878999999,-12.9269055],[-39.6475023,-12.9180388999999],[-39.6496911,-12.9278515999999],[-39.6376761999999,-12.9301548],[-39.6687216999999,-12.9535106],[-39.6660232,-12.9767469],[-39.6882682,-12.9999101999999],[-39.7108256999999,-12.9761349],[-39.7470544,-13.0129064],[-39.7553849999999,-12.9998110999999],[-39.7804060999999,-12.9948888],[-39.7832543,-12.9825198999999],[-39.815311,-12.9800761],[-39.8168156,-12.9721307999999],[-39.8496213999999,-12.9640697999999],[-39.8768438,-12.9365485],[-39.8863163999999,-12.9430447],[-39.8984212999999,-12.9353621],[-39.8998045,-12.8746444999999],[-39.9281212999999,-12.8170832],[-39.8941955999999,-12.7533925],[-39.8148512,-12.8335741],[-39.7991653,-12.841242],[-39.7903032999999,-12.8269908],[-39.7715666,-12.8542763999999],[-39.7274652,-12.8769852],[-39.7160876,-12.8655596999999]]]}},{"type":"Feature","id":"2929602","properties":{"codigoIbge":"2929602","municipio":"Sapeaçu","cpr":"CPR-R","cprs":["CPR-R"],"opm":"27ª CIPM/CRUZ DAS ALMAS","opms":["27ª CIPM/CRUZ DAS ALMAS"],"cprExato":true,"opmExata":true,"somenteReferencia":false},"geometry":{"type":"Polygon","coordinates":[[[-39.2490516999999,-12.7825908999999],[-39.2490751,-12.7709449],[-39.2725783,-12.7441320999999],[-39.2601493999999,-12.7203102],[-39.2654636999999,-12.6935826],[-39.228784,-12.6806301999999],[-39.2318056,-12.6552063999999],[-39.211583,-12.6486748999999],[-39.1411674999999,-12.723828],[-39.1445636,-12.7412345999999],[-39.1652346,-12.7588145999999],[-39.1915074999999,-12.7536464999999],[-39.2197022,-12.7870308999999],[-39.2238988,-12.8100603999999],[-39.2490516999999,-12.7825908999999]]]}},{"type":"Feature","id":"2921401","properties":{"codigoIbge":"2921401","municipio":"Mirangaba","cpr":"CPR-CH","cprs":["CPR-CH"],"opm":"29 BPM/JACOBINA","opms":["29 BPM/JACOBINA"],"cprExato":true,"opmExata":true,"somenteReferencia":false},"geometry":{"type":"Polygon","coordinates":[[[-40.4754773999999,-10.9228252999999],[-40.4909671999999,-10.9406008],[-40.472391,-10.9640147],[-40.4662757,-10.9541098999999],[-40.4576026999999,-10.9582109999999],[-40.4817272,-11.0493994],[-40.5293081999999,-11.0155181],[-40.548126,-11.0190360999999],[-40.5846187,-10.9903267999999],[-40.687899,-10.9419364999999],[-40.7159503999999,-10.9524056],[-40.7212911999999,-10.9369589999999],[-40.7066335,-10.9177644],[-40.7559060999999,-10.8845150999999],[-40.7705187999999,-10.8560084],[-40.7985671,-10.8463705999999],[-40.8359515999999,-10.7916054999999],[-40.8897904999999,-10.8024533999999],[-41.006186,-10.7299464],[-41.1009758,-10.7132844],[-41.0811631,-10.6957295],[-41.0797355,-10.6759203999999],[-41.1135237999999,-10.6755635],[-41.115011,-10.666819],[-41.1109992999999,-10.6576679999999],[-40.940613,-10.6009544999999],[-40.9125845999999,-10.6077875999999],[-40.8786645,-10.590636],[-40.8180257999999,-10.5923834],[-40.7995733,-10.6079895],[-40.7642921999999,-10.5916607],[-40.7470891999999,-10.6336453],[-40.59566,-10.6835063999999],[-40.5464019,-10.6623200999999],[-40.5491562999999,-10.6996012],[-40.5071507,-10.7130018],[-40.4837826999999,-10.6844925999999],[-40.4707665,-10.7145573],[-40.483863,-10.75094],[-40.4720892,-10.7650978],[-40.4453994,-10.7521376],[-40.4611389999999,-10.8126669],[-40.4443553,-10.8339033],[-40.4530232,-10.8361341999999],[-40.45023,-10.8540255],[-40.4626147,-10.8678145],[-40.4754773999999,-10.9228252999999]]]}},{"type":"Feature","id":"2905602","properties":{"codigoIbge":"2905602","municipio":"Camacan","cpr":"CPR-S","cprs":["CPR-S"],"opm":"62ª CIPM/CAMACAN","opms":["62ª CIPM/CAMACAN"],"cprExato":true,"opmExata":true,"somenteReferencia":false},"geometry":{"type":"Polygon","coordinates":[[[-39.6185917,-15.5530158],[-39.5707495999999,-15.5440212999999],[-39.5478214999999,-15.5255288999999],[-39.5497879,-15.5168265999999],[-39.5717715,-15.5189404999999],[-39.5797097,-15.5007828999999],[-39.5998982,-15.4997337],[-39.6143885,-15.4744856],[-39.5767691999999,-15.4261811],[-39.5786826,-15.4078478],[-39.5851519,-15.3887367],[-39.6015379999999,-15.3810728],[-39.5993753,-15.3566347999999],[-39.6248993,-15.3501911999999],[-39.630598,-15.3016365999999],[-39.6431714,-15.2783901],[-39.6262730999999,-15.2686280999999],[-39.5935590999999,-15.2731362],[-39.5736163,-15.2918263],[-39.5785768,-15.3036721],[-39.5688150999999,-15.3115723999999],[-39.5618997999999,-15.2913732],[-39.5438591,-15.3035042999999],[-39.5399017999999,-15.2953501],[-39.5221979999999,-15.3005363],[-39.498231,-15.2907592],[-39.4852342,-15.3073927999999],[-39.4814764,-15.3476158999999],[-39.4603448,-15.3631273],[-39.4652450999999,-15.4035716],[-39.454528,-15.4095379999999],[-39.4407125,-15.3872117],[-39.4245668999999,-15.3897681999999],[-39.4280646,-15.4036470999999],[-39.4172399999999,-15.4228037],[-39.3984864999999,-15.4178337],[-39.3799764999999,-15.4257206999999],[-39.36434,-15.4721819],[-39.3776569999999,-15.4561811],[-39.3855765,-15.4716614],[-39.4195860999999,-15.4640865],[-39.4350051,-15.4881665999999],[-39.4402408,-15.5245338999999],[-39.4068789999999,-15.5519646999999],[-39.4091501,-15.565687],[-39.4290184,-15.5662278],[-39.4436774,-15.5812855999999],[-39.4649122,-15.579515],[-39.4762708,-15.5694214],[-39.4772593,-15.5511556],[-39.4999687,-15.5667462],[-39.5226369,-15.6140935999999],[-39.5803718,-15.5928885],[-39.5919991,-15.6005400999999],[-39.6185917,-15.5530158]]]}},{"type":"Feature","id":"2928901","properties":{"codigoIbge":"2928901","municipio":"São Desidério","cpr":"CPR-O","cprs":["CPR-O"],"opm":"27 BPM/LUÍS EDUARDO MAGALHÃES","opms":["27 BPM/LUÍS EDUARDO MAGALHÃES"],"cprExato":true,"opmExata":true,"somenteReferencia":false},"geometry":{"type":"Polygon","coordinates":[[[-46.3179019999999,-13.3052278],[-46.2999859,-13.2828817999999],[-46.2999257,-13.2576773],[-46.3291318,-13.2484863999999],[-46.3043483,-13.2059795],[-46.3029804,-13.1864047999999],[-46.3167108,-13.1832608999999],[-46.2951808,-13.1418745],[-46.3197943,-13.1042313999999],[-46.3357887999999,-13.0976578999999],[-46.3010985,-13.0743117],[-46.2755337999999,-13.0202133],[-46.1938117999999,-12.9967523999999],[-46.1246636,-12.9598204],[-46.1055355999999,-12.9327332999999],[-46.1090483999999,-12.9204223999999],[-46.1266474999999,-12.9123867],[-46.1441500999999,-12.9311484999999],[-46.1633583999999,-12.9240508],[-46.2055999,-12.9506775999999],[-46.265437,-12.9387891],[-46.2881977,-12.9529024],[-46.3300763,-12.9578516999999],[-46.3059744,-12.9390733],[-46.3160248999999,-12.9362469],[-46.3055275999999,-12.9264823],[-46.3127132,-12.9112914999999],[-46.2870007,-12.8934265],[-46.2953108999999,-12.8911011],[-46.2883667,-12.8827838999999],[-46.2953808,-12.8700615999999],[-46.3050221,-12.8687424999999],[-46.2735162,-12.8315514999999],[-46.2791435,-12.8114029],[-46.3004892,-12.8115564999999],[-46.2915915,-12.7962977999999],[-46.3120784,-12.7982097999999],[-46.2986061,-12.7750871],[-46.2818857,-12.7708507999999],[-46.281977,-12.7633705],[-46.2959672,-12.7628774],[-46.2958821999999,-12.744723],[-46.2851426999999,-12.7496505999999],[-46.2873228999999,-12.7389057],[-46.2737155,-12.7388185],[-46.2680804999999,-12.7161568],[-46.2923946,-12.7075692999999],[-46.3040783,-12.7149421999999],[-46.2917518,-12.6990744],[-46.3057156,-12.6885262],[-46.2639272,-12.6582931],[-46.2784956,-12.6499532],[-46.2763752,-12.6410284999999],[-46.3104041999999,-12.6426779999999],[-46.2757846,-12.5944306],[-46.2905241999999,-12.5827004999999],[-46.3029455999999,-12.581669],[-46.3072830999999,-12.5781301],[-46.3075674,-12.5767478],[-46.2976461,-12.5633389999999],[-46.2935416999999,-12.5790284],[-46.2716121,-12.5700454],[-46.2729133999999,-12.55026],[-46.2244444,-12.5286409999999],[-46.2005042,-12.5041924999999],[-46.1622154,-12.495718],[-46.1420294,-12.5311258999999],[-46.1131003,-12.5311258999999],[-45.9268087999999,-12.4597448],[-45.908012,-12.459764],[-45.8729731,-12.4296345],[-45.8407829,-12.4184265],[-45.7519756,-12.4121064],[-45.7189205999999,-12.3967878999999],[-45.6603784,-12.3927335],[-45.5873223,-12.4020247999999],[-45.4865909,-12.3649541999999],[-45.464465,-12.3767935],[-45.4468029999999,-12.3672832],[-45.4058506,-12.3701945],[-45.2837696,-12.4220157999999],[-45.2314019,-12.427016],[-45.2024469999999,-12.3802871],[-45.1704348,-12.371135],[-45.1495638,-12.3333096],[-45.1331094,-12.3224284999999],[-45.1024565,-12.3362289999999],[-45.0779075999999,-12.3345039],[-45.044615,-12.3156966],[-45.0248667,-12.3209689999999],[-44.927268797,-12.2931112969999],[-44.837006,-12.389651],[-44.7378517,-12.4088430959999],[-44.74177341,-12.4362341149999],[-44.720451995,-12.47269059],[-44.7297983,-12.4945623999999],[-44.7156259,-12.5184917999999],[-44.6991274,-12.5226127999999],[-44.6901607,-12.5488217],[-44.6737366,-12.5637040999999],[-44.6250228,-12.5721831999999],[-44.6100974999999,-12.7261316999999],[-44.550590993,-12.9428425899999],[-44.5568977849999,-12.9625180099999],[-44.5783481999999,-12.9816107999999],[-44.6010191999999,-12.9601479],[-44.6190103,-12.9611748999999],[-44.6202718,-13.0138550999999],[-44.7066311999999,-13.0834250999999],[-44.7204745,-13.0504665],[-44.7416545999999,-13.042031],[-44.7546447,-13.0192119],[-44.7784356,-13.0125734],[-44.7856856,-12.9914974],[-44.7976747,-12.9896305999999],[-44.9309368,-13.0215992999999],[-44.9643586,-13.0414529999999],[-44.9710191999999,-13.0366005999999],[-45.0459398,-13.0708003],[-45.1291191999999,-13.0924446999999],[-45.2134778,-13.1297554],[-45.29394,-13.1339685],[-45.3238855,-13.1496023],[-45.3684028,-13.151897],[-45.4028150999999,-13.1677817999999],[-45.4273391,-13.1569752999999],[-45.4636196,-13.1566086],[-45.5560204999999,-13.1921808],[-45.6086359999999,-13.1848221],[-45.6878371999999,-13.2101274999999],[-45.7309481999999,-13.2345306],[-45.8428028,-13.2580977],[-45.9315779999999,-13.2965386999999],[-46.2089639,-13.4655627999999],[-46.225881,-13.4499582],[-46.2246274999999,-13.4395676999999],[-46.2495225,-13.4313089],[-46.2251383,-13.4128051],[-46.2056166,-13.4168318],[-46.1622857999999,-13.3826351],[-46.1354731,-13.3755242],[-46.0733395999999,-13.3113688999999],[-46.0682755,-13.2954417999999],[-46.0802173,-13.2738373999999],[-46.1032193999999,-13.2575102],[-46.2924869,-13.3169301],[-46.3179019999999,-13.3052278]]]}},{"type":"Feature","id":"2920700","properties":{"codigoIbge":"2920700","municipio":"Maraú","cpr":"CPR-S","cprs":["CPR-S"],"opm":"72ª CIPM/ITACARÉ","opms":["72ª CIPM/ITACARÉ"],"cprExato":true,"opmExata":true,"somenteReferencia":false},"geometry":{"type":"Polygon","coordinates":[[[-39.3165228,-14.27813],[-39.323427,-14.2545772],[-39.412988,-14.2362052999999],[-39.4441904,-14.2415382],[-39.4438228,-14.1999026999999],[-39.3723889999999,-14.1748823],[-39.3439104,-14.1452843],[-39.3313130999999,-14.1551378999999],[-39.3258276999999,-14.1453936999999],[-39.2750096,-14.1377676999999],[-39.2458033,-14.1159771],[-39.2396181999999,-14.1223874999999],[-39.1434927999999,-14.0915807],[-39.0973695,-14.1108078999999],[-39.0590802999999,-14.1032870999999],[-39.0499781,-14.1089367],[-38.9882387,-14.0805996999999],[-38.9819307999999,-14.0500721],[-39.0061775999999,-14.0256067],[-38.9864112,-13.9783653],[-39.000462,-13.9268458],[-38.9861007,-13.8921171],[-38.9517346,-13.8723770999999],[-38.9376359999999,-13.8852011999999],[-38.9280143,-13.9417935999999],[-38.9962442999999,-14.2342925999999],[-39.00753,-14.2358098],[-39.0076862999999,-14.2243898999999],[-39.0275518999999,-14.2473014],[-39.1192020999999,-14.2531375],[-39.1605929999999,-14.2749448],[-39.2226815,-14.2642238],[-39.2630119,-14.2906831],[-39.3026098999999,-14.2667059999999],[-39.3165228,-14.27813]]]}},{"type":"Feature","id":"2913804","properties":{"codigoIbge":"2913804","municipio":"Ipecaetá","cpr":"CPR-L","cprs":["CPR-L"],"opm":"57ª CIPM/SANTO ESTEVÃO","opms":["57ª CIPM/SANTO ESTEVÃO"],"cprExato":true,"opmExata":true,"somenteReferencia":false},"geometry":{"type":"Polygon","coordinates":[[[-39.3801898,-12.4332216],[-39.3748247999999,-12.3966531],[-39.394313,-12.3866068],[-39.3861841,-12.3744412],[-39.3959328999999,-12.372464],[-39.3906790999999,-12.3561417],[-39.4216094,-12.3459829],[-39.4376908,-12.3171813],[-39.3973908999999,-12.2766576999999],[-39.4131553999999,-12.2695987],[-39.3812014,-12.2474528999999],[-39.3773619,-12.2304336],[-39.3409950999999,-12.1980318],[-39.3449247999999,-12.186415],[-39.2893273,-12.1865251999999],[-39.2841696999999,-12.2169693999999],[-39.2656317,-12.2283112],[-39.2506979999999,-12.2649132],[-39.233055,-12.2783633],[-39.2454018999999,-12.3238024],[-39.2421396999999,-12.3649088999999],[-39.2294267999999,-12.3856276999999],[-39.2462839,-12.3876964],[-39.2630272,-12.3732416999999],[-39.2850268,-12.3980354999999],[-39.3605689999999,-12.4195331999999],[-39.3716509,-12.4362829999999],[-39.3801898,-12.4332216]]]}},{"type":"Feature","id":"2928950","properties":{"codigoIbge":"2928950","municipio":"São Domingos","cpr":"CPR-NE","cprs":["CPR-NE"],"opm":"16 BPM/SERRINHA","opms":["16 BPM/SERRINHA"],"cprExato":true,"opmExata":true,"somenteReferencia":false},"geometry":{"type":"Polygon","coordinates":[[[-39.4899073999999,-11.4400959],[-39.4902430999999,-11.4746698],[-39.4772025999999,-11.4849639],[-39.5361579849999,-11.5696715],[-39.54865489,-11.54951232],[-39.59929697,-11.5299917999999],[-39.632025395,-11.4981286],[-39.6640136149999,-11.4538544],[-39.654604505,-11.4365488],[-39.6591619,-11.4252346],[-39.6988911,-11.3992426999999],[-39.6087712,-11.3461318],[-39.5639308999999,-11.4013461],[-39.4899073999999,-11.4400959]]]}},{"type":"Feature","id":"2913705","properties":{"codigoIbge":"2913705","municipio":"Inhambupe","cpr":"CPR-LN","cprs":["CPR-LN"],"opm":"4 BPM/ALAGOINHAS","opms":["4 BPM/ALAGOINHAS"],"cprExato":true,"opmExata":true,"somenteReferencia":false},"geometry":{"type":"Polygon","coordinates":[[[-38.1910184,-11.9102277],[-38.2734136999999,-11.9637703],[-38.3086810999999,-11.9551225],[-38.3611574999999,-11.9692181999999],[-38.3867392999999,-11.9320114999999],[-38.4037152,-11.9274240999999],[-38.4117545999999,-11.937945],[-38.4639620999999,-11.9361342],[-38.4750078,-11.9490559],[-38.5213517,-11.9360437999999],[-38.5677454,-11.9609778],[-38.5970455,-11.9530381],[-38.6048782,-11.9044984999999],[-38.5764361999999,-11.8326509],[-38.5770396,-11.7983325],[-38.5615549,-11.7742501999999],[-38.5420683999999,-11.7545314],[-38.4343784,-11.7243791999999],[-38.4272769,-11.6496420999999],[-38.4437541999999,-11.6179471],[-38.4250062,-11.5933406999999],[-38.4254357,-11.5658261],[-38.3975232999999,-11.5574129],[-38.3564203999999,-11.5901302],[-38.3386321,-11.5866091],[-38.3014965,-11.626247],[-38.279189,-11.6647131999999],[-38.2647896999999,-11.7172768],[-38.2764309,-11.7516026],[-38.2970622999999,-11.7700611],[-38.2822576999999,-11.8028426999999],[-38.2986821,-11.8340165999999],[-38.3123654,-11.8397254],[-38.2938495,-11.8638053999999],[-38.2975494,-11.8724298],[-38.2749355999999,-11.8659324],[-38.2650321,-11.8816775],[-38.2541982,-11.8744773],[-38.2112231999999,-11.8905788],[-38.1907166,-11.8869045],[-38.1910184,-11.9102277]]]}},{"type":"Feature","id":"2905503","properties":{"codigoIbge":"2905503","municipio":"Caldeirão Grande","cpr":"CPR-N","cprs":["CPR-N"],"opm":"6 BPM/SENHOR DO BONFIM","opms":["6 BPM/SENHOR DO BONFIM"],"cprExato":true,"opmExata":true,"somenteReferencia":false},"geometry":{"type":"Polygon","coordinates":[[[-40.0938197,-11.0860193999999],[-40.0593547999999,-11.0955397],[-39.9902403,-11.1625551999999],[-40.1786638,-11.1060072999999],[-40.2196534,-11.1061207999999],[-40.2364889,-11.0945702],[-40.2745078999999,-11.0944724],[-40.3894625999999,-11.0617265],[-40.3483669999999,-10.9648361],[-40.3279957,-10.9672790999999],[-40.2476879,-10.9105681999999],[-40.2111193,-10.9658123999999],[-40.1420750999999,-11.0086752],[-40.0898781999999,-11.0796098],[-40.0938197,-11.0860193999999]]]}},{"type":"Feature","id":"2928802","properties":{"codigoIbge":"2928802","municipio":"Santo Estêvão","cpr":"CPR-L","cprs":["CPR-L"],"opm":"57ª CIPM/SANTO ESTEVÃO","opms":["57ª CIPM/SANTO ESTEVÃO"],"cprExato":true,"opmExata":true,"somenteReferencia":false},"geometry":{"type":"Polygon","coordinates":[[[-39.2776459999999,-12.5374818],[-39.3141859999999,-12.5479556999999],[-39.3445096999999,-12.53032],[-39.3623021999999,-12.5423805999999],[-39.3698464,-12.5371815],[-39.3828978,-12.5073171999999],[-39.3938732999999,-12.5044032],[-39.3808134,-12.4866888],[-39.3868072999999,-12.4694011],[-39.3787556999999,-12.461377],[-39.3889197,-12.4598642],[-39.3782232999999,-12.4515119],[-39.3800757,-12.4414960999999],[-39.3605689999999,-12.4195331999999],[-39.2850268,-12.3980354999999],[-39.2630272,-12.3732416999999],[-39.2166884,-12.3967268],[-39.1948917999999,-12.3875346999999],[-39.1755984,-12.4270941999999],[-39.1621299,-12.4297250999999],[-39.1472216999999,-12.4838708999999],[-39.1271793,-12.4982737999999],[-39.2048091,-12.5123857999999],[-39.2265131999999,-12.5464623],[-39.2618454999999,-12.5487199],[-39.2776459999999,-12.5374818]]]}},{"type":"Feature","id":"2913002","properties":{"codigoIbge":"2913002","municipio":"Ibitiara","cpr":"CPR-CH","cprs":["CPR-CH"],"opm":"29ª CIPM/SEABRA","opms":["29ª CIPM/SEABRA"],"cprExato":true,"opmExata":true,"somenteReferencia":false},"geometry":{"type":"Polygon","coordinates":[[[-42.0147798,-12.5048563],[-42.0063822,-12.5694005],[-41.983757,-12.6008949],[-42.0299388,-12.6188556],[-42.0305812999999,-12.6845903999999],[-42.0180267,-12.7200357999999],[-42.0965404,-12.7150465999999],[-42.2650077,-12.7269555],[-42.292947,-12.7041727],[-42.3535436999999,-12.7169552999999],[-42.3958676999999,-12.6968123],[-42.4505194,-12.6870605],[-42.473957,-12.7082799],[-42.5024974999999,-12.7170839999999],[-42.5171663,-12.7117276],[-42.5286861,-12.6911830999999],[-42.5369980999999,-12.699359],[-42.5488928,-12.6876384],[-42.581093,-12.6911516],[-42.5825900999999,-12.6631555],[-42.605224,-12.6581935999999],[-42.6096304,-12.6372215],[-42.6271752,-12.6277502999999],[-42.6232383,-12.6049583999999],[-42.6383468,-12.5938236],[-42.6557478999999,-12.5194159],[-42.6385816,-12.5123742],[-42.6388962,-12.5007982999999],[-42.6068144,-12.5132257999999],[-42.5897408,-12.5096687],[-42.5793634999999,-12.5289109999999],[-42.5329905,-12.5468202],[-42.5185739999999,-12.5394825],[-42.4920928,-12.5440864999999],[-42.4255588,-12.4973350999999],[-42.370326,-12.4811895],[-42.3700269999999,-12.4580786],[-42.3531133,-12.4575207999999],[-42.3298156,-12.4826237],[-42.320938,-12.4464735999999],[-42.3256718,-12.4294451],[-42.3051977,-12.4031969],[-42.2639937,-12.4113761999999],[-42.251073,-12.4049256],[-42.2492523,-12.3895694999999],[-42.2017412,-12.3769427999999],[-42.1403683,-12.4007978],[-42.1037557999999,-12.3958959999999],[-42.0722287999999,-12.4140242],[-42.0698843,-12.4311087999999],[-42.0147798,-12.5048563]]]}},{"type":"Feature","id":"2904803","properties":{"codigoIbge":"2904803","municipio":"Caatiba","cpr":"CPR-S","cprs":["CPR-S"],"opm":"8ª CIPM/ITAPETINGA","opms":["8ª CIPM/ITAPETINGA"],"cprExato":true,"opmExata":true,"somenteReferencia":false},"geometry":{"type":"Polygon","coordinates":[[[-40.4223421,-15.0646791999999],[-40.4240422999999,-15.0381669],[-40.4462189,-15.0426879],[-40.4658256,-15.0313616999999],[-40.5161285,-15.0564102],[-40.5246347999999,-15.0360648999999],[-40.5508935999999,-15.0371087999999],[-40.5013198999999,-14.9777329],[-40.4339563,-14.9195048],[-40.4088717,-14.8528145999999],[-40.3729708,-14.8749625999999],[-40.3683157,-14.9160168],[-40.3323905999999,-14.9093710999999],[-40.3276261,-14.8874529],[-40.3114694,-14.8859320999999],[-40.29374,-14.9332676999999],[-40.2998330999999,-14.9602497999999],[-40.1375131,-15.0119447],[-40.1459642999999,-15.0281707],[-40.1562344,-15.0088253],[-40.1913266999999,-15.0047087999999],[-40.1937123,-15.0201721999999],[-40.2193473999999,-15.0226489999999],[-40.2274886,-15.0330660999999],[-40.2453697,-15.021968],[-40.2504628,-15.0263191999999],[-40.2361612999999,-15.0482597],[-40.2535015999999,-15.0512340999999],[-40.2555538999999,-15.0676821],[-40.3016092,-15.0884852],[-40.3310966,-15.082417],[-40.3453122,-15.1072727],[-40.3747660999999,-15.092235],[-40.4045585,-15.0940947999999],[-40.4223421,-15.0646791999999]]]}},{"type":"Feature","id":"2920601","properties":{"codigoIbge":"2920601","municipio":"Maragogipe","cpr":"CPR-R","cprs":["CPR-R"],"opm":"85ª CIPM/CACHOEIRA","opms":["85ª CIPM/CACHOEIRA"],"cprExato":true,"opmExata":true,"somenteReferencia":false},"geometry":{"type":"Polygon","coordinates":[[[-39.047727197,-12.871660697],[-39.0360429999999,-12.8791355],[-39.0199711999999,-12.9332024],[-39.025504,-12.9387482],[-39.0550565999999,-12.881165],[-39.0691629999999,-12.8724660999999],[-39.0752002999999,-12.8515927],[-39.0691476,-12.8160152999999],[-39.0451624999999,-12.7916066],[-39.0450233,-12.7344902],[-39.0081895,-12.7298908],[-39.0078601,-12.7104972999999],[-38.9664488,-12.6950045],[-38.9380561999999,-12.7011646999999],[-38.9266287,-12.7283128],[-38.8846619,-12.7546409],[-38.8598092999999,-12.7958513],[-38.862836,-12.8232618],[-38.8382392999999,-12.846349],[-38.8185705999999,-12.8512959999999],[-38.8018855999999,-12.8385327],[-38.8065356,-12.8711352],[-38.8201144999999,-12.8861036],[-38.8112207,-12.9176055],[-38.8351441,-12.9209840999999],[-38.8227414,-12.9476562999999],[-38.8298298999999,-12.9559743999999],[-38.8394294,-12.9446257],[-38.87280931,-12.9384738049999],[-38.88536601,-12.9463724],[-38.9144476069999,-12.9319067],[-38.918745095,-12.914382705],[-38.931234995,-12.9117090899999],[-38.935105705,-12.9002700949999],[-38.94639861,-12.90197251],[-38.9769654999999,-12.8457691999999],[-38.9968782999999,-12.8358883],[-39.0129995,-12.8456364049999],[-39.0274714,-12.8325359999999],[-39.0506333,-12.8347976049999],[-39.047727197,-12.871660697]]]}},{"type":"Feature","id":"2904902","properties":{"codigoIbge":"2904902","municipio":"Cachoeira","cpr":"CPR-R","cprs":["CPR-R"],"opm":"85ª CIPM/CACHOEIRA","opms":["85ª CIPM/CACHOEIRA"],"cprExato":true,"opmExata":true,"somenteReferencia":false},"geometry":{"type":"Polygon","coordinates":[[[-38.8175043049999,-12.7752956099999],[-38.8457712379999,-12.83908759],[-38.862836,-12.8232618],[-38.8598092999999,-12.7958513],[-38.8846619,-12.7546409],[-38.9287313,-12.7254394999999],[-38.9625028999999,-12.6094945999999],[-39.0088933,-12.5745279],[-39.0065916999999,-12.5642379999999],[-38.979368,-12.5650489999999],[-38.9828891999999,-12.5516893],[-38.9106411999999,-12.5178999999999],[-38.8901235,-12.5154702999999],[-38.8507448,-12.5633533999999],[-38.8450554,-12.5499791999999],[-38.8437936999999,-12.5634166999999],[-38.8224675,-12.5673681],[-38.8257713,-12.5787450999999],[-38.8117035,-12.5850924],[-38.8201228999999,-12.5939903999999],[-38.8081834,-12.5852553999999],[-38.8069537,-12.6109842999999],[-38.79363338,-12.6245894099999],[-38.79585801,-12.64911559],[-38.8183895,-12.6695058999999],[-38.8109971,-12.6927898],[-38.82999919,-12.7035411099999],[-38.820471187,-12.718992913],[-38.8364557799999,-12.72674661],[-38.8175043049999,-12.7752956099999]]]}},{"type":"Feature","id":"2929107","properties":{"codigoIbge":"2929107","municipio":"São Felipe","cpr":"CPR-R","cprs":["CPR-R"],"opm":"14 BPM/SANTO ANTÔNIO DE JESUS","opms":["14 BPM/SANTO ANTÔNIO DE JESUS"],"cprExato":true,"opmExata":true,"somenteReferencia":false},"geometry":{"type":"Polygon","coordinates":[[[-39.0417208,-12.9512129],[-39.1164231999999,-12.9565441],[-39.1155768,-12.9712428999999],[-39.1280315,-12.9560271999999],[-39.1235722,-12.9401114],[-39.1377800999999,-12.9231844],[-39.1310779,-12.8847521],[-39.1618402,-12.8489716999999],[-39.1492845999999,-12.8262003999999],[-39.1192432999999,-12.8173662999999],[-39.1175117999999,-12.7984885],[-39.1386284,-12.7755799],[-39.1431881,-12.7395498],[-39.0450233,-12.7344902],[-39.0451624999999,-12.7916066],[-39.0677461,-12.8127684],[-39.0751994999999,-12.8519742999999],[-39.0263676,-12.9389621],[-39.0417208,-12.9512129]]]}},{"type":"Feature","id":"2920908","properties":{"codigoIbge":"2920908","municipio":"Mascote","cpr":"CPR-S","cprs":["CPR-S"],"opm":"62ª CIPM/CAMACAN","opms":["62ª CIPM/CAMACAN"],"cprExato":true,"opmExata":true,"somenteReferencia":false},"geometry":{"type":"Polygon","coordinates":[[[-39.3869434,-15.8249337],[-39.3990939999999,-15.7941574],[-39.4269439999999,-15.8033138],[-39.4357909,-15.7925157999999],[-39.4679035,-15.8340848],[-39.4849799,-15.8391913],[-39.4893916999999,-15.8201634],[-39.5149115999999,-15.8090031999999],[-39.5279993999999,-15.817663],[-39.5728966,-15.7927364],[-39.5485787,-15.7912876],[-39.5688683,-15.7663062999999],[-39.5366347,-15.7518926999999],[-39.5309139999999,-15.7305363999999],[-39.543494,-15.7129618],[-39.5338576,-15.6957111999999],[-39.544257,-15.6659637],[-39.5373562999999,-15.6253695],[-39.5102201,-15.5999211999999],[-39.4999687,-15.5667462],[-39.4772593,-15.5511556],[-39.4762708,-15.5694214],[-39.4649122,-15.579515],[-39.4436774,-15.5812855999999],[-39.4290184,-15.5662278],[-39.4091501,-15.565687],[-39.4068789999999,-15.5519646999999],[-39.4402408,-15.5245338999999],[-39.4350051,-15.4881665999999],[-39.4195860999999,-15.4640865],[-39.3855765,-15.4716614],[-39.3776569999999,-15.4561811],[-39.3601176,-15.4904577],[-39.3102150999999,-15.5219504],[-39.304312,-15.550153],[-39.2746000999999,-15.5642993],[-39.3056501,-15.5804603],[-39.3053088999999,-15.593219],[-39.3437119,-15.6155593999999],[-39.3414389,-15.622448],[-39.3303809,-15.6274779999999],[-39.3012429999999,-15.6111314],[-39.2852220999999,-15.6307285],[-39.2615577,-15.6343841],[-39.2899507,-15.6383751999999],[-39.3183869,-15.6563282999999],[-39.3491184,-15.6882815],[-39.3508654,-15.7058278],[-39.3662102,-15.7129841],[-39.3661154,-15.7447309999999],[-39.3419818,-15.7484158],[-39.318569,-15.8272183],[-39.3569239999999,-15.849869],[-39.3681516,-15.8261601],[-39.3869434,-15.8249337]]]}},{"type":"Feature","id":"2904852","properties":{"codigoIbge":"2904852","municipio":"Cabaceiras do Paraguaçu","cpr":"CPR-R","cprs":["CPR-R"],"opm":"27ª CIPM/CRUZ DAS ALMAS","opms":["27ª CIPM/CRUZ DAS ALMAS"],"cprExato":true,"opmExata":true,"somenteReferencia":false},"geometry":{"type":"Polygon","coordinates":[[[-39.177803,-12.6302403],[-39.2358422999999,-12.6584945],[-39.3184911,-12.5470615999999],[-39.2773569999999,-12.5373961],[-39.2618454999999,-12.5487199],[-39.2265131999999,-12.5464623],[-39.2039005,-12.5120563999999],[-39.1068025,-12.4935876],[-39.0738782999999,-12.502016],[-39.0579294,-12.54045],[-39.1336143999999,-12.5594857],[-39.176754,-12.5830415999999],[-39.177803,-12.6302403]]]}},{"type":"Feature","id":"2929206","properties":{"codigoIbge":"2929206","municipio":"São Francisco do Conde","cpr":"CPRMS","cprs":["CPRMS"],"opm":"26 BPM/CANDEIAS","opms":["26 BPM/CANDEIAS"],"cprExato":true,"opmExata":true,"somenteReferencia":false},"geometry":{"type":"Polygon","coordinates":[[[-38.5334324999999,-12.7323617],[-38.5408475999999,-12.738841],[-38.6027958999999,-12.7358543],[-38.6113114999999,-12.7263],[-38.6872081999999,-12.7265396999999],[-38.6847577,-12.6861446],[-38.7188358,-12.6373237],[-38.7179462,-12.6143256999999],[-38.7099539,-12.5949787],[-38.6955354,-12.5905377],[-38.6878829999999,-12.5514441],[-38.6524608999999,-12.5522475999999],[-38.6416005,-12.5702593999999],[-38.6208359,-12.5542541],[-38.5793368,-12.6318388999999],[-38.5389413,-12.6283149],[-38.5580313,-12.6522474],[-38.5502387,-12.6623377999999],[-38.5599261,-12.6890230999999],[-38.5334324999999,-12.7323617]]]}},{"type":"Feature","id":"2904704","properties":{"codigoIbge":"2904704","municipio":"Buerarema","cpr":"CPR-S","cprs":["CPR-S"],"opm":"15 BPM/ITABUNA","opms":["15 BPM/ITABUNA"],"cprExato":true,"opmExata":true,"somenteReferencia":false},"geometry":{"type":"Polygon","coordinates":[[[-39.2499086999999,-15.055345307],[-39.2529997899999,-15.0695385],[-39.27278172,-15.0839577899999],[-39.29360159,-15.0723164899999],[-39.2790349799999,-15.0561424799999],[-39.3078111899999,-15.0210408049999],[-39.320354295,-15.0247561049999],[-39.3282536949999,-15.014924015],[-39.3660958999999,-15.0324964],[-39.3532162,-14.9915195],[-39.3663215999999,-14.9740335999999],[-39.3065736999999,-14.91576],[-39.3009178,-14.9309213],[-39.24082401,-14.9381502849999],[-39.21123398,-14.9088200099999],[-39.2205877,-14.9467918999999],[-39.2046996,-15.0017933],[-39.1747432999999,-15.0189875999999],[-39.1597108,-15.0447983999999],[-39.1739183,-15.0548115999999],[-39.2050628,-15.0467624],[-39.2499086999999,-15.055345307]]]}},{"type":"Feature","id":"2921005","properties":{"codigoIbge":"2921005","municipio":"Mata de São João","cpr":"CPRMS","cprs":["CPRMS"],"opm":"53ª CIPM/MATA DE SÃO JOÃO","opms":["53ª CIPM/MATA DE SÃO JOÃO"],"cprExato":true,"opmExata":true,"somenteReferencia":false},"geometry":{"type":"Polygon","coordinates":[[[-38.2730544,-12.611185],[-38.3205603,-12.5770348999999],[-38.3475018,-12.5733284],[-38.3459961999999,-12.5399927999999],[-38.3784294,-12.538671],[-38.3667781999999,-12.5093264],[-38.3848321,-12.4826120999999],[-38.3172741999999,-12.4348451],[-38.3223671,-12.4572861],[-38.2878074,-12.44666],[-38.2591343999999,-12.4152223],[-38.2290384,-12.4165083],[-38.1931463,-12.4029679],[-38.1834320999999,-12.4126067],[-38.1419792999999,-12.371996],[-38.1261959999999,-12.3801361],[-38.1211011,-12.3965873999999],[-38.1034005999999,-12.3955311999999],[-38.104638,-12.4128223],[-38.0884526999999,-12.4263258],[-38.0977851,-12.4361865],[-38.0798907999999,-12.4553228999999],[-38.0653126999999,-12.4512745],[-38.0405919999999,-12.4624117],[-37.986755,-12.4137082],[-37.9513507,-12.4029884],[-37.9431628999999,-12.3739639],[-37.9314322,-12.3715071],[-37.9237869999999,-12.3837482],[-37.8929706,-12.3833056],[-37.8932837,-12.4082420999999],[-37.9719443,-12.5191763999999],[-38.0014639999999,-12.5780111999999],[-38.0302227999999,-12.5971982],[-38.0470172,-12.5842752],[-38.0435787,-12.5625337999999],[-38.0539089,-12.5629446999999],[-38.069357,-12.5361619],[-38.0671189999999,-12.4679604999999],[-38.0993769999999,-12.4796709999999],[-38.0966379,-12.5015915999999],[-38.1113677,-12.5112450999999],[-38.1408896999999,-12.4976578],[-38.1557177999999,-12.5030262],[-38.1621291,-12.4890546],[-38.1772127999999,-12.4881028],[-38.181908,-12.4792371999999],[-38.1726561999999,-12.4627624999999],[-38.1943103,-12.4530477],[-38.2125871,-12.4592241999999],[-38.2248207,-12.4767031],[-38.2444032,-12.4713829999999],[-38.2478376999999,-12.4976996],[-38.2391263,-12.5156084],[-38.223789,-12.5217956999999],[-38.2152924,-12.5692682],[-38.2496197,-12.5757048999999],[-38.2523869999999,-12.5996235],[-38.2730544,-12.611185]]]}},{"type":"Feature","id":"2929008","properties":{"codigoIbge":"2929008","municipio":"São Félix","cpr":"CPR-R","cprs":["CPR-R"],"opm":"85ª CIPM/CACHOEIRA","opms":["85ª CIPM/CACHOEIRA"],"cprExato":true,"opmExata":true,"somenteReferencia":false},"geometry":{"type":"Polygon","coordinates":[[[-39.0073945,-12.7293003],[-39.0383725,-12.7384678],[-39.0576351999999,-12.7300936],[-39.0484465,-12.7181717],[-39.0532468,-12.6872936999999],[-39.0437939,-12.6443401],[-38.9714195,-12.6322673999999],[-38.9794856999999,-12.6024846],[-38.9963352,-12.5877229999999],[-38.9625028999999,-12.6094945999999],[-38.9418714,-12.6601542],[-38.9380561999999,-12.7011646999999],[-38.9658813999999,-12.6949754999999],[-38.996006,-12.7023240999999],[-39.0080498,-12.7109032999999],[-39.0073945,-12.7293003]]]}},{"type":"Feature","id":"2920809","properties":{"codigoIbge":"2920809","municipio":"Marcionílio Souza","cpr":"CPR-CH","cprs":["CPR-CH"],"opm":"11 BPM/ITABERABA","opms":["11 BPM/ITABERABA"],"cprExato":true,"opmExata":true,"somenteReferencia":false},"geometry":{"type":"Polygon","coordinates":[[[-40.4686599999999,-13.1129505],[-40.5114902999999,-13.1764820999999],[-40.584796,-13.2153256],[-40.6272584,-13.1825742],[-40.71973,-13.2390414999999],[-40.7244461,-13.2766851],[-40.7835924999999,-13.3674533999999],[-40.8005398,-13.3486786],[-40.8011372,-13.3337645],[-40.8484887,-13.3121866],[-40.861954,-13.3187457999999],[-40.8750128,-13.2938660999999],[-40.8710919,-13.2761791999999],[-40.9186556999999,-13.2314268],[-40.9197095,-13.2090052],[-40.7236518999999,-13.0217944999999],[-40.7088936,-13.0165466999999],[-40.6876652,-13.0245250999999],[-40.6372049999999,-12.9973783],[-40.5741765,-13.0028177],[-40.5331482999999,-12.9801323],[-40.5222249999999,-12.9589109],[-40.5093651999999,-12.9670925],[-40.5079805999999,-12.9461769],[-40.4961696999999,-12.9514634999999],[-40.4817575,-12.9418133999999],[-40.4885823,-12.9487131],[-40.4717535999999,-13.0000686999999],[-40.4154715999999,-13.0864081],[-40.4686599999999,-13.1129505]]]}},{"type":"Feature","id":"2904753","properties":{"codigoIbge":"2904753","municipio":"Buritirama","cpr":"CPR-MO","cprs":["CPR-MO"],"opm":"28ª CIPM/IBOTIRAMA","opms":["28ª CIPM/IBOTIRAMA"],"cprExato":true,"opmExata":true,"somenteReferencia":false},"geometry":{"type":"Polygon","coordinates":[[[-43.3788794,-10.7288417],[-43.3950814999999,-10.801006],[-43.3881699,-10.8584589999999],[-43.5494294,-10.8699773],[-43.7593244999999,-10.9092027999999],[-43.8014401999999,-10.8991447],[-43.8423769,-10.8497853],[-43.9007109,-10.8570667999999],[-43.9201432999999,-10.8271768],[-43.9209547999999,-10.8128738],[-43.9068546999999,-10.7986721999999],[-43.9456046999999,-10.7087963999999],[-43.9917599,-10.6666987999999],[-43.9989621,-10.6385999999999],[-44.0581984,-10.6218201],[-44.0826628,-10.5945328999999],[-44.0510103999999,-10.5062386],[-44.0258436999999,-10.4754707],[-44.0357645,-10.4447135],[-44.0277652999999,-10.412474],[-44.0077056,-10.405343],[-43.9769335,-10.4313764999999],[-43.9367348,-10.4361302999999],[-43.9162292999999,-10.4267187],[-43.9158894,-10.3930847999999],[-43.7707923,-10.3930880999999],[-43.7219956,-10.3546929],[-43.6630016999999,-10.3759034999999],[-43.6542701,-10.3459961999999],[-43.6646802,-10.3239862],[-43.6521286,-10.3060212999999],[-43.6324385,-10.3032848999999],[-43.6230538999999,-10.2830635],[-43.6062072999999,-10.2776383],[-43.5854828,-10.2484449],[-43.5050098999999,-10.2488089999999],[-43.4703886999999,-10.2344133],[-43.384716,-10.2399559999999],[-43.37243,-10.2805597999999],[-43.3888557999999,-10.3399697999999],[-43.3738567999999,-10.5110792999999],[-43.3810253999999,-10.5469775999999],[-43.3712651,-10.6127084],[-43.3823489,-10.6503711999999],[-43.3788794,-10.7288417]]]}},{"type":"Feature","id":"2912905","properties":{"codigoIbge":"2912905","municipio":"Ibirataia","cpr":"CPR-MRC","cprs":["CPR-MRC"],"opm":"55ª CIPM/IPIAÚ","opms":["55ª CIPM/IPIAÚ"],"cprExato":true,"opmExata":true,"somenteReferencia":false},"geometry":{"type":"Polygon","coordinates":[[[-39.6096401999999,-14.1141742],[-39.6527414999999,-14.1320646999999],[-39.6680957,-14.1134192],[-39.6675425999999,-14.0570971],[-39.680313,-14.051886],[-39.6697023,-14.0374692],[-39.6775957999999,-14.0330296],[-39.6728886999999,-14.0194245],[-39.6611454,-14.0083096],[-39.7072363,-13.9664055],[-39.7102282,-13.9425446],[-39.6892688,-13.9171666],[-39.6961347,-13.8875882],[-39.6843352,-13.884813],[-39.680038,-13.8714532],[-39.6536035999999,-13.8755748999999],[-39.6208046,-13.8571732999999],[-39.5951234,-13.8666772],[-39.5956652,-13.8802122999999],[-39.5735160999999,-13.8899648],[-39.5778859,-13.897375],[-39.5512211999999,-13.8977957],[-39.5508960999999,-13.9191554],[-39.5292522999999,-13.9154738999999],[-39.5335426,-13.9237439],[-39.5142372999999,-13.9313043999999],[-39.5097062999999,-13.9503298999999],[-39.5204396999999,-13.9658398999999],[-39.5438551,-13.9617155999999],[-39.5561587999999,-13.9320600999999],[-39.5798237999999,-13.9494543],[-39.5633356,-13.981703],[-39.5705965999999,-14.0057363],[-39.5872563999999,-14.0115605999999],[-39.5848329,-14.0278139],[-39.6084989999999,-14.0560604999999],[-39.5856745,-14.0789248999999],[-39.6023056999999,-14.0895063999999],[-39.6096401999999,-14.1141742]]]}},{"type":"Feature","id":"2929057","properties":{"codigoIbge":"2929057","municipio":"São Félix do Coribe","cpr":"CPR-O","cprs":["CPR-O"],"opm":"30ª CIPM/SANTA MARIA DA VITÓRIA","opms":["30ª CIPM/SANTA MARIA DA VITÓRIA"],"cprExato":true,"opmExata":true,"somenteReferencia":false},"geometry":{"type":"Polygon","coordinates":[[[-43.8822271,-13.7447256999999],[-43.8816179999999,-13.7619175999999],[-43.8927998999999,-13.7529235],[-43.9017818999999,-13.7726476999999],[-43.9126557,-13.7677037],[-43.899916,-13.7960813],[-43.9233859999999,-13.8054007],[-43.9425836,-13.7882438],[-43.9571928999999,-13.7872487],[-43.9480996999999,-13.7917710999999],[-43.9575829999999,-13.8118886999999],[-43.9495360999999,-13.8226708],[-43.9845293,-13.8409867],[-43.9903944,-13.8155573],[-43.9954509999999,-13.8229757999999],[-44.0115969999999,-13.8199377],[-44.0190274,-13.7959569999999],[-44.0217703,-13.8022490999999],[-44.1442958,-13.6897226],[-44.1801275999999,-13.6840437999999],[-44.1881668,-13.6582223999999],[-44.2393317999999,-13.5886232999999],[-44.250147,-13.5137667],[-44.2616123999999,-13.5096273],[-44.2691485999999,-13.4866589],[-44.2611017999999,-13.4578726999999],[-44.242562,-13.4525118],[-44.2445782999999,-13.4367056999999],[-44.2324982,-13.4403492],[-44.2138988,-13.4147834],[-44.2033635999999,-13.4201537],[-44.1933691999999,-13.393412],[-44.1634003999999,-13.3882115],[-44.1500849999999,-13.3948025999999],[-44.1158455999999,-13.3699493999999],[-44.0917607,-13.3708306],[-44.0823313999999,-13.3603239],[-44.0686173999999,-13.3657719],[-44.060007,-13.3443996999999],[-44.0267696999999,-13.3358721],[-44.0276049,-13.3158614],[-43.9869744,-13.3202504],[-43.9729442,-13.3068618],[-43.9552404,-13.3189636],[-43.9138189,-13.2938662999999],[-43.8812392,-13.3028502],[-43.8754873,-13.2761576],[-43.8571676999999,-13.2620535],[-43.8559893999999,-13.3006607],[-43.8706849,-13.3219020999999],[-43.8648118,-13.3305523999999],[-43.8828786999999,-13.3361710999999],[-43.9081547,-13.440851],[-43.8952363,-13.4730896999999],[-43.8325513999999,-13.4904392],[-43.8152734,-13.4863247],[-43.8059327999999,-13.5068153],[-43.8147157999999,-13.5250187],[-43.8395401999999,-13.5244714999999],[-43.8805012999999,-13.5879059],[-43.8802717,-13.6077984999999],[-43.9331362,-13.6562766],[-43.8142897,-13.7083541],[-43.8182816,-13.7203804],[-43.8116593,-13.7232554999999],[-43.8401402,-13.7591466],[-43.8536908999999,-13.7440453999999],[-43.8694551999999,-13.7564894],[-43.8822271,-13.7447256999999]]]}},{"type":"Feature","id":"2905156","properties":{"codigoIbge":"2905156","municipio":"Caetanos","cpr":"CPR-SO","cprs":["CPR-SO"],"opm":"79ª CIPM/POÇÕES","opms":["79ª CIPM/POÇÕES"],"cprExato":true,"opmExata":true,"somenteReferencia":false},"geometry":{"type":"Polygon","coordinates":[[[-40.6960309,-14.3605471],[-41.0936710999999,-14.4416216999999],[-41.0679216999999,-14.39679],[-41.0745105,-14.3820193],[-41.1089054999999,-14.36513],[-41.0909373,-14.3434205],[-41.1033829,-14.3289556],[-41.0890070999999,-14.3092217999999],[-41.0920808,-14.2872444999999],[-41.0457311,-14.2473363999999],[-41.0255691,-14.2470933],[-41.0271349999999,-14.2373853999999],[-41.0471949999999,-14.2283839999999],[-41.0130513999999,-14.2210117999999],[-41.0072127,-14.2106653],[-41.0189659,-14.1885371999999],[-41.0015099999999,-14.1775638],[-41.0043381999999,-14.1644808],[-40.8719194999999,-14.21557],[-40.8225386,-14.2525458],[-40.6996674,-14.2986258],[-40.7046171,-14.3284178],[-40.7317042,-14.3294362],[-40.7353146999999,-14.3378342999999],[-40.6960309,-14.3605471]]]}},{"type":"Feature","id":"2913309","properties":{"codigoIbge":"2913309","municipio":"Ichu","cpr":"CPR-NE","cprs":["CPR-NE"],"opm":"16 BPM/SERRINHA","opms":["16 BPM/SERRINHA"],"cprExato":true,"opmExata":true,"somenteReferencia":false},"geometry":{"type":"Polygon","coordinates":[[[-39.1577460999999,-11.6461391],[-39.0606526999999,-11.7698189999999],[-39.2178749,-11.7681663],[-39.2177374999999,-11.7820108999999],[-39.2285778999999,-11.7858469],[-39.2531758,-11.7530899999999],[-39.2330853,-11.7638822],[-39.2081023,-11.7115689],[-39.1780087,-11.6854976999999],[-39.1536710999999,-11.6850249999999],[-39.1577460999999,-11.6461391]]]}},{"type":"Feature","id":"2905107","properties":{"codigoIbge":"2905107","municipio":"Caém","cpr":"CPR-CH","cprs":["CPR-CH"],"opm":"29 BPM/JACOBINA","opms":["29 BPM/JACOBINA"],"cprExato":true,"opmExata":true,"somenteReferencia":false},"geometry":{"type":"Polygon","coordinates":[[[-40.2055255,-11.1768026],[-40.2788838,-11.2042157999999],[-40.3009127,-11.2023919],[-40.3453132,-11.2287891999999],[-40.3695739999999,-11.206423],[-40.3931582,-11.2144268],[-40.3954606999999,-11.2247629999999],[-40.4115762,-11.2171539],[-40.4183154999999,-11.2049097999999],[-40.4310488,-11.207075],[-40.4522004,-11.1896315999999],[-40.4817272,-11.0493994],[-40.3894625999999,-11.0617265],[-40.2745078999999,-11.0944724],[-40.2366003,-11.0945424],[-40.2196534,-11.1061207999999],[-40.1786638,-11.1060072999999],[-39.9902403,-11.1625551999999],[-40.0743055,-11.1968982],[-40.0839973,-11.1863911999999],[-40.1070634,-11.1925423],[-40.1335577999999,-11.178819],[-40.1611776999999,-11.1827731],[-40.16363,-11.1910576999999],[-40.1959302999999,-11.1873199],[-40.2055255,-11.1768026]]]}},{"type":"Feature","id":"2928406","properties":{"codigoIbge":"2928406","municipio":"Santa Rita de Cássia","cpr":"CPR-O","cprs":["CPR-O"],"opm":"86ª CIPM/FORMOSA DO RIO PRETO","opms":["86ª CIPM/FORMOSA DO RIO PRETO"],"cprExato":true,"opmExata":true,"somenteReferencia":false},"geometry":{"type":"Polygon","coordinates":[[[-44.2496421,-11.1372895],[-44.3522558,-11.2294036],[-44.495849,-11.402684],[-44.5162835,-11.4160947],[-44.5413038,-11.4178577],[-44.5555199999999,-11.4028112999999],[-44.6723236,-11.4125718],[-44.7131835,-11.39679],[-44.7680865,-11.4217293999999],[-44.7864427,-11.420442],[-44.8174455,-11.3846841],[-44.8392638,-11.3851046999999],[-44.8693726,-11.347474],[-44.9108639999999,-11.3538788999999],[-44.9412826,-11.3396696],[-44.9596089999999,-11.3513925999999],[-44.9656500999999,-11.3776086],[-44.9793852,-11.3861287],[-44.9932337,-11.3578606999999],[-44.9506175,-11.2925445],[-44.9630859,-11.2244443],[-44.9418848999999,-11.2011017999999],[-44.9769461999999,-11.1891893],[-44.9857221,-11.1524724],[-45.0087523,-11.1236994],[-44.9593138,-11.0696265],[-44.9773747,-11.0371595999999],[-44.9700318,-11.0048179999999],[-44.9791451,-10.9572287],[-44.9446945999999,-10.9189995999999],[-44.9284256999999,-10.9279470999999],[-44.8596626,-10.8831792999999],[-44.8442989,-10.9000328],[-44.8083291999999,-10.8661494999999],[-44.8103230999999,-10.8465841999999],[-44.7880618999999,-10.8085215999999],[-44.7589257,-10.8048461],[-44.7583387999999,-10.7889837999999],[-44.7460867999999,-10.7775803],[-44.7145743,-10.7617251],[-44.6872112,-10.7692051],[-44.6676846999999,-10.7600565999999],[-44.6666217,-10.6823421999999],[-44.6184759999999,-10.6710671],[-44.5849044,-10.6293509],[-44.5510783999999,-10.6285808],[-44.5222653,-10.6498040999999],[-44.5005052,-10.6497019],[-44.4767366999999,-10.6393045999999],[-44.4563110999999,-10.6080997],[-44.4236485,-10.6132668],[-44.3980736999999,-10.6058780999999],[-44.3492851999999,-10.5524811999999],[-44.3330996999999,-10.5487656],[-44.3060988999999,-10.5655358],[-44.2640198,-10.62467],[-44.2414587,-10.6273376],[-44.2086475,-10.6153242],[-44.1655400999999,-10.6429012999999],[-44.1082132,-10.80832],[-44.1389942,-10.8346817],[-44.1467714,-10.9226009999999],[-44.1642692999999,-10.9477042999999],[-44.1618031,-10.9574307],[-44.2188204,-11.028878],[-44.2258735999999,-11.0592741],[-44.2191012,-11.086897],[-44.2496421,-11.1372895]]]}},{"type":"Feature","id":"2913101","properties":{"codigoIbge":"2913101","municipio":"Ibititá","cpr":"CPR-CN","cprs":["CPR-CN"],"opm":"7 BPM/IRECÊ","opms":["7 BPM/IRECÊ"],"cprExato":true,"opmExata":true,"somenteReferencia":false},"geometry":{"type":"Polygon","coordinates":[[[-41.8755477,-11.7352392],[-41.911423693,-11.7597453999999],[-41.9234926,-11.738727303],[-41.9291808999999,-11.672919],[-42.0435893,-11.5713704],[-42.0361657,-11.5175457999999],[-42.0077755999999,-11.4570537],[-41.9426159999999,-11.3812480999999],[-41.9415198,-11.4152961],[-41.9216719999999,-11.4484608999999],[-41.8728149,-11.4925547],[-41.7872057,-11.6246101999999],[-41.771382,-11.6643002],[-41.7729342,-11.6821899999999],[-41.7826560999999,-11.6866616],[-41.7970763,-11.6915447],[-41.8134165,-11.6823633],[-41.8549594999999,-11.6993254999999],[-41.8711218999999,-11.7139521],[-41.8755477,-11.7352392]]]}},{"type":"Feature","id":"2920205","properties":{"codigoIbge":"2920205","municipio":"Malhada","cpr":"CPR-MO","cprs":["CPR-MO"],"opm":"38ª CIPM/BOM JESUS DA LAPA","opms":["38ª CIPM/BOM JESUS DA LAPA"],"cprExato":true,"opmExata":true,"somenteReferencia":false},"geometry":{"type":"Polygon","coordinates":[[[-43.6268972,-14.549775],[-43.6588872999999,-14.6389128],[-43.6579012999999,-14.6746633],[-43.6753775,-14.6892998],[-43.6813069,-14.7085805999999],[-43.7113292,-14.7174540999999],[-43.7262588999999,-14.6981615999999],[-43.7555123999999,-14.7008350999999],[-43.7856621999999,-14.6857189999999],[-43.859201,-14.6742988],[-43.873259,-14.6535913],[-43.8835076,-14.6532321999999],[-43.8771467,-14.6403283],[-43.8857866,-14.6354256999999],[-43.8746265,-14.6367653999999],[-43.8817541999999,-14.6294399],[-43.8700638,-14.6128275999999],[-43.8872024999999,-14.5831372],[-43.8738772999999,-14.5205836],[-43.8319645999999,-14.4430072],[-43.8193879,-14.3893050999999],[-43.697262,-14.2097325],[-43.6572376999999,-14.0474538999999],[-43.6563078,-14.0097617],[-43.6252408999999,-13.9522681999999],[-43.613782,-13.8953741],[-43.6164987999999,-13.8413467],[-43.5870509,-13.8122142999999],[-43.5926128999999,-13.7632755999999],[-43.562463,-13.7423999],[-43.5483541,-13.7122176],[-43.5567568,-13.644507],[-43.5185349,-13.5818551999999],[-43.4671355,-13.5671341999999],[-43.4454602,-13.5425326],[-43.4426180999999,-13.5593254],[-43.4761389,-13.6262341999999],[-43.4993335999999,-13.7333522],[-43.5376810999999,-13.7723738999999],[-43.5451932999999,-13.7939263],[-43.5167069,-13.7928774],[-43.5111545999999,-13.8153394],[-43.4801846,-13.8321000999999],[-43.4825058,-13.8504525999999],[-43.459648,-13.8720129],[-43.4394639,-13.8761721999999],[-43.48766331,-14.090620395],[-43.4563218,-14.1661182],[-43.480716195,-14.1764545899999],[-43.5698887999999,-14.1819096999999],[-43.5790840999999,-14.2374958],[-43.5753483999999,-14.2838556999999],[-43.5960969999999,-14.2855344],[-43.6974911999999,-14.3486801],[-43.7195002999999,-14.3970957],[-43.6974162999999,-14.4222543999999],[-43.6724452,-14.49459],[-43.6631411,-14.5005798999999],[-43.6730909,-14.5437355999999],[-43.6519774,-14.5579989],[-43.6268972,-14.549775]]]}},{"type":"Feature","id":"2913200","properties":{"codigoIbge":"2913200","municipio":"Ibotirama","cpr":"CPR-MO","cprs":["CPR-MO"],"opm":"28ª CIPM/IBOTIRAMA","opms":["28ª CIPM/IBOTIRAMA"],"cprExato":true,"opmExata":true,"somenteReferencia":false},"geometry":{"type":"Polygon","coordinates":[[[-42.9738057,-12.2090165],[-42.9809756999999,-12.2602386],[-42.9637149,-12.2687223999999],[-42.9624284,-12.2851056],[-42.9723355,-12.332486],[-43.0370937,-12.3307880999999],[-43.0591252,-12.3494655],[-43.0769826,-12.3356868],[-43.0778149,-12.3181261999999],[-43.1066124,-12.3099569999999],[-43.1194877,-12.3281741],[-43.2039015999999,-12.3530451],[-43.2527805999999,-12.3811443999999],[-43.2837997999999,-12.3465555],[-43.2815093999999,-12.2691958],[-43.2606953,-12.2344512999999],[-43.2634303,-12.2209022],[-43.2252774999999,-12.1872883999999],[-43.2334433999999,-12.1713149],[-43.2821938,-12.1356855999999],[-43.3027531,-12.0502804],[-43.3515965,-12.0110076],[-43.3593296999999,-11.962883],[-43.3540889,-11.9089405999999],[-43.3153632,-11.8751523],[-43.3131276999999,-11.8632921],[-43.3491991,-11.7983302],[-43.3483069,-11.7350959999999],[-43.3860107,-11.6717695999999],[-43.3789361999999,-11.6282325999999],[-43.3416713,-11.5808903],[-43.3040819999999,-11.5816017999999],[-43.2822391999999,-11.5618322],[-43.2924048,-11.58948],[-43.2777331,-11.6240157999999],[-43.282476,-11.6544891999999],[-43.2646819999999,-11.6540163],[-43.2569448,-11.6638409],[-43.2432865,-11.6575348],[-43.2262226999999,-11.6767053],[-43.2456596,-11.7065688],[-43.2345453,-11.7152589999999],[-43.2268247,-11.7818597999999],[-43.2141892999999,-11.8103346999999],[-43.1928966,-11.8071396],[-43.1864327,-11.8903475],[-43.1642543999999,-11.9018685999999],[-43.1707863999999,-11.9365099],[-43.1395515,-11.9744592],[-43.1437215,-12.044366],[-43.0922014,-12.0560010999999],[-43.0747337,-12.0950836],[-43.0574372,-12.0969115],[-43.0636003,-12.1399491999999],[-43.056321,-12.1545194],[-43.0339124,-12.1494999999999],[-42.9981787,-12.1896277],[-42.9807235,-12.1904908999999],[-42.9738057,-12.2090165]]]}},{"type":"Feature","id":"2905008","properties":{"codigoIbge":"2905008","municipio":"Caculé","cpr":"CPR-MO","cprs":["CPR-MO"],"opm":"94ª CIPM/CAETITÉ","opms":["94ª CIPM/CAETITÉ"],"cprExato":true,"opmExata":true,"somenteReferencia":false},"geometry":{"type":"Polygon","coordinates":[[[-42.2477508969999,-14.6090353069999],[-42.2693447,-14.6312515999999],[-42.3345275999999,-14.6231546999999],[-42.332103495,-14.592958785],[-42.3565336,-14.573275005],[-42.3431955999999,-14.56466728],[-42.34274942,-14.5535432799999],[-42.32398921,-14.5489395],[-42.3475522099999,-14.51665829],[-42.3418415199999,-14.50257191],[-42.3569665099999,-14.4801864099999],[-42.3518769899999,-14.4688945799999],[-42.3752621899999,-14.4561871999999],[-42.3925744699999,-14.42631843],[-42.4631489999999,-14.4215005999999],[-42.4663676,-14.405744],[-42.5025676,-14.3995502999999],[-42.5210561,-14.4115606],[-42.5137391,-14.3817696999999],[-42.4923431,-14.3766408],[-42.4611358,-14.3517325999999],[-42.4631625,-14.364548],[-42.427692,-14.3561146],[-42.4177589999999,-14.3712351999999],[-42.3969542999999,-14.3734501],[-42.3758179,-14.3915668],[-42.3560091849999,-14.3771768949999],[-42.3300224,-14.3818616999999],[-42.3224319,-14.3923313],[-42.2972374,-14.3765124],[-42.2314756,-14.3776129],[-42.1733758,-14.4081045999999],[-42.1512200999999,-14.4893322],[-42.1782617,-14.5144875999999],[-42.1541812,-14.5282338],[-42.1569064,-14.5970416],[-42.19485622,-14.6074573999999],[-42.2166327799999,-14.5981641999999],[-42.2477508969999,-14.6090353069999]]]}},{"type":"Feature","id":"2928208","properties":{"codigoIbge":"2928208","municipio":"Santana","cpr":"CPR-O","cprs":["CPR-O"],"opm":"30ª CIPM/SANTA MARIA DA VITÓRIA","opms":["30ª CIPM/SANTA MARIA DA VITÓRIA"],"cprExato":true,"opmExata":true,"somenteReferencia":false},"geometry":{"type":"Polygon","coordinates":[[[-43.8807381999999,-13.3025777],[-43.9138189,-13.2938662999999],[-43.9402916,-13.303058],[-43.9535354999999,-13.3184648],[-43.9729442,-13.3068618],[-43.9943790999999,-13.3196725],[-44.0074567,-13.2945768],[-43.9927557999999,-13.253505],[-44.0693231,-13.2130137999999],[-44.0951042,-13.2166237],[-44.1064981,-13.2294499999999],[-44.0975526,-13.0748166],[-44.1061356,-13.0492419],[-44.1127443999999,-13.040445],[-44.1324299,-13.0406644999999],[-44.2019056999999,-12.9886766],[-44.1888195999999,-12.9751148],[-44.1949188999999,-12.9709983999999],[-44.235689,-12.9819213],[-44.2594640999999,-12.978023],[-44.2634171,-12.9596410999999],[-44.2384802,-12.9461694],[-44.2351887999999,-12.9124320999999],[-44.2508422,-12.9059344],[-44.2397667,-12.8871338],[-44.1839577,-12.8777196999999],[-44.1683298,-12.8602756999999],[-44.1714418999999,-12.8523926],[-44.1446893,-12.8526307999999],[-44.132264,-12.8425321],[-44.0656114999999,-12.8749764],[-44.0027621,-12.8528549],[-43.9828639,-12.8636744999999],[-43.9766223,-12.8781681999999],[-43.9162201,-12.901419],[-43.9130848,-12.9232777],[-43.8840956,-12.9494831],[-43.8907273,-12.9659005],[-43.8299807,-12.9866196999999],[-43.7318900999999,-12.9497019999999],[-43.7172103999999,-12.9314158],[-43.7058531,-12.9437879999999],[-43.6863569999999,-12.9331870999999],[-43.6815549,-13.1158809999999],[-43.6456011,-13.1385715],[-43.6346384,-13.1711561999999],[-43.6402446,-13.1847513],[-43.6945024999999,-13.1697106],[-43.7051463,-13.1877714999999],[-43.7264167,-13.1850004999999],[-43.731976,-13.2067481],[-43.8043749999999,-13.2198903],[-43.8656769999999,-13.2643065999999],[-43.8807381999999,-13.3025777]]]}},{"type":"Feature","id":"2920007","properties":{"codigoIbge":"2920007","municipio":"Maiquinique","cpr":"CPR-S","cprs":["CPR-S"],"opm":"8ª CIPM/ITAPETINGA","opms":["8ª CIPM/ITAPETINGA"],"cprExato":true,"opmExata":true,"somenteReferencia":false},"geometry":{"type":"Polygon","coordinates":[[[-40.3225060999999,-15.8203344999999],[-40.4021658999999,-15.8167020999999],[-40.4250337999999,-15.8057084],[-40.4324702,-15.7786532],[-40.4500338,-15.7615733],[-40.4356083,-15.7557070999999],[-40.41696,-15.7763232],[-40.4003259999999,-15.7635174],[-40.3554743999999,-15.7558377999999],[-40.3786716,-15.7133355],[-40.3538126,-15.7014421],[-40.3453517999999,-15.6755545999999],[-40.3588986,-15.6594034],[-40.3326388999999,-15.6311451],[-40.3472148,-15.6051684999999],[-40.3497235999999,-15.5743471],[-40.3226698,-15.5828225],[-40.3178050999999,-15.6141436],[-40.2970074,-15.6031707999999],[-40.3001224,-15.5805766],[-40.2846817,-15.5968951999999],[-40.2630827,-15.4762873],[-40.2504428,-15.4832084999999],[-40.2350580999999,-15.5254052999999],[-40.2017576,-15.5439845999999],[-40.1935751999999,-15.5378805999999],[-40.1864932,-15.5480219],[-40.1709073,-15.5443041999999],[-40.1473700999999,-15.5113342999999],[-40.1397941,-15.5183971],[-40.1355515,-15.5127146],[-40.1339331999999,-15.5966342999999],[-40.1746547,-15.6215271999999],[-40.1671608,-15.6425432],[-40.1884163,-15.7077558999999],[-40.1771897,-15.72603],[-40.1951084999999,-15.7273726],[-40.1987553,-15.7592776999999],[-40.2328821999999,-15.7563903],[-40.2421659,-15.7826357],[-40.2375823,-15.8050555999999],[-40.274711,-15.8180442999999],[-40.2826655,-15.8079719999999],[-40.3225060999999,-15.8203344999999]]]}},{"type":"Feature","id":"2928307","properties":{"codigoIbge":"2928307","municipio":"Santanópolis","cpr":"CPR-L","cprs":["CPR-L"],"opm":"97ª CIPM/IRARÁ","opms":["97ª CIPM/IRARÁ"],"cprExato":true,"opmExata":true,"somenteReferencia":false},"geometry":{"type":"Polygon","coordinates":[[[-38.8065086,-12.0228584],[-38.8433477999999,-12.1063917],[-38.8746439,-12.0967954],[-38.8817973,-12.0657083999999],[-38.8968159999999,-12.0562199],[-38.904413,-12.0322164999999],[-38.8977654999999,-11.977947],[-38.9149932999999,-11.8997141999999],[-38.8687308,-11.8159565],[-38.8226607999999,-11.9584308999999],[-38.8075916,-11.9759276999999],[-38.8065086,-12.0228584]]]}},{"type":"Feature","id":"2912509","properties":{"codigoIbge":"2912509","municipio":"Ibipitanga","cpr":"CPR-MO","cprs":["CPR-MO"],"opm":"4ª CIPM/MACAÚBAS","opms":["4ª CIPM/MACAÚBAS"],"cprExato":true,"opmExata":true,"somenteReferencia":false},"geometry":{"type":"Polygon","coordinates":[[[-42.2509506,-12.9779866],[-42.2892292999999,-13.0338712],[-42.3037459999999,-13.0264789999999],[-42.3371902,-13.0430638],[-42.3542128,-13.0338320999999],[-42.381249,-13.0483659],[-42.4135032,-13.0267306],[-42.4183674,-12.9683067],[-42.4408811,-12.9476005],[-42.4559522,-12.947441],[-42.44843,-12.926974],[-42.4915121999999,-12.8967620999999],[-42.4911028999999,-12.8709641],[-42.5028619,-12.8640015999999],[-42.4981498999999,-12.8542449],[-42.529625,-12.8238124],[-42.5110801,-12.7753448999999],[-42.4955823,-12.7678541],[-42.5011279,-12.7496353999999],[-42.4948578,-12.7410768],[-42.5171663,-12.7117276],[-42.4787658,-12.710954],[-42.4505194,-12.6870605],[-42.3958676999999,-12.6968123],[-42.3538331,-12.7169066],[-42.2972369,-12.7034586],[-42.2684859999999,-12.7189772999999],[-42.2424149,-12.8074065],[-42.2487391,-12.8160655],[-42.2237977,-12.8623598],[-42.2120892999999,-12.9217462999999],[-42.1961741,-12.9222301],[-42.1677147999999,-12.9581962],[-42.202237,-12.9646615999999],[-42.2120156999999,-12.9835075],[-42.2509506,-12.9779866]]]}},{"type":"Feature","id":"2904308","properties":{"codigoIbge":"2904308","municipio":"Brejões","cpr":"CPR-R","cprs":["CPR-R"],"opm":"99ª CIPM/AMARGOSA","opms":["99ª CIPM/AMARGOSA"],"cprExato":true,"opmExata":true,"somenteReferencia":false},"geometry":{"type":"Polygon","coordinates":[[[-39.7384981,-13.1186253],[-39.7563372,-13.1293276],[-39.7606716,-13.1442819],[-39.7437742,-13.1599452999999],[-39.7432193,-13.1918944],[-39.7661084,-13.1789074],[-39.8093534,-13.1859929999999],[-39.8126761,-13.1940251],[-39.8290794,-13.1859132],[-39.8384649,-13.1903606],[-39.8315168999999,-13.2055154999999],[-39.8459650999999,-13.2037230999999],[-39.8894844,-13.1666875999999],[-39.921283,-13.1640925999999],[-39.9626835,-13.0955440999999],[-39.9566950999999,-13.060053],[-39.9681257999999,-13.0391073],[-39.9530468,-12.994841],[-39.9043432999999,-12.9342116],[-39.8863163999999,-12.9430447],[-39.8770729999999,-12.9364456],[-39.8496213999999,-12.9640697999999],[-39.8059928,-12.9779341999999],[-39.7672469,-13.0477046999999],[-39.7102088999999,-13.0969843999999],[-39.6971579,-13.1254572999999],[-39.7108895,-13.1322627],[-39.7384981,-13.1186253]]]}},{"type":"Feature","id":"2920106","properties":{"codigoIbge":"2920106","municipio":"Mairi","cpr":"CPR-CH","cprs":["CPR-CH"],"opm":"91ª CIPM/CAPIM GROSSO","opms":["91ª CIPM/CAPIM GROSSO"],"cprExato":true,"opmExata":true,"somenteReferencia":false},"geometry":{"type":"Polygon","coordinates":[[[-40.038577,-11.8365037999999],[-40.0381662999999,-11.8501226999999],[-40.0588954,-11.8396152999999],[-40.1213657,-11.8503780999999],[-40.1374458999999,-11.8399598],[-40.1616425,-11.8491098],[-40.1958362,-11.8357118],[-40.1930611999999,-11.8280134999999],[-40.2968840999999,-11.8098049999999],[-40.3144763999999,-11.8235395],[-40.3638195,-11.827895],[-40.3702584,-11.7554959],[-40.3571406999999,-11.7412083999999],[-40.3623084,-11.7004575999999],[-40.3534159,-11.6758406],[-40.3633295,-11.6699636999999],[-40.370674198,-11.6162358],[-40.341236495,-11.6024275999999],[-40.33750959,-11.58722101],[-40.325968985,-11.6109310149999],[-40.267860995,-11.608696505],[-40.25535981,-11.59658109],[-40.2431147,-11.6120726999999],[-40.2308391,-11.605292597],[-40.1772754,-11.6425369999999],[-40.1375831999999,-11.6426784999999],[-40.0702813,-11.6629098],[-40.0387956,-11.6973892],[-39.9358849,-11.6973728999999],[-39.9197543929999,-11.6873853029999],[-39.9085778849999,-11.7205959],[-39.9984798999999,-11.7798445],[-39.9948137,-11.7999611],[-40.0240704,-11.8136701],[-40.0154903,-11.8323612999999],[-40.038577,-11.8365037999999]]]}},{"type":"Feature","id":"2920452","properties":{"codigoIbge":"2920452","municipio":"Mansidão","cpr":"CPR-O","cprs":["CPR-O"],"opm":"86ª CIPM/FORMOSA DO RIO PRETO","opms":["86ª CIPM/FORMOSA DO RIO PRETO"],"cprExato":true,"opmExata":true,"somenteReferencia":false},"geometry":{"type":"Polygon","coordinates":[[[-44.495849,-11.402684],[-44.3522558,-11.2294036],[-44.2713818,-11.1629924],[-44.2191012,-11.086897],[-44.2258735999999,-11.0592741],[-44.2188204,-11.028878],[-44.1618031,-10.9574307],[-44.1642692999999,-10.9477042999999],[-44.1467714,-10.9226009999999],[-44.1389942,-10.8346817],[-44.1082132,-10.80832],[-44.1655400999999,-10.6429012999999],[-44.1343699999999,-10.6371004],[-44.1106215999999,-10.5971959999999],[-44.0834293999999,-10.5890901999999],[-44.0581984,-10.6218201],[-43.9970347999999,-10.6405273],[-43.9917599,-10.6666987999999],[-43.943373,-10.7121438999999],[-43.9068546999999,-10.7986721999999],[-43.9209547999999,-10.8128738],[-43.9201432999999,-10.8271768],[-43.9007109,-10.8570667999999],[-43.9222482,-10.8746270999999],[-43.9243883999999,-10.8992577],[-43.9628415,-10.9316128999999],[-44.0076314,-10.9361590999999],[-44.0259270999999,-10.9542847999999],[-43.9653618,-11.0444856],[-43.9219935,-11.0880926],[-43.8616784,-11.2808104],[-43.8298859,-11.3489719999999],[-43.8556189999999,-11.3656200999999],[-43.8775985999999,-11.3540733],[-43.911212,-11.3650714],[-43.9212214999999,-11.3460097999999],[-43.9263048999999,-11.3704127],[-43.9456623999999,-11.3642288],[-43.9554294,-11.377046],[-43.9859566,-11.3812096],[-43.9736042,-11.3980023],[-44.0002471,-11.3972914],[-43.988602,-11.4123890999999],[-43.9948841999999,-11.4226591],[-44.0102725,-11.4111174],[-44.0198303999999,-11.4275638999999],[-44.034894,-11.4222035999999],[-44.0318890999999,-11.4444028],[-44.0513185,-11.4288834],[-44.0676804999999,-11.4399569999999],[-44.0801934,-11.4205952999999],[-44.0872654,-11.4274215999999],[-44.0906034,-11.4202488],[-44.1205833,-11.4188902],[-44.1190755,-11.4377838],[-44.1481879,-11.430217],[-44.1680570999999,-11.4570765999999],[-44.1744866999999,-11.4489452999999],[-44.1826763,-11.4566613],[-44.1933318,-11.4501463999999],[-44.1951753,-11.4603675],[-44.2082103,-11.4589539999999],[-44.2152475999999,-11.4692613999999],[-44.2258277999999,-11.4517847999999],[-44.2380274999999,-11.4716615],[-44.2512462,-11.4617413],[-44.2630541,-11.4783274],[-44.2768887999999,-11.4719373999999],[-44.2847940999999,-11.4821659999999],[-44.2896709999999,-11.4719535999999],[-44.299115,-11.4853204],[-44.3056192999999,-11.4781199],[-44.3212296999999,-11.4880138],[-44.3341176,-11.4828456999999],[-44.3385006999999,-11.4936357999999],[-44.3499995,-11.4781359999999],[-44.3434999999999,-11.4792826999999],[-44.3418698999999,-11.4650579999999],[-44.3514336,-11.4446391],[-44.3769212,-11.4432428],[-44.3713301999999,-11.4331151],[-44.3795618999999,-11.4155223999999],[-44.391762,-11.4191529],[-44.3916371999999,-11.3966164999999],[-44.4174720999999,-11.3635143999999],[-44.4369968,-11.3882978],[-44.464238,-11.3883079999999],[-44.4742356,-11.4069347],[-44.495849,-11.402684]]]}},{"type":"Feature","id":"2928604","properties":{"codigoIbge":"2928604","municipio":"Santo Amaro","cpr":"CPR-R","cprs":["CPR-R"],"opm":"20ª CIPM/SANTO AMARO","opms":["20ª CIPM/SANTO AMARO"],"cprExato":true,"opmExata":true,"somenteReferencia":false},"geometry":{"type":"Polygon","coordinates":[[[-38.7565264,-12.7194104],[-38.7884953999999,-12.7270960999999],[-38.8264250999999,-12.71489581],[-38.82999919,-12.7035411099999],[-38.810835305,-12.6923664999999],[-38.8167602,-12.6648991],[-38.79585801,-12.64911559],[-38.79363338,-12.6245894099999],[-38.8069537,-12.6109842999999],[-38.8081834,-12.5852553999999],[-38.8151680999999,-12.5956318999999],[-38.8201228999999,-12.5939903999999],[-38.8117035,-12.5850924],[-38.8257713,-12.5787450999999],[-38.8216447999999,-12.5682310999999],[-38.8437936999999,-12.5634166999999],[-38.8450554,-12.5499791999999],[-38.8507448,-12.5633533999999],[-38.8811292999999,-12.5214945999999],[-38.8774337,-12.5106608999999],[-38.8374957,-12.5127016],[-38.8340598,-12.4921361999999],[-38.8519426999999,-12.4837826999999],[-38.8381605,-12.4087747],[-38.8274016999999,-12.3967165999999],[-38.8361879,-12.3681855],[-38.7951897,-12.3695005],[-38.8138973,-12.3804094999999],[-38.8108448999999,-12.3938805],[-38.7423008,-12.4732471],[-38.6561290999999,-12.4842189],[-38.6443260999999,-12.5130715],[-38.6514986,-12.5538478],[-38.6878829999999,-12.5514441],[-38.6955354,-12.5905377],[-38.7099539,-12.5949787],[-38.7179462,-12.6143256999999],[-38.7137792999999,-12.6517435],[-38.6842735,-12.6875403999999],[-38.6872081999999,-12.7265396999999],[-38.7565264,-12.7194104]]]}},{"type":"Feature","id":"2920403","properties":{"codigoIbge":"2920403","municipio":"Manoel Vitorino","cpr":"CPR-MRC","cprs":["CPR-MRC"],"opm":"19 BPM/JEQUIÉ","opms":["19 BPM/JEQUIÉ"],"cprExato":true,"opmExata":true,"somenteReferencia":false},"geometry":{"type":"Polygon","coordinates":[[[-40.1958638999999,-14.2393757],[-40.3286677,-14.2828433],[-40.35259,-14.2740378999999],[-40.3545429,-14.2902971],[-40.3702934,-14.2939312],[-40.3562067999999,-14.3102352],[-40.3726030999999,-14.3058745],[-40.3840345999999,-14.2839119],[-40.3751104999999,-14.2745575],[-40.3793585,-14.2670378999999],[-40.4181841,-14.2721779999999],[-40.4540703,-14.2570039999999],[-40.4660397,-14.2653172999999],[-40.4704783999999,-14.2358872999999],[-40.4921902999999,-14.2255752999999],[-40.4887742,-14.2021349999999],[-40.5755564999999,-14.1798562],[-40.6513624999999,-14.1399741999999],[-40.6787308999999,-14.1456656],[-40.6873509,-14.1190516999999],[-40.8690733999999,-14.0314167999999],[-40.8611142999999,-14.0247436],[-40.8864715999999,-13.9840067],[-40.9302878,-13.9828765],[-40.9341861,-13.9614819],[-40.9463213999999,-13.9553548],[-40.9497679,-13.9063087],[-40.9246411,-13.9207266],[-40.9115843,-13.9138659],[-40.9132739,-13.9016192999999],[-40.9271639,-13.9048313],[-40.9363547999999,-13.8949699999999],[-40.9056676,-13.8861193],[-40.8794144999999,-13.8438864],[-40.8504263,-13.8502506999999],[-40.7924310999999,-13.8344355999999],[-40.7361495,-13.8357925],[-40.7300736999999,-13.828451],[-40.7195323,-13.8424734],[-40.6953925999999,-13.8377950999999],[-40.6771993999999,-13.8505428],[-40.6480420999999,-13.8356884999999],[-40.6074123999999,-13.8666284],[-40.5303251,-13.8676804999999],[-40.5276496,-13.8879243],[-40.5054249999999,-13.8866853],[-40.5101779,-13.9105033],[-40.5220151999999,-13.9198648999999],[-40.5126415,-13.948095],[-40.3493214,-14.0328979],[-40.3178239,-14.0058422999999],[-40.2481791,-14.0423604],[-40.2366474999999,-14.0314169],[-40.215267,-14.0364413],[-40.2051602,-14.0534683999999],[-40.2075154,-14.0706375],[-40.2198857999999,-14.0721184999999],[-40.2147828,-14.0862902],[-40.2222765999999,-14.104753],[-40.2109010999999,-14.1257429],[-40.1848957999999,-14.1217445999999],[-40.1753993999999,-14.1342440999999],[-40.1923388,-14.2231135],[-40.1811456,-14.2241081999999],[-40.1958638999999,-14.2393757]]]}},{"type":"Feature","id":"2928703","properties":{"codigoIbge":"2928703","municipio":"Santo Antônio de Jesus","cpr":"CPR-R","cprs":["CPR-R"],"opm":"14 BPM/SANTO ANTÔNIO DE JESUS","opms":["14 BPM/SANTO ANTÔNIO DE JESUS"],"cprExato":true,"opmExata":true,"somenteReferencia":false},"geometry":{"type":"Polygon","coordinates":[[[-39.2204295999999,-13.0838555],[-39.2278787,-13.0960855],[-39.2464074,-13.0953269999999],[-39.2625191999999,-13.0580583],[-39.2838675,-13.0594500999999],[-39.2876188,-13.0493059],[-39.3197706999999,-13.0426706],[-39.3095380999999,-13.0259217],[-39.3130063999999,-12.9948633999999],[-39.3262503,-12.9773779999999],[-39.3157565,-12.9446373],[-39.2619961999999,-12.953612],[-39.2528902999999,-12.9348502],[-39.2305345999999,-12.9447699999999],[-39.1784446,-12.9467273],[-39.1642168,-12.9638078999999],[-39.120444,-12.9630316999999],[-39.1049080999999,-12.9744006999999],[-39.1088106999999,-12.9964289],[-39.1325121,-12.9869828],[-39.1496051,-13.0009658],[-39.1451021999999,-13.0193839],[-39.1681993,-13.0770234],[-39.2204295999999,-13.0838555]]]}},{"type":"Feature","id":"2920502","properties":{"codigoIbge":"2920502","municipio":"Maracás","cpr":"CPR-MRC","cprs":["CPR-MRC"],"opm":"93ª CIPM/MARACÁS","opms":["93ª CIPM/MARACÁS"],"cprExato":true,"opmExata":true,"somenteReferencia":false},"geometry":{"type":"Polygon","coordinates":[[[-40.4984669,-13.7162023999999],[-40.5317780999999,-13.7188998],[-40.5381080999999,-13.7314231999999],[-40.5195654999999,-13.7886323999999],[-40.4397291999999,-13.8646333999999],[-40.5100072,-13.8887399999999],[-40.5290062,-13.8868184999999],[-40.5326441999999,-13.8666471999999],[-40.5569098,-13.8727653999999],[-40.6074123999999,-13.8666284],[-40.6470813,-13.8359887],[-40.6659832,-13.8360656999999],[-40.7042387,-13.7965563],[-40.6972704999999,-13.7817694999999],[-40.7030425,-13.7644604],[-40.7281063,-13.7520938],[-40.7154623,-13.7469632],[-40.7260282999999,-13.7221157],[-40.7180824,-13.7102293],[-40.7250364,-13.6918497999999],[-40.7066356,-13.6821929999999],[-40.7133858999999,-13.6682132999999],[-40.7011305,-13.6450348],[-40.7101815999999,-13.6302856999999],[-40.6897739999999,-13.6093577999999],[-40.6869388,-13.5483116999999],[-40.6970251,-13.5068980999999],[-40.7375015,-13.4635723],[-40.7291084999999,-13.427516],[-40.7714437,-13.3981711],[-40.7845462,-13.369678],[-40.7244461,-13.2766851],[-40.71973,-13.2390414999999],[-40.6272584,-13.1825742],[-40.584796,-13.2153256],[-40.5254202,-13.1834261999999],[-40.4060514,-13.2902015],[-40.2778319,-13.3455976999999],[-40.2900028,-13.3562583],[-40.2976619999999,-13.4149131],[-40.3291667999999,-13.4855340999999],[-40.3592098999999,-13.5081633],[-40.4029207999999,-13.574016],[-40.4239636999999,-13.5891908999999],[-40.439789,-13.5834892999999],[-40.4378912999999,-13.6011763],[-40.4208247,-13.6177415999999],[-40.4282069,-13.6317048],[-40.4487892,-13.6325376],[-40.4507093,-13.6566399],[-40.47651,-13.6421745],[-40.4996358999999,-13.6505774999999],[-40.4871294,-13.6766183],[-40.4744928,-13.6801060999999],[-40.4984669,-13.7162023999999]]]}},{"type":"Feature","id":"2928505","properties":{"codigoIbge":"2928505","municipio":"Santa Terezinha","cpr":"CPR-CH","cprs":["CPR-CH"],"opm":"11 BPM/ITABERABA","opms":["11 BPM/ITABERABA"],"cprExato":true,"opmExata":true,"somenteReferencia":false},"geometry":{"type":"Polygon","coordinates":[[[-39.491586,-12.8145496],[-39.475603,-12.8538669],[-39.5749109999999,-12.8991037],[-39.5804954,-12.893166],[-39.5904811999999,-12.9051292999999],[-39.6044022,-12.8931100999999],[-39.6304691999999,-12.9179114999999],[-39.6304752,-12.9303747],[-39.6495070999999,-12.9279958],[-39.6475023,-12.9180388999999],[-39.6598878999999,-12.9269055],[-39.6569909999999,-12.9105028999999],[-39.6661149,-12.9154602999999],[-39.6787497999999,-12.8872592],[-39.6734895,-12.753476],[-39.6528231,-12.7619796],[-39.6343530999999,-12.7402705],[-39.660241,-12.6939968999999],[-39.6510989,-12.6688417999999],[-39.6677142,-12.6481324],[-39.6690091,-12.6269798],[-39.6385665,-12.5842165999999],[-39.6151455999999,-12.5968162],[-39.6062628,-12.5755050999999],[-39.5773108999999,-12.5504151],[-39.5489823999999,-12.5571924],[-39.5296289999999,-12.5857257],[-39.4397159,-12.6146772999999],[-39.4364482999999,-12.6791833999999],[-39.4672906,-12.6994417],[-39.4727635,-12.7233540999999],[-39.4937798999999,-12.7300959999999],[-39.50184,-12.7427622],[-39.5057803,-12.8090422],[-39.491586,-12.8145496]]]}},{"type":"Feature","id":"2920304","properties":{"codigoIbge":"2920304","municipio":"Malhada de Pedras","cpr":"CPR-SO","cprs":["CPR-SO"],"opm":"24 BPM/BRUMADO","opms":["24 BPM/BRUMADO"],"cprExato":true,"opmExata":true,"somenteReferencia":false},"geometry":{"type":"Polygon","coordinates":[[[-41.7636812,-14.2558389],[-41.717818,-14.4249129],[-41.7208636999999,-14.4463756],[-41.6967506,-14.4571407999999],[-41.6937242,-14.476097],[-41.8360069999999,-14.4651332],[-41.9323623999999,-14.419479],[-41.9529671,-14.3898793],[-41.9672997,-14.2927632999999],[-41.9805903,-14.2867477],[-41.9860671,-14.2547582999999],[-41.9687228,-14.2500289],[-41.9685095,-14.2339799],[-41.9255443,-14.2276719999999],[-41.8003446,-14.2609749],[-41.7636812,-14.2558389]]]}},{"type":"Feature","id":"2912400","properties":{"codigoIbge":"2912400","municipio":"Ibipeba","cpr":"CPR-CN","cprs":["CPR-CN"],"opm":"7 BPM/IRECÊ","opms":["7 BPM/IRECÊ"],"cprExato":true,"opmExata":true,"somenteReferencia":false},"geometry":{"type":"Polygon","coordinates":[[[-41.91136841,-11.7593499999999],[-41.9328446,-11.7788505999999],[-41.935583,-11.7943792],[-41.9427252999999,-11.7923443999999],[-41.943001,-11.8054675999999],[-41.9575538999999,-11.8050201999999],[-41.9708232999999,-11.8015412],[-41.9670242999999,-11.7616429],[-41.989102095,-11.7426695949999],[-42.0366351,-11.7284407],[-42.1362367,-11.7411908],[-42.3600246,-11.7139867999999],[-42.3412102999999,-11.6888989],[-42.3543498,-11.6747103],[-42.354181,-11.6332097],[-42.3409993,-11.5890128],[-42.3256239999999,-11.587869],[-42.3616534,-11.4804119999999],[-42.3029407,-11.4087132],[-42.2956545,-11.3815807999999],[-42.2981379,-11.3496044],[-42.3060611999999,-11.3436247],[-42.2959332999999,-11.3373435],[-42.3082484,-11.3334555],[-42.3143264999999,-11.3043906],[-42.3280882999999,-11.3127357999999],[-42.3369958,-11.2956636],[-42.2402905,-11.2612328],[-42.2238608,-11.3047882999999],[-42.1807552999999,-11.3457225],[-42.1755836,-11.3971900999999],[-42.1596557,-11.4048822999999],[-42.1569625,-11.4435574999999],[-42.1695103,-11.4558375],[-42.1640803,-11.4802265],[-42.1262282,-11.4941603],[-42.1179852,-11.5248046999999],[-42.0859455,-11.5222476],[-42.0677853,-11.5956803999999],[-42.0443865999999,-11.5519869999999],[-42.0435893,-11.5713704],[-41.9340981,-11.6666451999999],[-41.9234926,-11.738727303],[-41.91136841,-11.7593499999999]]]}},{"type":"Feature","id":"2904209","properties":{"codigoIbge":"2904209","municipio":"Botuporã","cpr":"CPR-MO","cprs":["CPR-MO"],"opm":"4ª CIPM/MACAÚBAS","opms":["4ª CIPM/MACAÚBAS"],"cprExato":true,"opmExata":true,"somenteReferencia":false},"geometry":{"type":"Polygon","coordinates":[[[-42.409144,-13.3474520999999],[-42.4058871999999,-13.4022052999999],[-42.4630284,-13.4395433999999],[-42.5487454,-13.4598717],[-42.5591353,-13.4350479],[-42.5791525,-13.4295236999999],[-42.5833943,-13.4401837999999],[-42.6764747999999,-13.3776594],[-42.6531534,-13.3346008],[-42.6799897999999,-13.3255561],[-42.6823608,-13.2692069],[-42.6078481,-13.246617],[-42.6101186999999,-13.2286182999999],[-42.5226625999999,-13.2205321],[-42.5022516,-13.1828406],[-42.4444847,-13.1845938],[-42.4436921,-13.2328239999999],[-42.4197945999999,-13.2745563999999],[-42.4343411999999,-13.2862393],[-42.409144,-13.3474520999999]]]}},{"type":"Feature","id":"2912806","properties":{"codigoIbge":"2912806","municipio":"Ibirapuã","cpr":"CPR-ES","cprs":["CPR-ES"],"opm":"44ª CIPM/MEDEIROS NETO","opms":["44ª CIPM/MEDEIROS NETO"],"cprExato":true,"opmExata":true,"somenteReferencia":false},"geometry":{"type":"Polygon","coordinates":[[[-40.1227600999999,-17.7995738],[-40.1211893,-17.7883854],[-40.1732365999999,-17.7748073],[-40.2075783999999,-17.7314059999999],[-40.2182577999999,-17.738738],[-40.240172,-17.7349305999999],[-40.2220033,-17.7166086999999],[-40.2111032999999,-17.7195199999999],[-40.2238651,-17.6819307],[-40.2148705,-17.6527654],[-40.1983858,-17.6350072999999],[-40.1442183,-17.6225066],[-40.1448306,-17.6326079],[-40.1240154,-17.6404772999999],[-40.0308049,-17.6288245],[-40.0084573999999,-17.6598566],[-39.9304971,-17.6713751],[-39.9008762,-17.6876050999999],[-39.8559943999999,-17.7639965],[-39.7939243,-17.7438035],[-39.7589111,-17.7490089],[-39.7125073999999,-17.7740552999999],[-39.740111,-17.7793278999999],[-39.7764783,-17.8087020999999],[-39.8198823,-17.8259548],[-39.8582337,-17.8259366],[-39.8889505999999,-17.8486632999999],[-39.943773,-17.8466463],[-39.9543378,-17.8335561],[-39.9925782999999,-17.8289326],[-40.0535174999999,-17.8563867],[-40.1227600999999,-17.7995738]]]}},{"type":"Feature","id":"2904605","properties":{"codigoIbge":"2904605","municipio":"Brumado","cpr":"CPR-SO","cprs":["CPR-SO"],"opm":"24 BPM/BRUMADO","opms":["24 BPM/BRUMADO"],"cprExato":true,"opmExata":true,"somenteReferencia":false},"geometry":{"type":"Polygon","coordinates":[[[-41.552288,-14.4878974],[-41.5366486999999,-14.4882661999999],[-41.5318318,-14.498456],[-41.6376248,-14.5091998999999],[-41.6543146999999,-14.4902921],[-41.6939234,-14.4754905999999],[-41.6967506,-14.4571407999999],[-41.7208636999999,-14.4463756],[-41.717818,-14.4249129],[-41.7636812,-14.2558389],[-41.8003446,-14.2609749],[-41.9242449,-14.2277627999999],[-41.9685095,-14.2339799],[-41.9796413,-14.2263333999999],[-42.0159925,-14.1188625],[-42.0869901,-14.0568575999999],[-42.0731827,-14.0514909],[-42.0635440999999,-14.059728],[-42.0547501999999,-14.0522955],[-42.0421153,-14.0636316],[-42.0254919,-14.058275],[-41.9969022999999,-14.0738173999999],[-41.9813899,-14.071052],[-41.9751975999999,-14.0566026999999],[-41.9021509,-14.0549503],[-41.8940957,-14.0312719],[-41.8805482,-14.0390763],[-41.8618734,-14.0051319999999],[-41.8405875999999,-14.0042733999999],[-41.8457099999999,-13.9855411999999],[-41.8359485,-13.9739344],[-41.807339,-13.9739878999999],[-41.8004516,-13.9781482999999],[-41.8060581,-13.9870390999999],[-41.7840505,-13.9933652999999],[-41.7701458999999,-13.9827974],[-41.7547918,-13.9906981999999],[-41.7176284,-13.9774452],[-41.6604394999999,-14.0010437],[-41.4938849,-13.9164931999999],[-41.5007251,-13.9258718],[-41.4887375,-13.9214221999999],[-41.4877696,-13.9307132],[-41.4795692,-13.9296919],[-41.483963,-13.9367283999999],[-41.4736548,-13.9394895999999],[-41.481983,-13.950342],[-41.4667987999999,-13.9613325999999],[-41.4755332,-13.9696223999999],[-41.4659316999999,-13.9712966],[-41.4635321,-14.0017286999999],[-41.4488832,-14.0042478999999],[-41.4499929999999,-14.0139642999999],[-41.4263877999999,-14.0228246999999],[-41.4094446,-14.0424217],[-41.3599290999999,-14.0519644],[-41.3184009,-14.0853294],[-41.4271623999999,-14.1094749],[-41.470423,-14.1481712],[-41.4919098,-14.1473185999999],[-41.4964906,-14.1762505999999],[-41.5127439999999,-14.1712424999999],[-41.5308342,-14.1980902],[-41.5373028999999,-14.2379864],[-41.5490306,-14.2500021],[-41.5639054,-14.2467187],[-41.5668535999999,-14.2558238],[-41.5507795,-14.2669779],[-41.5713167,-14.3083078999999],[-41.5560968,-14.3203028],[-41.5662316999999,-14.334801],[-41.5609635,-14.3595951999999],[-41.569044,-14.3863703],[-41.5507557,-14.4279756999999],[-41.562624,-14.4574964999999],[-41.552288,-14.4878974]]]}},{"type":"Feature","id":"2927903","properties":{"codigoIbge":"2927903","municipio":"Santa Inês","cpr":"CPR-MRC","cprs":["CPR-MRC"],"opm":"19 BPM/JEQUIÉ","opms":["19 BPM/JEQUIÉ"],"cprExato":true,"opmExata":true,"somenteReferencia":false},"geometry":{"type":"Polygon","coordinates":[[[-39.7636673,-13.2480252999999],[-39.728714,-13.3157477999999],[-39.7269894999999,-13.3275619],[-39.7395488,-13.3402967],[-39.7277683,-13.3706807999999],[-39.7461140999999,-13.3756319],[-39.770523,-13.3662932],[-39.7793574,-13.3745572],[-39.8125808,-13.3370035999999],[-39.8773563999999,-13.3913254999999],[-39.9541199,-13.3150767],[-39.9756288,-13.3149251],[-39.9332135,-13.2917039],[-39.9136854,-13.2590273],[-39.9162909,-13.2370399],[-39.9223196999999,-13.2378173999999],[-39.9444281,-13.215121],[-39.9349242,-13.1993707999999],[-39.9416859999999,-13.1605192],[-39.8894844,-13.1666875999999],[-39.7994585,-13.2364274999999],[-39.7636673,-13.2480252999999]]]}},{"type":"Feature","id":"2912608","properties":{"codigoIbge":"2912608","municipio":"Ibiquera","cpr":"CPR-CH","cprs":["CPR-CH"],"opm":"42ª CIPM/LENÇÓIS","opms":["42ª CIPM/LENÇÓIS"],"cprExato":true,"opmExata":true,"somenteReferencia":false},"geometry":{"type":"Polygon","coordinates":[[[-40.9822191,-12.7362863999999],[-40.9748341,-12.7010544999999],[-40.9833652999999,-12.7006448],[-41.0074422,-12.6211097],[-40.9785057,-12.5658837],[-40.9854855999999,-12.5366104999999],[-40.9638117,-12.49623],[-40.9809539,-12.4604409],[-40.9538343,-12.4696036],[-40.7811007999999,-12.4510414],[-40.7744398,-12.4700799999999],[-40.7909397999999,-12.4726112999999],[-40.7936200999999,-12.4852761999999],[-40.7755021,-12.5238249999999],[-40.784398,-12.547136],[-40.7645757999999,-12.5599025],[-40.7639005,-12.5755609999999],[-40.7811988,-12.5902384],[-40.7579031,-12.6650916999999],[-40.7705028999999,-12.6688220999999],[-40.7789314999999,-12.6863268],[-40.8089395,-12.6889217],[-40.8084531,-12.6989065999999],[-40.843735,-12.7183155],[-40.8514445,-12.7499242],[-40.8829211999999,-12.7626304999999],[-40.878819,-12.7549116],[-40.8928630999999,-12.7378575],[-40.9209312,-12.7409984],[-40.9465360999999,-12.7553427],[-40.9441803999999,-12.7714755],[-40.958362,-12.7731886999999],[-40.9673314,-12.7930406999999],[-40.9822191,-12.7362863999999]]]}},{"type":"Feature","id":"2919702","properties":{"codigoIbge":"2919702","municipio":"Macarani","cpr":"CPR-S","cprs":["CPR-S"],"opm":"8ª CIPM/ITAPETINGA","opms":["8ª CIPM/ITAPETINGA"],"cprExato":true,"opmExata":true,"somenteReferencia":false},"geometry":{"type":"Polygon","coordinates":[[[-40.3783685999999,-15.7123331],[-40.3576957,-15.7586458],[-40.4003259999999,-15.7635174],[-40.41696,-15.7763232],[-40.4356083,-15.7557070999999],[-40.4500338,-15.7615733],[-40.4614286,-15.7532317],[-40.4809394,-15.7751886],[-40.5095395,-15.7683812999999],[-40.5182811999999,-15.7975104],[-40.5611034999999,-15.8036149],[-40.5731273,-15.7880744],[-40.5681905,-15.7751175999999],[-40.5930999,-15.7717466999999],[-40.592614,-15.7623164],[-40.6039498,-15.7592933],[-40.6066016,-15.7367563999999],[-40.6293886999999,-15.7157126999999],[-40.6449466,-15.7288594],[-40.6611991,-15.7071256999999],[-40.6823087,-15.6990211999999],[-40.7005751999999,-15.6673089999999],[-40.6656032999999,-15.6767379],[-40.6469812,-15.7095249],[-40.6351706,-15.695262],[-40.5885926999999,-15.6960890999999],[-40.5815446999999,-15.7083655],[-40.5568903999999,-15.6907345],[-40.5126978,-15.6804875],[-40.4942854,-15.6550172999999],[-40.4934757999999,-15.6249341999999],[-40.4808710999999,-15.6075650999999],[-40.5006739999999,-15.4159329999999],[-40.4706515,-15.3008725],[-40.439836,-15.3077577999999],[-40.4289891,-15.3197954],[-40.3789644,-15.2738864],[-40.3628464,-15.283448],[-40.3788511,-15.3153454],[-40.3533457999999,-15.3152400999999],[-40.3488149,-15.3278829999999],[-40.3610264,-15.3515864999999],[-40.3404556999999,-15.3623243],[-40.3495655,-15.3798232999999],[-40.3152466999999,-15.4026047999999],[-40.3156974999999,-15.4257393999999],[-40.298425,-15.4251788],[-40.2921575999999,-15.4115156999999],[-40.2586595,-15.4154326999999],[-40.2533369,-15.4013414],[-40.2445572999999,-15.4134966999999],[-40.2293895,-15.4125417],[-40.2081066,-15.4278823],[-40.1640161999999,-15.3836072],[-40.1577136999999,-15.3979836],[-40.1768254999999,-15.4175974999999],[-40.1776285999999,-15.4306341999999],[-40.1986833,-15.4424061999999],[-40.1846863,-15.4790872],[-40.1355515,-15.5127146],[-40.1397941,-15.5183971],[-40.1468113,-15.5109242],[-40.1700683,-15.5438341],[-40.1864932,-15.5480219],[-40.1902641,-15.5384879],[-40.2017576,-15.5439845999999],[-40.2344763,-15.5260231999999],[-40.2504428,-15.4832084999999],[-40.2677280999999,-15.4784265],[-40.2717709999999,-15.5567998999999],[-40.2846817,-15.5968951999999],[-40.3001224,-15.5805766],[-40.2970074,-15.6031707999999],[-40.3178050999999,-15.6141436],[-40.3226698,-15.5828225],[-40.3497235999999,-15.5743471],[-40.3472148,-15.6051684999999],[-40.3323839999999,-15.6298912],[-40.3588986,-15.6594034],[-40.3453517999999,-15.6755545999999],[-40.3538126,-15.7014421],[-40.3783685999999,-15.7123331]]]}},{"type":"Feature","id":"2904407","properties":{"codigoIbge":"2904407","municipio":"Brejolândia","cpr":"CPR-O","cprs":["CPR-O"],"opm":"30ª CIPM/SANTA MARIA DA VITÓRIA","opms":["30ª CIPM/SANTA MARIA DA VITÓRIA"],"cprExato":true,"opmExata":true,"somenteReferencia":false},"geometry":{"type":"Polygon","coordinates":[[[-43.9749949,-12.6688296999999],[-44.0168861,-12.6951357999999],[-44.0679431999999,-12.6973652999999],[-44.083424,-12.6452672],[-44.0731241999999,-12.5652315999999],[-44.0844678999999,-12.5504554],[-44.0735688999999,-12.5448410999999],[-44.0900589999999,-12.5223728999999],[-44.1038071,-12.5198897999999],[-44.1008785,-12.5055535],[-44.1175256999999,-12.4889062999999],[-44.0705565,-12.4712557],[-44.0233165,-12.4146148],[-44.0071235,-12.3511450999999],[-43.9869007999999,-12.3353097],[-43.98817,-12.2974629999999],[-43.9559848,-12.2669989999999],[-43.9582407999999,-12.2382699999999],[-43.9384787,-12.2317136999999],[-43.9130332999999,-12.2564001],[-43.8522558,-12.2423062],[-43.8207282,-12.2514207999999],[-43.8005161,-12.2459244],[-43.7673063999999,-12.2807172],[-43.7366567999999,-12.2841677],[-43.7259286999999,-12.2984536],[-43.7307453999999,-12.3101667999999],[-43.7099398999999,-12.3225118999999],[-43.6853202999999,-12.318992],[-43.7054059,-12.3843532999999],[-43.6793617,-12.389495],[-43.553545,-12.5065033],[-43.4435976999999,-12.5514355],[-43.5363697,-12.6368603999999],[-43.9451503999999,-12.7048308999999],[-43.9539296999999,-12.6728828999999],[-43.9749949,-12.6688296999999]]]}},{"type":"Feature","id":"2912707","properties":{"codigoIbge":"2912707","municipio":"Ibirapitanga","cpr":"CPR-S","cprs":["CPR-S"],"opm":"61ª CIPM/UBAITABA","opms":["61ª CIPM/UBAITABA"],"cprExato":true,"opmExata":true,"somenteReferencia":false},"geometry":{"type":"Polygon","coordinates":[[[-39.5158817999999,-14.2179353999999],[-39.4869662,-14.1199381],[-39.4707594,-14.1067224999999],[-39.4862676,-14.0869443999999],[-39.4943749,-14.0962643],[-39.5077678,-14.0923725],[-39.4884112999999,-14.057585],[-39.5046346999999,-14.0536518],[-39.5061243,-14.0421307],[-39.4861648999999,-14.0271248],[-39.4927709999999,-14.0141712],[-39.4792520999999,-13.9825541],[-39.4920003999999,-13.9704374],[-39.4877915,-13.9347713999999],[-39.512671,-13.9371204],[-39.5335426,-13.9237439],[-39.5022782999999,-13.9043215999999],[-39.4892609999999,-13.8806064],[-39.4693389,-13.8760234],[-39.4224642,-13.9061571],[-39.4077629999999,-13.8893537],[-39.3955887,-13.9138288],[-39.3753349,-13.9157089],[-39.3970791,-13.9657779],[-39.3912091,-13.9909734],[-39.4042992,-13.9872086999999],[-39.4126924,-14.0093082],[-39.4043528,-14.0236616],[-39.3828634,-14.0270461],[-39.384,-14.0363171],[-39.3732223,-14.0320952],[-39.3723323,-14.0472561],[-39.3478198,-14.0493395999999],[-39.3481386999999,-14.0642400999999],[-39.3303481,-14.0892403999999],[-39.3495129,-14.1150891999999],[-39.3460966,-14.1482445999999],[-39.3723889999999,-14.1748823],[-39.4438228,-14.1999026999999],[-39.4441904,-14.2415382],[-39.4629500999999,-14.2285520999999],[-39.4943168999999,-14.2391835999999],[-39.5158817999999,-14.2179353999999]]]}},{"type":"Feature","id":"2919553","properties":{"codigoIbge":"2919553","municipio":"Luís Eduardo Magalhães","cpr":"CPR-O","cprs":["CPR-O"],"opm":"27 BPM/LUÍS EDUARDO MAGALHÃES","opms":["27 BPM/LUÍS EDUARDO MAGALHÃES"],"cprExato":true,"opmExata":true,"somenteReferencia":false},"geometry":{"type":"Polygon","coordinates":[[[-46.2802313999999,-12.4598291],[-46.2700297,-12.4300453999999],[-46.2820953999999,-12.4159878],[-46.2853454,-12.4321699],[-46.2904543,-12.4166319999999],[-46.2966585999999,-12.4228275999999],[-46.3047571,-12.4168056],[-46.2986003999999,-12.4304463999999],[-46.3100666999999,-12.4296701],[-46.2999766,-12.4380848],[-46.3155489,-12.4634303999999],[-46.3405973,-12.4521675999999],[-46.3298230999999,-12.4351477],[-46.3404691,-12.4146623],[-46.327396,-12.4191782999999],[-46.3248555,-12.4075111],[-46.3008952,-12.3951494],[-46.300084,-12.3769976],[-46.2898835999999,-12.376653],[-46.3000205,-12.3637317999999],[-46.3281267,-12.3567333],[-46.3630939,-12.3670815999999],[-46.3398230999999,-12.3514974],[-46.3774157999999,-12.352775],[-46.3563495,-12.3322219999999],[-46.3544544,-12.306723],[-46.3445331999999,-12.3028201],[-46.3848432999999,-12.2967184999999],[-46.3857616,-12.2810696999999],[-46.3695686999999,-12.2674681999999],[-46.3880217,-12.2446073999999],[-46.3706748,-12.233822],[-46.3650056,-12.2170202999999],[-46.3834216,-12.2126031],[-46.3730730999999,-12.2035996999999],[-46.3774061999999,-12.1965471],[-46.4102142,-12.1986343999999],[-46.3811393,-12.1811696],[-46.4064905,-12.1570139],[-46.3886491,-12.1563416],[-46.3715276999999,-12.1231241999999],[-46.3711652,-12.0997192999999],[-46.3985913,-12.0914433999999],[-46.3826407999999,-12.0839535],[-46.385551,-12.0615015999999],[-46.3960142999999,-12.0615751999999],[-46.3849453,-12.0538232],[-46.3893308,-12.0489863],[-46.1480093,-12.0333108999999],[-46.1440651,-12.0127257999999],[-46.0999495999999,-11.995329],[-45.9908260999999,-11.9189322999999],[-45.9454923,-11.8643999999999],[-45.9276475999999,-11.8759158],[-45.8465393,-11.8775449],[-45.8190979999999,-11.8877878],[-45.7944823,-11.868817],[-45.7664771999999,-11.8687169999999],[-45.6610034,-11.9143549],[-45.7647552999999,-12.4113452999999],[-45.8689595,-12.4277233],[-45.908012,-12.459764],[-45.9268087999999,-12.4597448],[-46.1228851,-12.5328276],[-46.1420294,-12.5311258999999],[-46.1622154,-12.495718],[-46.1967610999999,-12.5044751],[-46.2508606,-12.502217],[-46.2726244999999,-12.5145984],[-46.2609987,-12.4738502],[-46.2725634,-12.4727146],[-46.2631231999999,-12.4619984999999],[-46.2802313999999,-12.4598291]]]}},{"type":"Feature","id":"2904506","properties":{"codigoIbge":"2904506","municipio":"Brotas de Macaúbas","cpr":"CPR-MO","cprs":["CPR-MO"],"opm":"28ª CIPM/IBOTIRAMA","opms":["28ª CIPM/IBOTIRAMA"],"cprExato":true,"opmExata":true,"somenteReferencia":false},"geometry":{"type":"Polygon","coordinates":[[[-42.0978971,-12.1971442999999],[-42.0889131,-12.2914953],[-42.09856,-12.2915687],[-42.1083634,-12.3082249999999],[-42.1241208,-12.2776792],[-42.270249,-12.311076],[-42.2709943999999,-12.3379696],[-42.2589581999999,-12.3441611],[-42.2502868,-12.4032164],[-42.2725829999999,-12.4122393],[-42.2956943999999,-12.4034736999999],[-42.3120016999999,-12.4084717],[-42.3256718,-12.4294451],[-42.320938,-12.4464735999999],[-42.3309237999999,-12.4821883999999],[-42.3538253,-12.4563118],[-42.3624809,-12.4207795],[-42.352658,-12.4126064],[-42.3273457999999,-12.4135563],[-42.3214742,-12.3957308],[-42.3717938,-12.2778341],[-42.3783688999999,-12.2343921999999],[-42.5613559999999,-12.2583953999999],[-42.5772057,-12.2036249],[-42.5728482,-12.1726204999999],[-42.6137552,-12.1677172999999],[-42.6265738,-12.0799180999999],[-42.6699103,-12.0599338],[-42.6856837999999,-12.0832976999999],[-42.6860121,-12.1043415999999],[-42.7188740999999,-12.1171944999999],[-42.7398459999999,-12.0850113],[-42.752379,-12.0878478],[-42.7532413,-12.0678794999999],[-42.7768634,-12.0329495999999],[-42.7710744999999,-12.0081772999999],[-42.7775700999999,-11.9975039],[-42.7572544999999,-11.9868791],[-42.75886,-11.9733763999999],[-42.7649853,-11.9600401],[-42.783443,-11.9708208],[-42.8131193,-11.942043],[-42.8611931999999,-11.7939595],[-42.836852,-11.7731914],[-42.8205571999999,-11.7761968999999],[-42.7835009,-11.7467013999999],[-42.7880901999999,-11.7393435],[-42.7599465,-11.7389434999999],[-42.7495683,-11.7290548],[-42.7721529999999,-11.8089517],[-42.7002955,-11.8760452999999],[-42.6686137,-11.8670169],[-42.461158,-11.9660468],[-42.2449599999999,-11.9483723],[-42.0902083999999,-12.1793307],[-42.0978971,-12.1971442999999]]]}},{"type":"Feature","id":"2927705","properties":{"codigoIbge":"2927705","municipio":"Santa Cruz Cabrália","cpr":"CPR-ES","cprs":["CPR-ES"],"opm":"8 BPM/PORTO SEGURO","opms":["8 BPM/PORTO SEGURO"],"cprExato":true,"opmExata":true,"somenteReferencia":false},"geometry":{"type":"MultiPolygon","coordinates":[[[[-38.9191617,-16.1792273],[-38.9193825999999,-16.1780828],[-38.9190353,-16.1782603],[-38.9191617,-16.1792273]]],[[[-38.9558514999999,-16.2261563],[-38.9553139,-16.2247492999999],[-38.9555066999999,-16.2262802],[-38.9558514999999,-16.2261563]]],[[[-39.0105368,-16.2445086999999],[-39.0231474,-16.3158936999999],[-39.0060607999999,-16.3327553],[-39.0087566,-16.345748],[-39.1144327,-16.3621087],[-39.1662342,-16.387649],[-39.184592,-16.3839621999999],[-39.1919761,-16.3963132],[-39.2625699,-16.3713362999999],[-39.307403,-16.3730965999999],[-39.3478481,-16.3884485],[-39.4389131,-16.3838062999999],[-39.4567921,-16.3918750999999],[-39.4387333,-16.2826368999999],[-39.3980885999999,-16.2832144999999],[-39.3824408,-16.2681039999999],[-39.4206659,-16.2328520999999],[-39.4026954999999,-16.098036],[-39.3708098,-16.123748],[-39.3030912999999,-16.1109936],[-39.2794967,-16.1321864999999],[-39.2302508999999,-16.0911950999999],[-39.1632883,-16.0660942],[-39.1505194,-16.0522442999999],[-38.9484078,-16.0923872],[-38.9566637999999,-16.1290946999999],[-38.9481067,-16.1556664999999],[-38.9741984999999,-16.2132131999999],[-39.0105368,-16.2445086999999]]]]}},{"type":"Feature","id":"2919504","properties":{"codigoIbge":"2919504","municipio":"Livramento de Nossa Senhora","cpr":"CPR-SO","cprs":["CPR-SO"],"opm":"46ª CIPM/LIVRAMENTO DE NOSSA SRA","opms":["46ª CIPM/LIVRAMENTO DE NOSSA SRA"],"cprExato":true,"opmExata":true,"somenteReferencia":false},"geometry":{"type":"Polygon","coordinates":[[[-42.0869901,-14.0568575999999],[-42.1191209,-13.9969171999999],[-42.1308754,-13.9901174],[-42.1336965,-13.9591955],[-42.1520824,-13.9275084],[-42.1472103999999,-13.8781496999999],[-42.1546415,-13.8567017999999],[-42.1743724999999,-13.8452290999999],[-42.2104988,-13.8526021],[-42.2369030999999,-13.8307659999999],[-42.2467139,-13.8038357],[-42.2716925,-13.8052754999999],[-42.2855180999999,-13.7855455],[-42.3388257999999,-13.7690673],[-42.2212559,-13.7000052999999],[-42.1847228999999,-13.6951293999999],[-42.1527341,-13.7253833999999],[-42.1303614,-13.7154446],[-42.1149672999999,-13.7251143],[-42.0580720999999,-13.7088803],[-42.0537128,-13.6495803999999],[-42.0480214,-13.6378989999999],[-42.0188995999999,-13.6277646999999],[-42.022185,-13.5632252],[-42.0073318999999,-13.5647986999999],[-42.0004539999999,-13.5396671],[-41.9882464999999,-13.5473714999999],[-41.964709,-13.526876],[-41.9281372999999,-13.5532102],[-41.9128282,-13.5469548999999],[-41.8751852999999,-13.5606797],[-41.8367780999999,-13.6015763999999],[-41.8092846,-13.6124894],[-41.7994456,-13.6351505],[-41.7494065,-13.6613134999999],[-41.7500826,-13.6994768],[-41.7763050999999,-13.7237302],[-41.7904490999999,-13.7508491999999],[-41.7847899999999,-13.7601943],[-41.8402591999999,-13.7603943999999],[-41.8439954999999,-13.7970005],[-41.8641683,-13.8262205],[-41.8506958999999,-13.8268871],[-41.8568486,-13.8443278],[-41.8435395,-13.8687173],[-41.8361154999999,-13.8737854999999],[-41.8324590999999,-13.8617662999999],[-41.8115476,-13.8704228999999],[-41.8239526999999,-13.9031092999999],[-41.7998281,-13.9252842999999],[-41.7681540999999,-13.9828502999999],[-41.7840505,-13.9933652999999],[-41.8060581,-13.9870390999999],[-41.8004516,-13.9781482999999],[-41.807339,-13.9739878999999],[-41.8361245,-13.973964],[-41.8457099999999,-13.9855411999999],[-41.8405875999999,-14.0042733999999],[-41.8618734,-14.0051319999999],[-41.8805482,-14.0390763],[-41.8940957,-14.0312719],[-41.901067,-14.0545461],[-41.9751975999999,-14.0566026999999],[-41.987719,-14.0729668],[-42.0138967,-14.0709325],[-42.0277209,-14.0578174999999],[-42.0421153,-14.0636316],[-42.0547501999999,-14.0522955],[-42.0635440999999,-14.059728],[-42.0731827,-14.0514909],[-42.0869901,-14.0568575999999]]]}},{"type":"Feature","id":"2927804","properties":{"codigoIbge":"2927804","municipio":"Santa Cruz da Vitória","cpr":"CPR-S","cprs":["CPR-S"],"opm":"63ª CIPM/IBICARAÍ","opms":["63ª CIPM/IBICARAÍ"],"cprExato":true,"opmExata":true,"somenteReferencia":false},"geometry":{"type":"Polygon","coordinates":[[[-39.8850002,-15.0109269],[-39.8625504,-14.9783241],[-39.8817471,-14.8661003],[-39.8691229999999,-14.7918692],[-39.8318894,-14.7758170999999],[-39.8220449999999,-14.7474536999999],[-39.7793897,-14.7418241],[-39.7881010999999,-14.7794092],[-39.7838608,-14.8050208999999],[-39.8022544999999,-14.8335612],[-39.7977121,-14.8830217999999],[-39.7766731999999,-14.8922612],[-39.770928,-14.9094921],[-39.7512123,-14.9085939],[-39.7435965,-14.9235710999999],[-39.7322200999999,-14.9140363999999],[-39.7206145,-14.9715510999999],[-39.6958387,-14.9654735],[-39.6889098999999,-14.9526322999999],[-39.6837995999999,-14.963473],[-39.6991285,-14.9766503999999],[-39.7327693,-14.9839813999999],[-39.7445418999999,-14.9768559],[-39.7672425,-14.9913968999999],[-39.7849912,-14.9902180999999],[-39.8130265999999,-14.9709667999999],[-39.8348920999999,-15.0016274],[-39.8541129,-14.9915692],[-39.8635386,-15.0105308],[-39.8850002,-15.0109269]]]}},{"type":"Feature","id":"2912004","properties":{"codigoIbge":"2912004","municipio":"Ibiassucê","cpr":"CPR-MO","cprs":["CPR-MO"],"opm":"94ª CIPM/CAETITÉ","opms":["94ª CIPM/CAETITÉ"],"cprExato":true,"opmExata":true,"somenteReferencia":false},"geometry":{"type":"Polygon","coordinates":[[[-42.1758393,-14.239791],[-42.2044849,-14.3535754],[-42.1941571,-14.3753644],[-42.2705051,-14.3829416999999],[-42.2972374,-14.3765124],[-42.3224319,-14.3923313],[-42.3300224,-14.3818616999999],[-42.3560091849999,-14.3771768949999],[-42.3746757,-14.3917572],[-42.3969542999999,-14.3734501],[-42.4177589999999,-14.3712351999999],[-42.427692,-14.3561146],[-42.4631625,-14.364548],[-42.4550599999999,-14.3422464],[-42.4333116999999,-14.3275831],[-42.4436297,-14.3112057],[-42.3257355,-14.1707383],[-42.3178384999999,-14.1804175999999],[-42.3031731,-14.174722],[-42.2950741999999,-14.1894665],[-42.285343,-14.1764492],[-42.2605452999999,-14.184964],[-42.2580217,-14.1955621],[-42.2453633,-14.1914386999999],[-42.2395453999999,-14.2008405999999],[-42.2081876999999,-14.2047077999999],[-42.1758393,-14.239791]]]}},{"type":"Feature","id":"2919603","properties":{"codigoIbge":"2919603","municipio":"Macajuba","cpr":"CPR-CH","cprs":["CPR-CH"],"opm":"11 BPM/ITABERABA","opms":["11 BPM/ITABERABA"],"cprExato":true,"opmExata":true,"somenteReferencia":false},"geometry":{"type":"Polygon","coordinates":[[[-40.0702580999999,-12.1040980999999],[-40.0327758999999,-12.1712360999999],[-40.0479665,-12.1942556],[-40.0741937999999,-12.1927966],[-40.1435549999999,-12.2511969999999],[-40.1565313,-12.2484962],[-40.1719452,-12.2193134999999],[-40.1855788999999,-12.2331553],[-40.2042168999999,-12.2140079],[-40.2258618,-12.2238922],[-40.3030373999999,-12.220365],[-40.3159742,-12.1990921],[-40.3445022999999,-12.1899829999999],[-40.3557948,-12.1954734999999],[-40.3666436,-12.1862080999999],[-40.3851509,-12.1913928999999],[-40.3936901,-12.1717710999999],[-40.4058477,-12.1790614],[-40.4002063999999,-12.1563181],[-40.4261294,-12.1461441],[-40.4270552999999,-12.1255335999999],[-40.4549461,-12.1272825999999],[-40.4582359,-12.1133401],[-40.4439518999999,-12.0942537],[-40.4466183,-12.0815679999999],[-40.4565090999999,-12.0799663],[-40.4538669,-12.0693759],[-40.4637577,-12.0682621999999],[-40.4652394999999,-12.045443],[-40.3853035999999,-12.0282544],[-40.3335059999999,-11.9768376],[-40.3273414,-11.9939347],[-40.2801211,-12.0347917],[-40.2736530999999,-12.0542786999999],[-40.230351,-12.0746667999999],[-40.2222374999999,-12.0977318999999],[-40.0702580999999,-12.1040980999999]]]}},{"type":"Feature","id":"2903805","properties":{"codigoIbge":"2903805","municipio":"Boa Vista do Tupim","cpr":"CPR-CH","cprs":["CPR-CH"],"opm":"11 BPM/ITABERABA","opms":["11 BPM/ITABERABA"],"cprExato":true,"opmExata":true,"somenteReferencia":false},"geometry":{"type":"Polygon","coordinates":[[[-40.7474002,-13.0393764],[-40.7862888999999,-13.0440599999999],[-40.8766917999999,-13.0040445],[-40.9128107,-13.0270176],[-40.9191054,-13.0464354],[-40.9302369,-13.0327432999999],[-40.9452560999999,-13.0382402],[-40.9603685,-13.0067336],[-40.9588992,-12.9770412999999],[-40.9702105,-12.9632902],[-40.9797356999999,-12.9768076999999],[-40.9943277,-12.9720679],[-40.9768079,-12.9303823999999],[-40.9820382999999,-12.9125592],[-40.9947797,-12.9203181],[-41.0199752999999,-12.9153972],[-40.9603607999999,-12.7763105],[-40.9441803999999,-12.7714755],[-40.9465360999999,-12.7553427],[-40.9209312,-12.7409984],[-40.9112800999999,-12.7456812],[-40.9064544999999,-12.7366582],[-40.8895449999999,-12.7410887999999],[-40.878819,-12.7549116],[-40.8829211999999,-12.7626304999999],[-40.8514445,-12.7499242],[-40.843735,-12.7183155],[-40.8084531,-12.6989065999999],[-40.8089395,-12.6889217],[-40.7789314999999,-12.6863268],[-40.7705028999999,-12.6688220999999],[-40.7579031,-12.6650916999999],[-40.7811988,-12.5902384],[-40.7639005,-12.5755609999999],[-40.7645757999999,-12.5599025],[-40.784398,-12.547136],[-40.7755021,-12.5238249999999],[-40.7936200999999,-12.4852761999999],[-40.7909397999999,-12.4726112999999],[-40.7744398,-12.4700799999999],[-40.7811007999999,-12.4510414],[-40.7126046999999,-12.4447992999999],[-40.5975778,-12.4530672],[-40.5753735,-12.4378057],[-40.5641538,-12.4662324],[-40.5329164,-12.4769348999999],[-40.4926197,-12.5111315999999],[-40.4708492999999,-12.5089965],[-40.4592541,-12.558104],[-40.4668612,-12.5782199999999],[-40.4561298,-12.5933057999999],[-40.4603534,-12.603359],[-40.4203606,-12.6400859999999],[-40.4264876999999,-12.6669143999999],[-40.3587396,-12.7922176],[-40.3706984,-12.8002736999999],[-40.3896973,-12.8469218],[-40.3843613999999,-12.866165],[-40.4207893,-12.8867539],[-40.4254182,-12.9216023999999],[-40.4603491,-12.9484775999999],[-40.5073303,-12.9458412],[-40.5093651999999,-12.9670925],[-40.5222249999999,-12.9589109],[-40.5464641999999,-12.9913162999999],[-40.5752876999999,-13.0031749],[-40.6523513999999,-13.0001434],[-40.6860038999999,-13.0239965],[-40.7152479,-13.0172798999999],[-40.7474002,-13.0393764]]]}},{"type":"Feature","id":"2928109","properties":{"codigoIbge":"2928109","municipio":"Santa Maria da Vitória","cpr":"CPR-O","cprs":["CPR-O"],"opm":"30ª CIPM/SANTA MARIA DA VITÓRIA","opms":["30ª CIPM/SANTA MARIA DA VITÓRIA"],"cprExato":true,"opmExata":true,"somenteReferencia":false},"geometry":{"type":"Polygon","coordinates":[[[-44.1986257999999,-13.4013603],[-44.2033635999999,-13.4201537],[-44.2124171,-13.4142734],[-44.2310841,-13.4275292],[-44.2453176999999,-13.4129308999999],[-44.2540140999999,-13.41971],[-44.2626698999999,-13.4054287],[-44.2713069,-13.4142252],[-44.2999975,-13.3959659999999],[-44.3088422,-13.4058224999999],[-44.3501484,-13.3907733999999],[-44.3696497999999,-13.3974731],[-44.3904241,-13.3825459999999],[-44.4209083,-13.3856067999999],[-44.4269343,-13.3694897],[-44.4503470999999,-13.3869549],[-44.4538234999999,-13.3799774],[-44.4819467,-13.3833243],[-44.5460272,-13.3494668],[-44.5458940999999,-13.3356626999999],[-44.5589883,-13.3308183],[-44.5521611,-13.3226311999999],[-44.5632854,-13.3005676],[-44.5603834999999,-13.2739402],[-44.5756132,-13.2578065],[-44.5750720999999,-13.2435159999999],[-44.5856833,-13.2398089],[-44.5840578999999,-13.2283568],[-44.5961854,-13.2258489],[-44.596709,-13.2088582],[-44.6069098,-13.2067084],[-44.6225484999999,-13.1782236],[-44.6745974,-13.1483001],[-44.6707306,-13.1398477],[-44.6872718,-13.1284674999999],[-44.7075756999999,-13.0808562],[-44.6202718,-13.0138550999999],[-44.6190103,-12.9611748999999],[-44.6010191999999,-12.9601479],[-44.5783481999999,-12.9816107999999],[-44.5568977849999,-12.9625180099999],[-44.550590993,-12.9428425899999],[-44.3421061999999,-13.1183053999999],[-44.2856490999999,-13.1290289],[-44.2282223,-13.2020209],[-44.1515787,-13.1956056],[-44.1109236,-13.2304262],[-44.0951042,-13.2166237],[-44.0693231,-13.2130137999999],[-43.9927557999999,-13.253505],[-44.0074468,-13.2943028],[-43.9995867,-13.3126841],[-44.0317259,-13.3178048],[-44.0273794999999,-13.3364748],[-44.060007,-13.3443996999999],[-44.0686173999999,-13.3657719],[-44.0828953,-13.3604046],[-44.0911962,-13.3706549999999],[-44.1003595999999,-13.3658993999999],[-44.1391788,-13.3815433],[-44.1500849999999,-13.3948025999999],[-44.1642543999999,-13.3882929],[-44.1986257999999,-13.4013603]]]}},{"type":"Feature","id":"2919926","properties":{"codigoIbge":"2919926","municipio":"Madre de Deus","cpr":"CPRMS","cprs":["CPRMS"],"opm":"26 BPM/CANDEIAS","opms":["26 BPM/CANDEIAS"],"cprExato":true,"opmExata":true,"somenteReferencia":false},"geometry":{"type":"Polygon","coordinates":[[[-38.6952138999999,-12.7541082999999],[-38.6872081999999,-12.7265396999999],[-38.5879343,-12.7338849],[-38.5877444,-12.753975],[-38.6952138999999,-12.7541082999999]]]}},{"type":"Feature","id":"2919900","properties":{"codigoIbge":"2919900","municipio":"Macururé","cpr":"CPR-N","cprs":["CPR-N"],"opm":"45ª CIPM/CURAÇA","opms":["45ª CIPM/CURAÇA"],"cprExato":true,"opmExata":true,"somenteReferencia":false},"geometry":{"type":"Polygon","coordinates":[[[-39.1704404,-9.63924859999997],[-39.1466877,-9.62787039999995],[-39.14008,-9.60155629999997],[-39.0922507999999,-9.59421089999995],[-39.0708845,-9.56374129999995],[-39.0511595999999,-9.57120949999995],[-39.0355484999999,-9.56202639999998],[-39.0000022,-9.56794149999996],[-38.9805504,-9.49586399999993],[-38.9712137,-9.49455909999995],[-38.9570520999999,-9.46358799999996],[-38.954669,-9.44928319999997],[-39.0000022,-9.36804479999995],[-39.0279676,-9.34619189999995],[-39.06323,-9.23282139999998],[-39.0793277999999,-9.22549989999993],[-39.0804343,-9.18718779999995],[-39.0664578,-9.17167569999998],[-39.0653677999999,-9.12959659999996],[-39.0747077,-9.09517299999993],[-39.1000544999999,-9.07989079999993],[-39.1109286,-9.06079079999995],[-39.0964994999999,-9.01654089999994],[-38.9822019,-8.87039459999994],[-38.683544895,-9.21611360999998],[-38.674836195,-9.29387628499995],[-38.6472969,-9.32391419999993],[-38.7069825,-9.38901239999996],[-38.6971116999999,-9.39473809999993],[-38.6833677,-9.43489519999997],[-38.7150753,-9.45623909999995],[-38.7210031,-9.48089809999993],[-38.7852306,-9.53812569999997],[-38.7901153,-9.65093779999995],[-38.816437,-9.65312079999995],[-38.8611294999999,-9.63073239999994],[-38.9652882999999,-9.63912009999996],[-39.1100527999999,-9.62569429999996],[-39.1173277999999,-9.64574529999993],[-39.1440605999999,-9.65327089999994],[-39.1704404,-9.63924859999997]]]}},{"type":"Feature","id":"2911857","properties":{"codigoIbge":"2911857","municipio":"Heliópolis","cpr":"CPR-NE","cprs":["CPR-NE"],"opm":"21ª CIPM/CIPÓ","opms":["21ª CIPM/CIPÓ"],"cprExato":true,"opmExata":true,"somenteReferencia":false},"geometry":{"type":"Polygon","coordinates":[[[-38.2185886,-10.7832971999999],[-38.2496376999999,-10.8208144],[-38.2680849,-10.8144649],[-38.2982438999999,-10.8275171],[-38.3431434999999,-10.8164985999999],[-38.3396478999999,-10.8268955],[-38.3529875,-10.8402497],[-38.3770231,-10.8402247],[-38.3765369,-10.7079949],[-38.3948344,-10.7066315],[-38.3980065,-10.6327104],[-38.2908768,-10.6527292],[-38.2529987999999,-10.6901907999999],[-38.2477511,-10.7084351999999],[-38.214591,-10.7249156999999],[-38.2093598,-10.7604352999999],[-38.2185886,-10.7832971999999]]]}},{"type":"Feature","id":"2919959","properties":{"codigoIbge":"2919959","municipio":"Maetinga","cpr":"CPR-SO","cprs":["CPR-SO"],"opm":"24 BPM/BRUMADO","opms":["24 BPM/BRUMADO"],"cprExato":true,"opmExata":true,"somenteReferencia":false},"geometry":{"type":"Polygon","coordinates":[[[-41.387783,-14.6809552999999],[-41.3982018,-14.7035966],[-41.3939978999999,-14.767488],[-41.409059,-14.7672188],[-41.420698,-14.7531784999999],[-41.4625773,-14.782656],[-41.4518581,-14.7887668999999],[-41.4523786,-14.8052630999999],[-41.4750286999999,-14.7939451999999],[-41.5026994,-14.8234260999999],[-41.5107968,-14.8234631999999],[-41.5137625,-14.8109633],[-41.5210306,-14.8153907999999],[-41.5211879999999,-14.8043524999999],[-41.5468981,-14.8140529],[-41.5850869,-14.7288561999999],[-41.6100238999999,-14.6099143],[-41.6551846,-14.5780592999999],[-41.6647700999999,-14.5449446],[-41.6525672,-14.5151139999999],[-41.6376248,-14.5091998999999],[-41.4344665,-14.5513505],[-41.4279711,-14.5658571],[-41.4472057999999,-14.5945828],[-41.4003839,-14.6398354999999],[-41.3997639,-14.6638558],[-41.387783,-14.6809552999999]]]}},{"type":"Feature","id":"2928000","properties":{"codigoIbge":"2928000","municipio":"Santaluz","cpr":"CPR-NE","cprs":["CPR-NE"],"opm":"16 BPM/SERRINHA","opms":["16 BPM/SERRINHA"],"cprExato":true,"opmExata":true,"somenteReferencia":false},"geometry":{"type":"Polygon","coordinates":[[[-39.4994948,-11.2901864],[-39.6988911,-11.3992426999999],[-39.7194137,-11.3944220999999],[-39.7330871999999,-11.4013325],[-39.7508508,-11.4223941999999],[-39.8030345999999,-11.3918922999999],[-39.8485707,-11.3503378999999],[-39.8624742,-11.3186785999999],[-39.8751897,-11.3171745999999],[-39.8352249,-11.3052410999999],[-39.8242963,-11.2899710999999],[-39.7030053,-11.2237595999999],[-39.6606254,-11.2107996999999],[-39.6066802,-11.1545176],[-39.5171167999999,-11.1065606999999],[-39.5074309999999,-11.0929358],[-39.4927678999999,-11.0945391],[-39.4770457,-11.0698950999999],[-39.4558498,-11.0637672],[-39.4252316,-11.0299221],[-39.4139828,-11.0354227999999],[-39.414575,-11.0072026],[-39.3639429999999,-10.9959319999999],[-39.3657062999999,-10.9865495],[-39.3565096999999,-10.9908608],[-39.3435517999999,-10.9715353999999],[-39.3122923,-10.9889843],[-39.2782223,-10.9872051999999],[-39.273904,-11.0210843999999],[-39.3107227,-11.0653611],[-39.309429,-11.0802262999999],[-39.2593204999999,-11.0700345999999],[-39.2566454999999,-11.1547123],[-39.2423204,-11.2285878],[-39.2197894,-11.2673551],[-39.2054568,-11.2736844999999],[-39.2336098,-11.3231302],[-39.2273066999999,-11.3392104],[-39.2714716,-11.3360855999999],[-39.3109243,-11.3671543999999],[-39.3319117,-11.3415034],[-39.4994948,-11.2901864]]]}},{"type":"Feature","id":"2919801","properties":{"codigoIbge":"2919801","municipio":"Macaúbas","cpr":"CPR-MO","cprs":["CPR-MO"],"opm":"4ª CIPM/MACAÚBAS","opms":["4ª CIPM/MACAÚBAS"],"cprExato":true,"opmExata":true,"somenteReferencia":false},"geometry":{"type":"Polygon","coordinates":[[[-42.7206389999999,-13.4325208999999],[-42.7165398999999,-13.4160762],[-42.729565,-13.4249426],[-42.7483273,-13.4176995],[-42.7399646,-13.4136134999999],[-42.7435292,-13.4057233999999],[-42.7683326,-13.4048000999999],[-42.7826315,-13.3805278999999],[-42.7809326999999,-13.3647652999999],[-42.7944768999999,-13.3542477999999],[-42.9141483,-13.2929816999999],[-42.9232266999999,-13.2464970999999],[-42.914972,-13.2043077],[-42.9229556,-13.1834365],[-42.9070177,-13.1792809999999],[-42.9035587,-13.159324],[-42.9096658,-13.1391149999999],[-42.9260191,-13.1293185],[-42.9374117999999,-13.0945581],[-42.9329140999999,-13.0817848999999],[-42.9750880999999,-13.0257981],[-42.9789862,-12.9620535999999],[-42.9371364,-12.9311923],[-42.8824246999999,-12.9305487999999],[-42.8619904,-12.9438691],[-42.8431118,-12.9360349],[-42.8260650999999,-12.9494622],[-42.7823857999999,-12.9119673],[-42.7204045,-12.885297],[-42.6804915,-12.9002705999999],[-42.4927468999999,-12.8690915],[-42.4915121999999,-12.8967620999999],[-42.44843,-12.926974],[-42.4559522,-12.947441],[-42.4408811,-12.9476005],[-42.4183674,-12.9683067],[-42.4140879,-13.0259065999999],[-42.3937804,-13.0333226],[-42.3694755999999,-13.0624966],[-42.3877527,-13.075394],[-42.4007776,-13.1363698],[-42.4323323,-13.1413094],[-42.4331137,-13.168237],[-42.4444847,-13.1845938],[-42.5022516,-13.1828406],[-42.5226625999999,-13.2205321],[-42.6101186999999,-13.2286182999999],[-42.6078481,-13.246617],[-42.6823608,-13.2692069],[-42.6799897999999,-13.3255561],[-42.6531534,-13.3346008],[-42.6764747999999,-13.3776594],[-42.6258582,-13.4047712],[-42.6804069999999,-13.4786035],[-42.686231,-13.4624906],[-42.6989677,-13.4591278],[-42.6959307,-13.4510726],[-42.7206389999999,-13.4325208999999]]]}},{"type":"Feature","id":"2911907","properties":{"codigoIbge":"2911907","municipio":"Iaçu","cpr":"CPR-CH","cprs":["CPR-CH"],"opm":"11 BPM/ITABERABA","opms":["11 BPM/ITABERABA"],"cprExato":true,"opmExata":true,"somenteReferencia":false},"geometry":{"type":"Polygon","coordinates":[[[-40.4885823,-12.9487131],[-40.4805617,-12.9418552999999],[-40.4618723999999,-12.949271],[-40.4254182,-12.9216023999999],[-40.4207893,-12.8867539],[-40.3843613999999,-12.866165],[-40.3819291999999,-12.8565305],[-40.391115,-12.8519494999999],[-40.3706984,-12.8002736999999],[-40.349835,-12.7900996],[-40.3441407999999,-12.7690893],[-40.2925845,-12.7458894],[-40.2166336,-12.7655794],[-40.1828088999999,-12.7327860999999],[-40.1809671,-12.6979621999999],[-40.1204178,-12.687696],[-40.0901888,-12.6379037],[-40.0547261,-12.6111222],[-40.0454759,-12.5633698],[-40.0272102,-12.5600072999999],[-40.0176259,-12.5680087],[-40.0017298,-12.5573947],[-39.9505505,-12.5570420999999],[-39.9256899,-12.5216020999999],[-39.9101304,-12.5167499],[-39.8940034,-12.5241063999999],[-39.8535472999999,-12.5124188],[-39.8274501999999,-12.534368],[-39.8045536,-12.5361283999999],[-39.7925533,-12.5562388],[-39.7870253999999,-12.6149462],[-39.8059087,-12.6864565],[-39.7973021,-12.7049370999999],[-39.8556988,-12.7956004],[-39.8941955999999,-12.7533925],[-39.9281212999999,-12.8170832],[-39.8998045,-12.8746444999999],[-39.9881075,-12.9306306],[-39.9911395,-12.9631873],[-39.9999543,-12.9699456999999],[-40.0654392,-12.9927183999999],[-40.1440150999999,-12.9823024999999],[-40.1733007999999,-13.0208403],[-40.1979873999999,-13.0364728],[-40.1991753,-13.048685],[-40.3206799,-13.0402152],[-40.3459412999999,-13.0625469999999],[-40.3299196,-13.0912614],[-40.4001469999999,-13.0662057],[-40.4126534,-13.0879634],[-40.4717535999999,-13.0000686999999],[-40.4885823,-12.9487131]]]}},{"type":"Feature","id":"2928059","properties":{"codigoIbge":"2928059","municipio":"Santa Luzia","cpr":"CPR-S","cprs":["CPR-S"],"opm":"62ª CIPM/CAMACAN","opms":["62ª CIPM/CAMACAN"],"cprExato":true,"opmExata":true,"somenteReferencia":false},"geometry":{"type":"Polygon","coordinates":[[[-39.3446630999999,-15.6171444],[-39.2749908,-15.5629561],[-39.304312,-15.550153],[-39.3105241,-15.5215947],[-39.3643494999999,-15.4862694999999],[-39.3659355999999,-15.4555154999999],[-39.381275,-15.4242457999999],[-39.4172399999999,-15.4228037],[-39.4281397,-15.3879731],[-39.4407125,-15.3872117],[-39.454528,-15.4095379999999],[-39.4652450999999,-15.4035716],[-39.4603448,-15.3631273],[-39.4819292,-15.3463998],[-39.4624451999999,-15.3319193999999],[-39.4588674999999,-15.3126774999999],[-39.4388228999999,-15.3097964],[-39.4276776999999,-15.3163314999999],[-39.4329142,-15.3331615999999],[-39.410471,-15.3286808999999],[-39.3993556,-15.3492137],[-39.3648755999999,-15.3525536999999],[-39.3152009,-15.3278774999999],[-39.3148451,-15.3082125999999],[-39.3008656,-15.3041544],[-39.2878228,-15.316589],[-39.2931604999999,-15.3308564],[-39.2862004999999,-15.3412787999999],[-39.253959,-15.3603044],[-39.2537126999999,-15.3415603999999],[-39.2346659,-15.3551765999999],[-39.1489291,-15.3761896999999],[-39.0810347,-15.3630982],[-39.0166045,-15.3909239999999],[-39.0206798,-15.4371543999999],[-39.0454037,-15.4594635999999],[-39.0888105,-15.4689976],[-39.1046294999999,-15.4856619999999],[-39.1421508,-15.4934885],[-39.1684834,-15.5136916],[-39.2077049,-15.5107533999999],[-39.1952229999999,-15.5319029999999],[-39.1859704999999,-15.5265145999999],[-39.1641331,-15.5402132999999],[-39.1755582,-15.5660267],[-39.1495068,-15.5798756],[-39.159772,-15.6033217999999],[-39.2034333999999,-15.5923501999999],[-39.2344613999999,-15.6220425999999],[-39.2620833,-15.6336277999999],[-39.284865,-15.6309368999999],[-39.3012429999999,-15.6111314],[-39.3303809,-15.6274779999999],[-39.3446630999999,-15.6171444]]]}},{"type":"Feature","id":"2903706","properties":{"codigoIbge":"2903706","municipio":"Boa Nova","cpr":"CPR-MRC","cprs":["CPR-MRC"],"opm":"55ª CIPM/IPIAÚ","opms":["55ª CIPM/IPIAÚ"],"cprExato":true,"opmExata":true,"somenteReferencia":false},"geometry":{"type":"Polygon","coordinates":[[[-40.0644020999999,-14.4880906],[-40.081495,-14.4869993],[-40.0936384,-14.5208036],[-40.1045860999999,-14.5206436],[-40.119474,-14.4895634],[-40.1829521999999,-14.4798996],[-40.1923459999999,-14.4611015999999],[-40.2378487,-14.4419032],[-40.2888788999999,-14.4425338],[-40.3027969999999,-14.4243344],[-40.4106899,-14.3899326],[-40.5052221,-14.3376466],[-40.4885149,-14.3179066],[-40.4451109,-14.2943119999999],[-40.4331918,-14.2983260999999],[-40.4124353999999,-14.2814255],[-40.3920323,-14.2847158],[-40.3879056,-14.2657427999999],[-40.3751326999999,-14.2741669],[-40.3840345999999,-14.2839119],[-40.3802226999999,-14.2999565],[-40.3569926,-14.3104858999999],[-40.3702934,-14.2939312],[-40.3545429,-14.2902971],[-40.35259,-14.2740378999999],[-40.3286677,-14.2828433],[-40.2982362,-14.2761088],[-40.1958638999999,-14.2393757],[-40.1804346,-14.2238776999999],[-40.1699232,-14.2312833],[-40.1681435,-14.2510411],[-40.1301058999999,-14.2493216999999],[-40.1324286,-14.2416297],[-40.1129723999999,-14.2279652],[-40.0976527,-14.2669306],[-40.0985697,-14.3028791999999],[-40.0693464,-14.3149885999999],[-40.0709616,-14.349012],[-40.0614866,-14.3598317],[-40.0675800999999,-14.3776200999999],[-40.0357094999999,-14.3914344],[-40.0449173,-14.4189218999999],[-40.0374567,-14.4379259999999],[-40.050765,-14.440524],[-40.0644020999999,-14.4880906]]]}},{"type":"Feature","id":"2904050","properties":{"codigoIbge":"2904050","municipio":"Bonito","cpr":"CPR-CN","cprs":["CPR-CN"],"opm":"3ª CIPM/MORRO DO CHAPÉU","opms":["3ª CIPM/MORRO DO CHAPÉU"],"cprExato":true,"opmExata":true,"somenteReferencia":false},"geometry":{"type":"Polygon","coordinates":[[[-41.2290634999999,-11.9078858999999],[-41.1883898999999,-11.9715869],[-41.1955942,-12.0117466],[-41.2158426999999,-12.0179815],[-41.2312962999999,-12.0401947999999],[-41.2294535,-12.0777340999999],[-41.217774,-12.0838236999999],[-41.2369735999999,-12.1140106999999],[-41.2254952,-12.1229150999999],[-41.2270783,-12.1336102999999],[-41.3548711999999,-12.1683977],[-41.3715996,-12.1187441],[-41.36823,-12.0829586999999],[-41.3971799,-12.0738651],[-41.4166127,-11.9980168],[-41.4447086,-11.9861146],[-41.4556562999999,-11.969639],[-41.4475242,-11.9460501],[-41.4255464999999,-11.9341421],[-41.4226242999999,-11.8716595999999],[-41.3989078,-11.8127686],[-41.3930445,-11.7715749],[-41.3467785999999,-11.7767157],[-41.3261272999999,-11.7843104999999],[-41.3216707,-11.7980757999999],[-41.2493803999999,-11.813955],[-41.243907,-11.8392049],[-41.2563797,-11.9005572],[-41.2290634999999,-11.9078858999999]]]}},{"type":"Feature","id":"2912202","properties":{"codigoIbge":"2912202","municipio":"Ibicoara","cpr":"CPR-CH","cprs":["CPR-CH"],"opm":"11 BPM/ITABERABA","opms":["11 BPM/ITABERABA"],"cprExato":true,"opmExata":true,"somenteReferencia":false},"geometry":{"type":"Polygon","coordinates":[[[-41.2322252,-13.4343689],[-41.2367563999999,-13.4611689999999],[-41.3102456,-13.4955785],[-41.3525595,-13.4901335],[-41.4872803,-13.5236911],[-41.5033788,-13.5149972],[-41.4991012999999,-13.4814878999999],[-41.5073121,-13.4773494],[-41.5112683,-13.4470944999999],[-41.5289536,-13.4459467],[-41.5474078,-13.4258715999999],[-41.4458799,-13.3835781999999],[-41.4370231999999,-13.3288305],[-41.4537326,-13.2958189],[-41.4539847,-13.2630778999999],[-41.4459183,-13.2506969],[-41.4144358999999,-13.2453805],[-41.3992684999999,-13.2244259],[-41.3827428,-13.2711884999999],[-41.3492666,-13.281258],[-41.3349077,-13.2988978999999],[-41.2905714999999,-13.3224723],[-41.1851025,-13.2299512],[-41.1432174,-13.2990374],[-41.1259363999999,-13.2872095],[-41.1059122999999,-13.2935745],[-41.1047783,-13.3188974999999],[-41.1153194,-13.3240024999999],[-41.1170501,-13.3401668999999],[-41.1269804,-13.3330341],[-41.1297891999999,-13.3619439],[-41.1557073,-13.3772279],[-41.1608585,-13.4035031999999],[-41.1870905,-13.405137],[-41.2322252,-13.4343689]]]}},{"type":"Feature","id":"2919157","properties":{"codigoIbge":"2919157","municipio":"Lapão","cpr":"CPR-CN","cprs":["CPR-CN"],"opm":"7 BPM/IRECÊ","opms":["7 BPM/IRECÊ"],"cprExato":true,"opmExata":true,"somenteReferencia":false},"geometry":{"type":"Polygon","coordinates":[[[-41.6930419999999,-11.4798149],[-41.6225334,-11.5576485],[-41.6233978999999,-11.611298],[-41.6692638,-11.6159726999999],[-41.6708705999999,-11.6263918],[-41.6986577,-11.6346144],[-41.6990681999999,-11.6463823],[-41.7194595999999,-11.6444422],[-41.7729342,-11.6821899999999],[-41.7872057,-11.6246101999999],[-41.8728149,-11.4925547],[-41.9216719999999,-11.4484608999999],[-41.9415198,-11.4152961],[-41.9426159999999,-11.3812480999999],[-41.8826993,-11.3725173],[-41.8779375999999,-11.3617242],[-41.7725442,-11.3647248],[-41.7841519999999,-11.3845307],[-41.7464711,-11.3921410999999],[-41.7515208999999,-11.4139185],[-41.7002138999999,-11.4112431],[-41.6930419999999,-11.4798149]]]}},{"type":"Feature","id":"2912301","properties":{"codigoIbge":"2912301","municipio":"Ibicuí","cpr":"CPR-S","cprs":["CPR-S"],"opm":"8ª CIPM/ITAPETINGA","opms":["8ª CIPM/ITAPETINGA"],"cprExato":true,"opmExata":true,"somenteReferencia":false},"geometry":{"type":"Polygon","coordinates":[[[-39.9678632,-14.9368486999999],[-39.9793609,-14.9651704999999],[-40.0008958,-14.9749469999999],[-40.0455436,-14.9532773999999],[-40.0361647999999,-14.9157633],[-40.045619105,-14.8690814899999],[-40.01493909,-14.78728081],[-40.0334908,-14.743782],[-40.0224388,-14.7310524],[-39.9791882,-14.7166591],[-39.9806475999999,-14.6941598999999],[-39.9516060999999,-14.6676274],[-39.9404165,-14.6864246],[-39.9001835999999,-14.6704098],[-39.8996518,-14.6409462],[-39.8731351,-14.5910180999999],[-39.9630774,-14.4828565],[-39.9600177,-14.4720179],[-39.9526018999999,-14.4666417999999],[-39.9437339,-14.4795548],[-39.9189971,-14.4684396],[-39.8987845,-14.4343122],[-39.8726761,-14.4329109999999],[-39.8574619999999,-14.4515828999999],[-39.8453456999999,-14.4361663999999],[-39.8376721,-14.4434591999999],[-39.8296177,-14.4323469],[-39.8329163999999,-14.3952494],[-39.8117498999999,-14.3668473999999],[-39.7901191,-14.3506164999999],[-39.7639336,-14.359483],[-39.7411197,-14.3476464999999],[-39.745549,-14.370021],[-39.7202832,-14.3758139999999],[-39.7276548999999,-14.3663817],[-39.718918,-14.3609928],[-39.6961360999999,-14.3711888999999],[-39.7161202999999,-14.4117754],[-39.7030976999999,-14.4346323999999],[-39.7330797,-14.5163848],[-39.7353548999999,-14.555289],[-39.7156404999999,-14.5785681999999],[-39.7564232,-14.7010921999999],[-39.7494103,-14.7433235999999],[-39.7849869999999,-14.7303155999999],[-39.7817037999999,-14.7447003],[-39.8220449999999,-14.7474536999999],[-39.8318894,-14.7758170999999],[-39.8691229999999,-14.7918692],[-39.8737985,-14.8172312],[-39.898316,-14.8252125999999],[-39.9089708,-14.8099123],[-39.9210474999999,-14.8466352],[-39.9405383,-14.8555519999999],[-39.9482048,-14.9225630999999],[-39.9678632,-14.9368486999999]]]}},{"type":"Feature","id":"2927309","properties":{"codigoIbge":"2927309","municipio":"Salinas da Margarida","cpr":"CPR-R","cprs":["CPR-R"],"opm":"23 BPM/VERA CRUZ","opms":["23 BPM/VERA CRUZ"],"cprExato":true,"opmExata":true,"somenteReferencia":false},"geometry":{"type":"Polygon","coordinates":[[[-38.75146,-12.9668507],[-38.7972975,-12.9464417],[-38.8183519,-12.9074775999999],[-38.8178157,-12.8749415],[-38.8065356,-12.8711352],[-38.8018855999999,-12.8385327],[-38.6985645999999,-12.8005534],[-38.7215208,-12.8473538],[-38.7032169999999,-12.876899],[-38.7084449,-12.9013133],[-38.75146,-12.9668507]]]}},{"type":"Feature","id":"2904100","properties":{"codigoIbge":"2904100","municipio":"Boquira","cpr":"CPR-MO","cprs":["CPR-MO"],"opm":"4ª CIPM/MACAÚBAS","opms":["4ª CIPM/MACAÚBAS"],"cprExato":true,"opmExata":true,"somenteReferencia":false},"geometry":{"type":"Polygon","coordinates":[[[-42.933279,-12.9318347999999],[-42.8912978,-12.8892840999999],[-42.8785819999999,-12.7246061999999],[-42.8886259,-12.5416453999999],[-42.8253979,-12.5697954999999],[-42.7717026,-12.5576510999999],[-42.6392536,-12.5008008999999],[-42.6385816,-12.5123742],[-42.6554874,-12.5187412999999],[-42.6550582,-12.5328031],[-42.6357474,-12.5786251],[-42.6379201,-12.5948946999999],[-42.6232383,-12.6049583999999],[-42.6271752,-12.6277502999999],[-42.6096304,-12.6372215],[-42.605224,-12.6581935999999],[-42.5825900999999,-12.6631555],[-42.581093,-12.6911516],[-42.5488928,-12.6876384],[-42.5369980999999,-12.699359],[-42.5258906999999,-12.692483],[-42.5047508,-12.7375526],[-42.4948578,-12.7410768],[-42.5011279,-12.7496353999999],[-42.4956999,-12.7684123999999],[-42.5110801,-12.7753448999999],[-42.5298021999999,-12.8230296999999],[-42.4981498999999,-12.8542449],[-42.4996429,-12.8681412999999],[-42.6804915,-12.9002705999999],[-42.7204045,-12.885297],[-42.7823857999999,-12.9119673],[-42.8302937,-12.9503632],[-42.8431118,-12.9360349],[-42.8619904,-12.9438691],[-42.8824246999999,-12.9305487999999],[-42.933279,-12.9318347999999]]]}},{"type":"Feature","id":"2927408","properties":{"codigoIbge":"2927408","municipio":"Salvador","cpr":"","cprs":["CPRC-A","CPRC-BTS","CPRC-C"],"opm":"","opms":[],"cprExato":false,"opmExata":false,"somenteReferencia":true},"geometry":{"type":"Polygon","coordinates":[[[-38.468747,-13.0148816999999],[-38.5855859,-13.0126731999999],[-38.5618444,-12.957884],[-38.5641577,-12.9232378],[-38.5887994999999,-12.8926172999999],[-38.6614896,-12.8550458999999],[-38.6880116,-12.8305457],[-38.6985645999999,-12.8005534],[-38.6952138999999,-12.7541082999999],[-38.5877444,-12.753975],[-38.5879343,-12.7338849],[-38.5329432,-12.7387017],[-38.5097107,-12.7465018],[-38.4996494,-12.784713],[-38.4622707,-12.7914830999999],[-38.4642085999999,-12.8291002999999],[-38.4524853,-12.8447813999999],[-38.4410602,-12.8396327],[-38.4291572999999,-12.8476365],[-38.4291990999999,-12.8581649999999],[-38.4067707999999,-12.8735374],[-38.3788939999999,-12.8225714],[-38.3547449,-12.8356019999999],[-38.354863,-12.8946655999999],[-38.3409604,-12.9069067999999],[-38.3272981,-12.8978127999999],[-38.3061418,-12.9038634999999],[-38.3159300999999,-12.926577],[-38.3529864,-12.9569308],[-38.3646836999999,-12.9506883],[-38.3872729,-12.9568409999999],[-38.468747,-13.0148816999999]]]}},{"type":"Feature","id":"2912103","properties":{"codigoIbge":"2912103","municipio":"Ibicaraí","cpr":"CPR-S","cprs":["CPR-S"],"opm":"63ª CIPM/IBICARAÍ","opms":["63ª CIPM/IBICARAÍ"],"cprExato":true,"opmExata":true,"somenteReferencia":false},"geometry":{"type":"Polygon","coordinates":[[[-39.4774912999999,-14.8220365999999],[-39.4713659,-14.8909717999999],[-39.4863594999999,-14.8938568],[-39.4967195,-14.9092001999999],[-39.5206681999999,-14.8939093999999],[-39.5280779999999,-14.9078115],[-39.5555357,-14.9204659],[-39.5661175,-14.9167912],[-39.5653695999999,-14.9063216],[-39.5911535,-14.9014769],[-39.6167098,-14.911849],[-39.6270168999999,-14.9283012999999],[-39.6382551999999,-14.9173206999999],[-39.6371945999999,-14.8486639],[-39.6642853,-14.7908775999999],[-39.6584895999999,-14.7707746],[-39.6189062,-14.7888725],[-39.5536592,-14.7783666999999],[-39.5606023,-14.7921756],[-39.5542007,-14.7974],[-39.5098237,-14.8003042],[-39.5086578,-14.8165797],[-39.4774912999999,-14.8220365999999]]]}},{"type":"Feature","id":"2919207","properties":{"codigoIbge":"2919207","municipio":"Lauro de Freitas","cpr":"CPRMS","cprs":["CPRMS"],"opm":"","opms":["52ª CIPM/LAURO DE FREITAS","81ª CIPM/ITINGA"],"cprExato":true,"opmExata":false,"somenteReferencia":false},"geometry":{"type":"Polygon","coordinates":[[[-38.3071466,-12.9069718],[-38.3272981,-12.8978127999999],[-38.3409604,-12.9069067999999],[-38.354863,-12.8946655999999],[-38.3534466,-12.8391472],[-38.3729281,-12.8184502],[-38.3327882999999,-12.8120441999999],[-38.3133534999999,-12.850469],[-38.2887483,-12.8561438999999],[-38.2909600999999,-12.8702919999999],[-38.2752015999999,-12.8753457],[-38.3071466,-12.9069718]]]}},{"type":"Feature","id":"2903904","properties":{"codigoIbge":"2903904","municipio":"Bom Jesus da Lapa","cpr":"CPR-MO","cprs":["CPR-MO"],"opm":"38ª CIPM/BOM JESUS DA LAPA","opms":["38ª CIPM/BOM JESUS DA LAPA"],"cprExato":true,"opmExata":true,"somenteReferencia":false},"geometry":{"type":"Polygon","coordinates":[[[-43.2413235,-13.6103942],[-43.4394639,-13.8761721999999],[-43.459648,-13.8720129],[-43.4828436999999,-13.8499909],[-43.4803628999999,-13.8318373],[-43.5115906999999,-13.8148485],[-43.5167069,-13.7928774],[-43.5451932999999,-13.7939263],[-43.5376810999999,-13.7723738999999],[-43.4993335999999,-13.7333522],[-43.4761389,-13.6262341999999],[-43.4426180999999,-13.5593254],[-43.4413886,-13.545247],[-43.4502959,-13.5424378],[-43.4268614,-13.4326636],[-43.4667444999999,-13.3304342],[-43.4323530999999,-13.2586363999999],[-43.6291479999999,-13.268224],[-43.7050121999999,-13.2895566],[-43.7060708,-13.1878407999999],[-43.6929741,-13.1693096],[-43.6348735,-13.1846973999999],[-43.6191403,-13.1756326],[-43.6096602,-13.1515133999999],[-43.5453868,-13.1510193999999],[-43.518072,-13.1287707],[-43.4908973,-13.1368108999999],[-43.4637802,-13.1323265],[-43.4539923999999,-13.1491447],[-43.45937,-13.0553821],[-43.4511226,-13.0359483],[-43.4061457999999,-12.9978952],[-43.4053820999999,-12.899513],[-43.3949519999999,-12.8731496],[-43.3481345,-12.8588394999999],[-43.3482954999999,-12.8247228],[-43.3373880999999,-12.7995956999999],[-43.2781421999999,-12.7413888],[-43.2618222,-12.7106094],[-43.2312926,-12.6917986999999],[-43.2023004,-12.6891727],[-43.2163485,-12.7186358],[-43.2289656999999,-12.7257293],[-43.2294242,-12.7391372],[-43.2224778999999,-12.7274828],[-43.2181732,-12.7345668],[-43.2875516999999,-12.8420118],[-43.2624992,-12.8633657],[-43.2613378999999,-12.8749405999999],[-43.2499222,-12.8763678],[-43.2504939999999,-12.8871669],[-43.2290740999999,-12.8959958],[-43.2180446,-12.8910074],[-43.2143027,-12.9077725],[-43.1906365,-12.923008],[-43.16869,-12.974121],[-43.1369926,-12.9886164],[-43.1166727999999,-13.0277255],[-43.0952827,-13.0269546],[-43.0740395,-13.0647549],[-43.0543235,-13.0696738999999],[-43.0489471999999,-13.0832192],[-43.0298665,-13.0931161999999],[-43.0095216,-13.0867898999999],[-42.9908118,-13.0985074],[-42.9705071999999,-13.0961766],[-42.9184736999999,-13.1479457],[-42.9093634,-13.1761509],[-42.9229556,-13.1834365],[-42.9149682999999,-13.2047481999999],[-42.9232266999999,-13.2464970999999],[-42.9125549999999,-13.2950885999999],[-42.9475467999999,-13.2905223999999],[-42.9600614999999,-13.3340575],[-43.1165179,-13.3239091999999],[-43.1294308,-13.4275962999999],[-43.163065,-13.4415306],[-43.1876611,-13.5190127],[-43.2413235,-13.6103942]]]}},{"type":"Feature","id":"2904001","properties":{"codigoIbge":"2904001","municipio":"Boninal","cpr":"CPR-CH","cprs":["CPR-CH"],"opm":"29ª CIPM/SEABRA","opms":["29ª CIPM/SEABRA"],"cprExato":true,"opmExata":true,"somenteReferencia":false},"geometry":{"type":"Polygon","coordinates":[[[-41.6369319,-12.7824206999999],[-41.6209885,-12.8276804999999],[-41.6296851,-12.8657269999999],[-41.6436232,-12.8818256],[-41.6403321,-12.8980695999999],[-41.6996644,-12.9948649999999],[-41.7978247999999,-12.8085801999999],[-41.8129241,-12.8208599],[-41.8297904,-12.8142912],[-41.8574632,-12.8250977],[-41.8949229999999,-12.8036607],[-41.9147702,-12.8190069999999],[-41.978011,-12.8303784999999],[-41.9936837,-12.8557069999999],[-42.0184548,-12.8561122999999],[-42.0129911999999,-12.8331699999999],[-42.0333423,-12.7629608999999],[-42.0177697999999,-12.7278279999999],[-42.0305812999999,-12.6845903999999],[-42.0279897999999,-12.6575779999999],[-41.8974636,-12.684266],[-41.8457799999999,-12.67639],[-41.6442034,-12.6804875999999],[-41.6056695999999,-12.7107272],[-41.6038219,-12.7223844],[-41.6157224,-12.7594498],[-41.6369319,-12.7824206999999]]]}},{"type":"Feature","id":"2927200","properties":{"codigoIbge":"2927200","municipio":"Ruy Barbosa","cpr":"CPR-CH","cprs":["CPR-CH"],"opm":"11 BPM/ITABERABA","opms":["11 BPM/ITABERABA"],"cprExato":true,"opmExata":true,"somenteReferencia":false},"geometry":{"type":"Polygon","coordinates":[[[-40.5975778,-12.4530672],[-40.6864876999999,-12.4485225],[-40.7645929999999,-12.37925691],[-40.7776751,-12.3827079],[-40.8350723,-12.2994009],[-40.8759444999999,-12.2651574999999],[-40.9834896,-12.2626081],[-41.0090001999999,-12.2489166999999],[-41.0447604999999,-12.2014045],[-41.0408758,-12.1476011999999],[-40.9972642,-12.1486808],[-40.9721215,-12.1290508],[-40.8940104,-12.1549166],[-40.8735935,-12.1257414],[-40.5692349999999,-12.0785766],[-40.5562054,-12.0945318],[-40.5061903,-12.0987532],[-40.5018794,-12.1163572],[-40.4955942,-12.1059531],[-40.4587994,-12.1020597999999],[-40.4549461,-12.1272825999999],[-40.4270552999999,-12.1255335999999],[-40.4261294,-12.1461441],[-40.4002063999999,-12.1563181],[-40.4059457,-12.1789957999999],[-40.3936901,-12.1717710999999],[-40.3851509,-12.1913928999999],[-40.3413014,-12.1903675],[-40.3157975,-12.1992385],[-40.3106903999999,-12.2166533999999],[-40.2852983999999,-12.2161565],[-40.2722467999999,-12.2264172],[-40.2596576999999,-12.2165246],[-40.2258618,-12.2238922],[-40.2042168999999,-12.2140079],[-40.1855788999999,-12.2331553],[-40.1719452,-12.2193134999999],[-40.1565313,-12.2484962],[-40.1359176999999,-12.2527765999999],[-40.133258,-12.2993953],[-40.1124361999999,-12.3308236],[-40.1298757,-12.3367989999999],[-40.1324589,-12.34996],[-40.15333,-12.3458444999999],[-40.159454,-12.3527831],[-40.1734638,-12.3473552],[-40.1829845,-12.3204347999999],[-40.1989116,-12.3153103],[-40.2122231,-12.2823356],[-40.2509611,-12.2701355999999],[-40.3563114,-12.2550108999999],[-40.3711309,-12.2731871],[-40.3903402,-12.2616690999999],[-40.4191762999999,-12.2794617],[-40.4262917,-12.2700388],[-40.4412167,-12.2993408],[-40.4619518,-12.3152044999999],[-40.4801573,-12.3102536],[-40.4875049999999,-12.3302628],[-40.4973937,-12.3300962],[-40.5308517,-12.4009475],[-40.5975778,-12.4530672]]]}},{"type":"Feature","id":"2919009","properties":{"codigoIbge":"2919009","municipio":"Lajedinho","cpr":"CPR-CH","cprs":["CPR-CH"],"opm":"11 BPM/ITABERABA","opms":["11 BPM/ITABERABA"],"cprExato":true,"opmExata":true,"somenteReferencia":false},"geometry":{"type":"Polygon","coordinates":[[[-41.2070419999999,-12.5027600999999],[-41.1958311999999,-12.4928442],[-41.204595,-12.4769750999999],[-41.1976261999999,-12.4661143],[-41.1649504,-12.4473044],[-41.1644345999999,-12.4115328999999],[-41.1474124,-12.4060903999999],[-41.1547975999999,-12.4002055],[-41.1442739,-12.3943459],[-41.158603,-12.3860003999999],[-41.0627597,-12.2849376999999],[-41.0613529999999,-12.2653157],[-40.8759444999999,-12.2651574999999],[-40.8350723,-12.2994009],[-40.7776751,-12.3827079],[-40.7645929999999,-12.37925691],[-40.6864876999999,-12.4485225],[-40.959156,-12.4698341],[-40.9948975,-12.4588815999999],[-41.0528959,-12.4756892],[-41.0845196999999,-12.4653848999999],[-41.2070419999999,-12.5027600999999]]]}},{"type":"Feature","id":"2903953","properties":{"codigoIbge":"2903953","municipio":"Bom Jesus da Serra","cpr":"CPR-SO","cprs":["CPR-SO"],"opm":"79ª CIPM/POÇÕES","opms":["79ª CIPM/POÇÕES"],"cprExato":true,"opmExata":true,"somenteReferencia":false},"geometry":{"type":"Polygon","coordinates":[[[-40.5406695,-14.3172734],[-40.3986619,-14.3944357],[-40.3934194,-14.4073417],[-40.4111993999999,-14.4563077],[-40.4264643999999,-14.4462579],[-40.4340429,-14.4599866],[-40.4388602,-14.4543757],[-40.4496324,-14.46406],[-40.4938850999999,-14.4487913999999],[-40.6601702999999,-14.4629303],[-40.6820114,-14.4427274999999],[-40.6866856999999,-14.4530601],[-40.703522,-14.4470162],[-40.7206815,-14.4286236999999],[-40.7244315999999,-14.3955377],[-40.7436949,-14.3878857999999],[-40.7175271999999,-14.3829129],[-40.706328,-14.3610844999999],[-40.6960309,-14.3605471],[-40.7353146999999,-14.3378342999999],[-40.7317042,-14.3294362],[-40.7046171,-14.3284178],[-40.6996674,-14.2986258],[-40.6762317,-14.3107054999999],[-40.6766906,-14.3303599999999],[-40.6350212,-14.2989976],[-40.5406695,-14.3172734]]]}},{"type":"Feature","id":"2919108","properties":{"codigoIbge":"2919108","municipio":"Lamarão","cpr":"CPR-NE","cprs":["CPR-NE"],"opm":"16 BPM/SERRINHA","opms":["16 BPM/SERRINHA"],"cprExato":true,"opmExata":true,"somenteReferencia":false},"geometry":{"type":"Polygon","coordinates":[[[-38.86774,-11.8059911],[-38.9154015,-11.8996298],[-38.9349321,-11.8371412],[-38.9780385999999,-11.815661],[-38.9859647,-11.7532337],[-38.9672452999999,-11.7570770999999],[-38.9647404999999,-11.7465481999999],[-38.9354872,-11.7404182999999],[-38.9302984,-11.7277842999999],[-38.8979967999999,-11.7223885999999],[-38.8901701,-11.6965660999999],[-38.8723487999999,-11.6988926999999],[-38.8733852999999,-11.7138995],[-38.8413212,-11.7402936],[-38.8338535999999,-11.7727103999999],[-38.86774,-11.8059911]]]}},{"type":"Feature","id":"2903300","properties":{"codigoIbge":"2903300","municipio":"Barro Preto","cpr":"CPR-S","cprs":["CPR-S"],"opm":"15 BPM/ITABUNA","opms":["15 BPM/ITABUNA"],"cprExato":true,"opmExata":true,"somenteReferencia":false},"geometry":{"type":"Polygon","coordinates":[[[-39.5086578,-14.8165797],[-39.5098237,-14.8003042],[-39.5606023,-14.7921756],[-39.5548524,-14.7659694999999],[-39.5166531,-14.7327569],[-39.4510354,-14.7666305],[-39.4420497999999,-14.7457279999999],[-39.4281477,-14.7383262],[-39.4298987,-14.7151772],[-39.4101481,-14.7168789999999],[-39.3965332,-14.6976210999999],[-39.3864551,-14.7175324999999],[-39.3770787,-14.7015436],[-39.3446286999999,-14.7213105],[-39.3554065,-14.7594528],[-39.4050215999999,-14.8372135999999],[-39.4769365999999,-14.8511834],[-39.4774912999999,-14.8220365999999],[-39.5086578,-14.8165797]]]}},{"type":"Feature","id":"2903276","properties":{"codigoIbge":"2903276","municipio":"Barrocas","cpr":"CPR-NE","cprs":["CPR-NE"],"opm":"16 BPM/SERRINHA","opms":["16 BPM/SERRINHA"],"cprExato":true,"opmExata":true,"somenteReferencia":false},"geometry":{"type":"Polygon","coordinates":[[[-39.1582835999999,-11.6329211999999],[-39.1449016,-11.5674056],[-39.1458906,-11.5376949],[-39.1576188999999,-11.5290964],[-39.1407680999999,-11.4934628],[-39.0740074999999,-11.4208409],[-39.0491867,-11.4441846999999],[-39.0655523,-11.4881521999999],[-39.0467591999999,-11.5116694999999],[-39.0422695,-11.5356631],[-39.0212890999999,-11.551345],[-39.0322884999999,-11.5854333999999],[-39.0683069,-11.6047583],[-39.0726308,-11.6155732],[-39.1110303999999,-11.6150979999999],[-39.1582835999999,-11.6329211999999]]]}},{"type":"Feature","id":"2919058","properties":{"codigoIbge":"2919058","municipio":"Lajedo do Tabocal","cpr":"CPR-MRC","cprs":["CPR-MRC"],"opm":"93ª CIPM/MARACÁS","opms":["93ª CIPM/MARACÁS"],"cprExato":true,"opmExata":true,"somenteReferencia":false},"geometry":{"type":"Polygon","coordinates":[[[-40.439805,-13.5835393999999],[-40.4239636999999,-13.5891908999999],[-40.4029207999999,-13.574016],[-40.3592098999999,-13.5081633],[-40.3288406,-13.4850223],[-40.2976619999999,-13.4149131],[-40.2900028,-13.3562583],[-40.2777058999999,-13.3450472],[-40.2855405,-13.3156552],[-40.2695080999999,-13.2881143],[-40.2503843,-13.2822629999999],[-40.2243452,-13.3139542],[-40.2060905,-13.3120064],[-40.1768926999999,-13.3342246],[-40.150638,-13.3372335],[-40.1821469,-13.3515303999999],[-40.1776679,-13.3648284999999],[-40.2154813999999,-13.3586973999999],[-40.2010864,-13.3850772],[-40.223937,-13.3806236],[-40.2263273999999,-13.3873364],[-40.2311928999999,-13.4142568],[-40.2157529999999,-13.4303909],[-40.1977669999999,-13.4885914999999],[-40.1987890999999,-13.4991181999999],[-40.2152359999999,-13.5032299],[-40.2113241,-13.5227533],[-40.2349174,-13.534144],[-40.2543094,-13.5181858],[-40.2755447,-13.5558455999999],[-40.3704554999999,-13.6127003999999],[-40.4163872999999,-13.605422],[-40.439805,-13.5835393999999]]]}},{"type":"Feature","id":"2927606","properties":{"codigoIbge":"2927606","municipio":"Santa Brígida","cpr":"CPR-NE","cprs":["CPR-NE"],"opm":"20 BPM/PAULO AFONSO","opms":["20 BPM/PAULO AFONSO"],"cprExato":true,"opmExata":true,"somenteReferencia":false},"geometry":{"type":"Polygon","coordinates":[[[-38.000603,-9.82002669999997],[-38.0030694,-9.83880129999994],[-37.9954442,-9.84607869999996],[-38.0139796,-9.85726779999993],[-37.9940994999999,-9.88070799999997],[-37.9983652999999,-9.90592459999993],[-38.0831534,-9.89684519999997],[-38.1022397,-9.88248209999995],[-38.1161708,-9.92167609999996],[-38.133449,-9.90686239999997],[-38.1488856,-9.91626389999993],[-38.191401,-9.89900499999993],[-38.2052815,-9.90866709999995],[-38.2667746,-9.86039699999998],[-38.3329174,-9.78510079999995],[-38.4432538,-9.69860859999994],[-38.3636533,-9.70684039999998],[-38.3508638,-9.67797049999996],[-38.3076047,-9.66097099999996],[-38.285333,-9.69063139999997],[-38.2248159,-9.67447119999997],[-38.1758737,-9.66963679999998],[-38.1566607,-9.67752079999997],[-38.1447221999999,-9.65845149999996],[-38.1484371,-9.64958489999998],[-38.1365337999999,-9.64028949999994],[-38.1242506,-9.64483599999994],[-38.1227815999999,-9.62040499999995],[-38.0896620999999,-9.61119779999996],[-38.0610389,-9.58763789999995],[-38.0525471999999,-9.60527699999994],[-38.0556245,-9.63219699999996],[-38.0371881999999,-9.62804749999998],[-38.0089614,-9.64905829999998],[-38.0322191999999,-9.66068649999994],[-38.0440495999999,-9.71865239999994],[-38.0325366,-9.77027499999997],[-38.0200978999999,-9.77750989999993],[-38.0203180999999,-9.79830219999997],[-38.000603,-9.82002669999997]]]}},{"type":"Feature","id":"2919405","properties":{"codigoIbge":"2919405","municipio":"Licínio de Almeida","cpr":"CPR-MO","cprs":["CPR-MO"],"opm":"94ª CIPM/CAETITÉ","opms":["94ª CIPM/CAETITÉ"],"cprExato":true,"opmExata":true,"somenteReferencia":false},"geometry":{"type":"Polygon","coordinates":[[[-42.4839239999999,-14.7366934],[-42.5295422,-14.7661312],[-42.5299874,-14.8079356],[-42.5492037999999,-14.8265795999999],[-42.5588409,-14.8239212],[-42.5729036,-14.8012763999999],[-42.5706134,-14.7714084999999],[-42.5815049999999,-14.7699395],[-42.581785,-14.7611219999999],[-42.5524842999999,-14.6141383],[-42.5759568999999,-14.6072480999999],[-42.5841702,-14.5726486],[-42.5822019,-14.5499475999999],[-42.5646652999999,-14.5433441],[-42.5572794999999,-14.5256203],[-42.5731398999999,-14.5090961999999],[-42.586709,-14.5083839],[-42.5796177,-14.4906789],[-42.5868424,-14.4797336999999],[-42.5787971,-14.4504532],[-42.5564093,-14.4481820999999],[-42.5452182,-14.4251012],[-42.5482163,-14.4094681],[-42.5164703999999,-14.4118516999999],[-42.5025676,-14.3995502999999],[-42.4663676,-14.405744],[-42.4631489999999,-14.4215005999999],[-42.3925744699999,-14.42631843],[-42.3752621899999,-14.4561871999999],[-42.3518769899999,-14.4688945799999],[-42.3569665099999,-14.4801864099999],[-42.3418415199999,-14.50257191],[-42.3475522099999,-14.51665829],[-42.32393859,-14.54960019],[-42.34274942,-14.5535432799999],[-42.3431955999999,-14.56466728],[-42.3565336,-14.573275005],[-42.332103495,-14.592958785],[-42.3308585149999,-14.6071559],[-42.3634352,-14.6338982],[-42.3772226,-14.6619863999999],[-42.3801860999999,-14.7115603999999],[-42.4172025999999,-14.7233654],[-42.4219452,-14.7495736999999],[-42.4359228,-14.7602242999999],[-42.4839239999999,-14.7366934]]]}},{"type":"Feature","id":"2911501","properties":{"codigoIbge":"2911501","municipio":"Gongogi","cpr":"CPR-S","cprs":["CPR-S"],"opm":"61ª CIPM/UBAITABA","opms":["61ª CIPM/UBAITABA"],"cprExato":true,"opmExata":true,"somenteReferencia":false},"geometry":{"type":"Polygon","coordinates":[[[-39.463035593,-14.3259775029999],[-39.4643593,-14.3407007],[-39.4876262999999,-14.3421485],[-39.4969821,-14.3335822],[-39.5037345,-14.3512231999999],[-39.5123616,-14.3383676999999],[-39.5263001,-14.3492783],[-39.5409126,-14.3413838999999],[-39.5532466999999,-14.3463950999999],[-39.5644366999999,-14.3346519999999],[-39.5519983,-14.3057767999999],[-39.5742812,-14.2981852999999],[-39.59966,-14.3108728],[-39.6402085999999,-14.2670441999999],[-39.652622,-14.2852305],[-39.6654134999999,-14.2805433999999],[-39.6771072,-14.2933897],[-39.6588987,-14.3177355999999],[-39.6679099999999,-14.3187872999999],[-39.6639208999999,-14.3288785],[-39.6855148999999,-14.3280422999999],[-39.6784597,-14.3315941],[-39.6823324,-14.356524],[-39.6965705,-14.3695789],[-39.6658351,-14.1845087999999],[-39.6595366999999,-14.1971872999999],[-39.6676138,-14.2140807],[-39.6510643999999,-14.2175801999999],[-39.6381337999999,-14.2046008999999],[-39.6094148,-14.2188616999999],[-39.5903046,-14.2104595],[-39.5739546,-14.2181474999999],[-39.5798839,-14.2501703],[-39.4425014999999,-14.3044406],[-39.4419808,-14.3131006999999],[-39.463035593,-14.3259775029999]]]}},{"type":"Feature","id":"2911303","properties":{"codigoIbge":"2911303","municipio":"Gentio do Ouro","cpr":"CPR-CN","cprs":["CPR-CN"],"opm":"10ª CIPM/XIQUE-XIQUE","opms":["10ª CIPM/XIQUE-XIQUE"],"cprExato":true,"opmExata":true,"somenteReferencia":false},"geometry":{"type":"Polygon","coordinates":[[[-42.5845748,-11.7126117],[-42.6432596,-11.7179371999999],[-42.6675238,-11.7095874],[-42.6805866999999,-11.7199168],[-42.7165745999999,-11.7182235999999],[-42.7467146,-11.7311561],[-42.746053,-11.7163902],[-42.7365589999999,-11.7143788],[-42.7427693999999,-11.7054684],[-42.7884096,-11.6904713],[-42.8138643,-11.6497436999999],[-42.8644641,-11.5990661],[-42.8627096,-11.5433049],[-42.8367684999999,-11.5273376],[-42.9126198,-11.2772626],[-42.8132419999999,-11.3107898],[-42.8368349,-11.2736939],[-42.8347881999999,-11.2518090999999],[-42.8419072999999,-11.2512472],[-42.8360451999999,-11.2347728999999],[-42.8435095999999,-11.2145224],[-42.8325401,-11.1985036999999],[-42.8383747999999,-11.1565115],[-42.8220304,-11.1411039],[-42.8043125,-11.1415350999999],[-42.8026422999999,-11.1260420999999],[-42.786237,-11.1195519999999],[-42.7869441,-11.1096446999999],[-42.7661643,-11.0919663999999],[-42.7906000999999,-11.0583129999999],[-42.7550168999999,-11.0408866999999],[-42.7607803999999,-11.001607],[-42.7518552,-11.0113602],[-42.7226664999999,-11.0032765999999],[-42.6713185999999,-11.014609],[-42.6575918999999,-11.0318399],[-42.6347661,-11.0398102],[-42.6201065,-11.0875401],[-42.5382005,-11.0050284],[-42.5172406,-11.0095961],[-42.5247687,-11.048887],[-42.5101147,-11.0604574999999],[-42.5001118,-11.0962761],[-42.5109351,-11.1054103999999],[-42.5164662999999,-11.1328058999999],[-42.5065936,-11.1533868],[-42.4868759999999,-11.1493161999999],[-42.4807511999999,-11.1602462],[-42.451176,-11.2169125],[-42.4594767999999,-11.2264594],[-42.4429497,-11.2454428999999],[-42.4460177,-11.2617225999999],[-42.4278398,-11.285251],[-42.3457926999999,-11.2786012],[-42.3262604,-11.2900033999999],[-42.3378703,-11.297024],[-42.3311641999999,-11.3102582],[-42.315062,-11.3037629999999],[-42.3082484,-11.3334555],[-42.2959332999999,-11.3373435],[-42.3060611999999,-11.3436247],[-42.2956955,-11.3720018999999],[-42.3055932,-11.3960342],[-42.299887,-11.4035517999999],[-42.3616534,-11.4804119999999],[-42.3256239999999,-11.587869],[-42.3409993,-11.5890128],[-42.354181,-11.6332097],[-42.3543498,-11.6747103],[-42.3412102999999,-11.6888989],[-42.3600843,-11.7120269],[-42.3630014,-11.7559173999999],[-42.3912116,-11.7524698],[-42.4231336,-11.7642724999999],[-42.4443683,-11.7576971999999],[-42.4721506,-11.7252346999999],[-42.4876149,-11.7753728],[-42.5203324,-11.7490303],[-42.5652110999999,-11.7358934],[-42.5845748,-11.7126117]]]}},{"type":"Feature","id":"2903235","properties":{"codigoIbge":"2903235","municipio":"Barro Alto","cpr":"CPR-CN","cprs":["CPR-CN"],"opm":"7 BPM/IRECÊ","opms":["7 BPM/IRECÊ"],"cprExato":true,"opmExata":true,"somenteReferencia":false},"geometry":{"type":"Polygon","coordinates":[[[-41.6822774999999,-11.9878621],[-41.8820818,-11.8912629],[-42.0214721,-11.8151981999999],[-42.0045216,-11.7981586999999],[-41.9873535,-11.8022235],[-41.9842101999999,-11.7944707999999],[-41.9433546,-11.8057818999999],[-41.9326806999999,-11.7786138],[-41.9061437,-11.7549733999999],[-41.8939399,-11.7556268],[-41.8610135,-11.709694],[-41.8237622999999,-11.7387656999999],[-41.7653295,-11.8629902],[-41.6799197,-11.9216466999999],[-41.6892247,-11.9677287],[-41.6822774999999,-11.9878621]]]}},{"type":"Feature","id":"2911402","properties":{"codigoIbge":"2911402","municipio":"Glória","cpr":"CPR-NE","cprs":["CPR-NE"],"opm":"20 BPM/PAULO AFONSO","opms":["20 BPM/PAULO AFONSO"],"cprExato":true,"opmExata":true,"somenteReferencia":false},"geometry":{"type":"Polygon","coordinates":[[[-38.5087156,-9.35365059999998],[-38.4930603,-9.48976559999994],[-38.6398914,-9.53041989999997],[-38.6172917,-9.44606639999995],[-38.5700545999999,-9.41262469999998],[-38.5614641999999,-9.31771809999998],[-38.5735582,-9.29050379999995],[-38.5644210999999,-9.25875139999994],[-38.6026919999999,-9.26547329999994],[-38.6076260999999,-9.25657859999995],[-38.5918622,-9.21984569999995],[-38.5979596,-9.18787169999996],[-38.5839802,-9.17493339999993],[-38.5842373,-9.03605309999995],[-38.5297113,-8.95698769999996],[-38.514040515,-8.96004031199993],[-38.46819855,-9.01320249999998],[-38.4154513999999,-9.03856979999995],[-38.3482873999999,-8.99314239999995],[-38.319175,-8.99206029999993],[-38.2888803499999,-9.04034299999995],[-38.3258666999999,-9.07799259999996],[-38.3044229999999,-9.09821119999998],[-38.3214017999999,-9.11688059999994],[-38.3194933999999,-9.13822929999998],[-38.2876009999999,-9.17388389999996],[-38.2800756,-9.20721889999993],[-38.2875127999999,-9.21712929999995],[-38.2395412,-9.32712889999993],[-38.2148984,-9.35301209999994],[-38.2840882,-9.38509269999997],[-38.3211962,-9.37897329999993],[-38.3419527999999,-9.39053129999996],[-38.3649602,-9.38199559999993],[-38.3889275999999,-9.40294309999996],[-38.4399673,-9.41376719999994],[-38.5087156,-9.35365059999998]]]}},{"type":"Feature","id":"2903201","properties":{"codigoIbge":"2903201","municipio":"Barreiras","cpr":"CPR-O","cprs":["CPR-O"],"opm":"","opms":["83ª CIPM/BARREIRAS","84ª CIPM/BARREIRAS"],"cprExato":true,"opmExata":false,"somenteReferencia":false},"geometry":{"type":"Polygon","coordinates":[[[-45.7647552999999,-12.4113452999999],[-45.6610034,-11.9143549],[-45.7664771999999,-11.8687169999999],[-45.7944823,-11.868817],[-45.8190979999999,-11.8877878],[-45.8465393,-11.8775449],[-45.9276475999999,-11.8759158],[-45.9454923,-11.8643999999999],[-45.9908260999999,-11.9189322999999],[-46.0999495999999,-11.995329],[-46.1440651,-12.0127257999999],[-46.1480093,-12.0333108999999],[-46.40374,-12.0497918],[-46.4187941,-12.0430875],[-46.4220194,-12.0515147999999],[-46.4486901,-12.0550691],[-46.4629389,-12.045629],[-46.4788877,-12.0491532999999],[-46.4554722999999,-12.0295676],[-46.4227903,-12.0297472999999],[-46.4252842999999,-12.0181597],[-46.4082595,-12.0095737],[-46.4002361999999,-12.0248129999999],[-46.3871796999999,-11.9972723],[-46.3639305999999,-11.9908617999999],[-46.3648267,-11.9807721999999],[-46.3249451,-11.9464225999999],[-46.2330575999999,-11.9364818],[-46.191605,-11.9203871999999],[-46.1800398,-11.9070912],[-46.2822315,-11.9182013],[-46.2880029,-11.9096549],[-46.3254314,-11.9090391],[-46.3530272,-11.8843191999999],[-46.3706582999999,-11.8895899],[-46.3811345,-11.8376923],[-46.3721335,-11.8299618999999],[-46.3505630999999,-11.8373755],[-46.3586554,-11.8125034999999],[-46.337911,-11.8141009999999],[-46.3352985,-11.7964368],[-46.3484199,-11.7970354],[-46.3484915,-11.7858466],[-46.3280101,-11.7713735],[-46.3609362,-11.7789513],[-46.3436773,-11.7600874999999],[-46.3751048,-11.7685987999999],[-46.3785453,-11.7485209],[-46.3366922,-11.7395670999999],[-46.3217632,-11.7134712],[-46.3335417,-11.7102087],[-46.3215686999999,-11.7073928],[-46.3077347,-11.6864406999999],[-46.3166914,-11.675493],[-46.3384622999999,-11.6718921],[-46.3401944999999,-11.6395843],[-46.3617244,-11.6310185999999],[-46.3796889,-11.645321],[-46.3956970999999,-11.6425275],[-46.3848704,-11.6252044],[-46.3775319,-11.6285829],[-46.3739087,-11.6159180999999],[-46.3657441,-11.6203738999999],[-46.359708,-11.6127627999999],[-46.3456447,-11.6192057],[-46.3376838999999,-11.6073512999999],[-46.3240279,-11.6075208999999],[-46.3254549,-11.5995703999999],[-46.2867874999999,-11.6158247],[-46.2440491999999,-11.6053128],[-46.2246953,-11.6396880999999],[-46.1839398,-11.6509525],[-46.1719108999999,-11.6448693999999],[-46.1536202999999,-11.6511935],[-46.1444858,-11.6243474],[-46.0674794,-11.6183902999999],[-45.9669668,-11.6255793],[-45.8839172,-11.6485028999999],[-45.8566155,-11.6454491],[-45.8191252,-11.6897643999999],[-45.7792137,-11.7012308],[-45.727449,-11.7332718],[-45.6992615,-11.7370038999999],[-45.6743764999999,-11.7536696],[-45.6635457,-11.7765003],[-45.6438108,-11.7752709],[-45.6344788,-11.7911839],[-45.4927087,-11.7665607],[-45.4090925,-11.7779232999999],[-45.3418406,-11.7345854],[-45.2791101999999,-11.7407537],[-45.2671705,-11.7483128],[-45.2720029,-11.7585273],[-45.2512177999999,-11.7667632],[-45.2541949,-11.7736009],[-45.2435887999999,-11.7670929999999],[-45.2257724999999,-11.7726049],[-45.2229675,-11.7941815],[-45.2070244,-11.7917598999999],[-45.2076792,-11.8016946999999],[-45.1899485,-11.8067179999999],[-45.1913797,-11.816631],[-45.1771677,-11.8148787],[-45.1649725999999,-11.8524075],[-45.093859,-11.8541069],[-45.086941,-11.8657292],[-45.0550676,-11.8786277],[-45.044773,-11.8999454],[-45.0239946,-11.9021695],[-45.0216341,-11.9208275],[-44.9818544,-11.9809278999999],[-44.9714432,-11.9808214999999],[-44.9655334,-12.0006213],[-44.9301098999999,-12.005894],[-44.9363908,-12.0332556],[-44.8992714999999,-12.0403463],[-44.8705497,-12.0627167],[-44.8414882,-12.1185975],[-44.8391908,-12.1476299],[-44.8165417,-12.1359492999999],[-44.7982810999999,-12.1052579999999],[-44.7874704,-12.1028254999999],[-44.7773597999999,-12.1144457],[-44.7287054999999,-12.1144588999999],[-44.7172737999999,-12.1248151999999],[-44.7020199,-12.1729382],[-44.6688908,-12.1559799],[-44.6380325,-12.1532597],[-44.6288079,-12.1424147999999],[-44.5803003,-12.1520427999999],[-44.6074983999999,-12.1711134999999],[-44.65045659,-12.1690208049999],[-44.674767905,-12.1781840049999],[-44.74206889,-12.227068405],[-44.795747005,-12.2229273899999],[-44.8414645,-12.2560602999999],[-44.927268797,-12.2931112969999],[-45.0248667,-12.3209689999999],[-45.044615,-12.3156966],[-45.0779075999999,-12.3345039],[-45.1024565,-12.3362289999999],[-45.1331094,-12.3224284999999],[-45.1495638,-12.3333096],[-45.1704348,-12.371135],[-45.2024469999999,-12.3802871],[-45.2314019,-12.427016],[-45.2837696,-12.4220157999999],[-45.4058506,-12.3701945],[-45.4468029999999,-12.3672832],[-45.464465,-12.3767935],[-45.4865909,-12.3649541999999],[-45.5873223,-12.4020247999999],[-45.6603784,-12.3927335],[-45.7189205999999,-12.3967878999999],[-45.7647552999999,-12.4113452999999]]]}},{"type":"Feature","id":"2927507","properties":{"codigoIbge":"2927507","municipio":"Santa Bárbara","cpr":"CPR-L","cprs":["CPR-L"],"opm":"25 BPM/FEIRA DE SANTANA","opms":["25 BPM/FEIRA DE SANTANA"],"cprExato":true,"opmExata":true,"somenteReferencia":false},"geometry":{"type":"Polygon","coordinates":[[[-38.9808722999999,-12.0545127],[-39.0417077,-12.0530534],[-39.0638706999999,-12.0179176],[-39.0541648,-12.0046622999999],[-39.058933,-11.9768354],[-39.0434974999999,-11.9342654],[-39.0143859999999,-11.9121521],[-39.0262154,-11.8687267],[-39.0563514,-11.8478954],[-39.0656491,-11.8296227],[-39.0132879,-11.8212093999999],[-38.9977775999999,-11.8058536999999],[-38.9349321,-11.8371412],[-38.9065356999999,-11.9192201],[-38.8977654999999,-11.977947],[-38.9044284,-12.0279027999999],[-38.9207954,-12.0159398],[-38.9413969,-12.0268727],[-38.9641609,-12.0191298999999],[-38.9808722999999,-12.0545127]]]}},{"type":"Feature","id":"2911709","properties":{"codigoIbge":"2911709","municipio":"Guanambi","cpr":"CPR-MO","cprs":["CPR-MO"],"opm":"17 BPM/GUANAMBI","opms":["17 BPM/GUANAMBI"],"cprExato":true,"opmExata":true,"somenteReferencia":false},"geometry":{"type":"Polygon","coordinates":[[[-42.9405762,-14.3560021],[-42.9492906999999,-14.3937647999999],[-42.9626357999999,-14.3944074],[-43.0082892999999,-14.3490373],[-43.070051,-14.3220775],[-42.9747626,-14.1865440999999],[-42.9631449,-14.1853591999999],[-42.9722090999999,-14.1660611999999],[-42.9375881999999,-14.1028229],[-42.9460624,-14.0146341],[-42.9179647999999,-13.9830408],[-42.8960207,-13.9880621],[-42.8589201999999,-14.0191887],[-42.8126131,-14.0187821],[-42.772296,-14.0830708999999],[-42.7203021999999,-14.1037436],[-42.697122,-14.0775189],[-42.6888015,-14.1075486],[-42.6762949,-14.1168612],[-42.6294321999999,-14.1398574999999],[-42.5997000999999,-14.1417837999999],[-42.5980008,-14.1760434],[-42.5800710999999,-14.2039650999999],[-42.5860185,-14.2370276],[-42.5982566,-14.2489568],[-42.5920313,-14.2721304999999],[-42.6035062,-14.2745202999999],[-42.6099076,-14.2955770999999],[-42.7092067999999,-14.3885789999999],[-42.7124406,-14.3251662],[-42.7477493,-14.3116434999999],[-42.7513895,-14.2963904],[-42.881293,-14.3214783],[-42.9405762,-14.3560021]]]}},{"type":"Feature","id":"2903508","properties":{"codigoIbge":"2903508","municipio":"Belo Campo","cpr":"CPR-SO","cprs":["CPR-SO"],"opm":"80ª CIPM/CANDIDO SALES","opms":["80ª CIPM/CANDIDO SALES"],"cprExato":true,"opmExata":true,"somenteReferencia":false},"geometry":{"type":"Polygon","coordinates":[[[-41.0872495,-15.0440838],[-41.0938427999999,-15.1141077999999],[-41.1172749999999,-15.133272],[-41.1288241999999,-15.1662873999999],[-41.1584018999999,-15.1853186],[-41.1639580999999,-15.1996506999999],[-41.1917996999999,-15.2102654],[-41.2729368999999,-15.1893865],[-41.3331365999999,-15.1269837],[-41.2890239,-15.0714192],[-41.3021682,-15.0239592999999],[-41.2185641999999,-14.9977279999999],[-41.2241935,-14.9657685],[-41.2380588,-14.9555152],[-41.2366268,-14.9401918999999],[-41.2441947999999,-14.9433956],[-41.2393165,-14.9316135999999],[-41.2635026,-14.9125877],[-41.2545615,-14.8886848],[-41.2682857,-14.8786666999999],[-41.2728933999999,-14.8553123],[-41.2579542999999,-14.826837],[-41.2721233,-14.7918460999999],[-41.2639277,-14.7802677],[-41.2820065999999,-14.7506602999999],[-41.2630842,-14.7494348999999],[-41.2648955,-14.7320712],[-41.2514169999999,-14.7321461],[-41.2447677,-14.7221125999999],[-41.2397779999999,-14.7375077999999],[-41.2227331999999,-14.7457946],[-41.2220129999999,-14.7112253999999],[-41.2004484,-14.7176787],[-41.1924951999999,-14.7242869],[-41.1999082,-14.7346959999999],[-41.1771368999999,-14.7372942],[-41.1813983,-14.748275],[-41.1640666,-14.7545964],[-41.1614549,-14.7936124],[-41.1697214,-14.8049369],[-41.1621888,-14.8262326999999],[-41.1753009,-14.8323328999999],[-41.1774450999999,-14.845089],[-41.1695379999999,-14.8625610999999],[-41.1531512,-14.8617098],[-41.1423588,-14.8824332],[-41.1515262999999,-14.9061737],[-41.1504674999999,-14.9204321],[-41.1357738,-14.9342500999999],[-41.1400429999999,-14.9635673],[-41.0872495,-15.0440838]]]}},{"type":"Feature","id":"2911808","properties":{"codigoIbge":"2911808","municipio":"Guaratinga","cpr":"CPR-ES","cprs":["CPR-ES"],"opm":"28 BPM/EUNÁPOLIS","opms":["28 BPM/EUNÁPOLIS"],"cprExato":true,"opmExata":true,"somenteReferencia":false},"geometry":{"type":"Polygon","coordinates":[[[-39.7457155,-16.749364],[-39.7725177,-16.7347662999999],[-39.7873446999999,-16.7544867999999],[-39.7963601,-16.7505882],[-39.8152248,-16.7638924],[-39.8444987999999,-16.7622411999999],[-39.883385,-16.745922],[-39.8902585,-16.7259951999999],[-39.9167839,-16.7340742],[-39.9274313999999,-16.7267227999999],[-39.9686895999999,-16.7296264999999],[-39.9761164,-16.7064705],[-39.9656062,-16.6952873999999],[-39.9900769,-16.7015592],[-39.9961067,-16.7118652999999],[-40.0081504999999,-16.7018067999999],[-40.0222319,-16.7138178],[-40.0363088999999,-16.703878],[-40.0583961,-16.7180658],[-40.0763774,-16.7070692],[-40.0881191999999,-16.6750551],[-40.0931416999999,-16.6857709],[-40.1273871,-16.6794384],[-40.1389057,-16.7148084],[-40.1633323,-16.7117393999999],[-40.1595411,-16.6935250999999],[-40.1975935999999,-16.7088196999999],[-40.2034497,-16.6960424],[-40.2112789999999,-16.7075017999999],[-40.247451,-16.7156178999999],[-40.2626622,-16.7077439],[-40.261873,-16.683103],[-40.2710635999999,-16.6767121999999],[-40.2831136,-16.672906],[-40.2986147,-16.698881],[-40.3110465999999,-16.6958387999999],[-40.3140233,-16.6817761999999],[-40.2754901,-16.5734176999999],[-40.2470256999999,-16.5735622999999],[-40.2341276,-16.5579322999999],[-40.2120242,-16.5731231],[-40.1578974,-16.5794549],[-40.1535575,-16.5616884],[-40.1655201,-16.5379781],[-40.1749369,-16.5372323999999],[-40.1707810999999,-16.5236219999999],[-40.161232,-16.5234442999999],[-40.1165455999999,-16.4664996],[-40.0986641,-16.4212100999999],[-40.0970479,-16.4480467],[-40.0839812999999,-16.4639265],[-40.069183,-16.4607257],[-40.0627168999999,-16.4319862999999],[-40.0520243,-16.4316605999999],[-40.0324989,-16.3919979],[-40.0252161,-16.3573622],[-39.9955234999999,-16.3306658],[-39.991102,-16.3127342999999],[-39.9783894999999,-16.3111367999999],[-39.9666726999999,-16.3272092],[-39.9542448,-16.3000249999999],[-39.9326576999999,-16.2836035],[-39.9032293,-16.2854968],[-39.8873283999999,-16.2440738999999],[-39.8708571999999,-16.2576799],[-39.8634125,-16.253171],[-39.8641498,-16.2664404],[-39.8495712,-16.2741846],[-39.8426373,-16.2950054],[-39.7786786,-16.3542158],[-39.7588163999999,-16.3855430999999],[-39.7557275,-16.3936426],[-39.7731737,-16.4122194],[-39.7634146999999,-16.4433043999999],[-39.7430888,-16.4524286],[-39.7204745999999,-16.4369268],[-39.7244686,-16.4622934],[-39.7349735999999,-16.4712373999999],[-39.7364426,-16.5136044],[-39.6984148999999,-16.5478213],[-39.6481884,-16.5720428999999],[-39.6767007999999,-16.6755236999999],[-39.6681929,-16.6946722],[-39.6761397,-16.7311162999999],[-39.6641102,-16.7480823],[-39.6607102,-16.7808865],[-39.6847539999999,-16.7491681999999],[-39.6802792,-16.7379915],[-39.6968047,-16.7289324],[-39.7051468999999,-16.7366345999999],[-39.7208722999999,-16.7302371],[-39.7250392999999,-16.7442947],[-39.7457155,-16.749364]]]}},{"type":"Feature","id":"2919306","properties":{"codigoIbge":"2919306","municipio":"Lençóis","cpr":"CPR-CH","cprs":["CPR-CH"],"opm":"42ª CIPM/LENÇÓIS","opms":["42ª CIPM/LENÇÓIS"],"cprExato":true,"opmExata":true,"somenteReferencia":false},"geometry":{"type":"Polygon","coordinates":[[[-41.3405102,-12.6778763],[-41.3419435,-12.7065906999999],[-41.3547651,-12.6993639999999],[-41.4379006,-12.7099959999999],[-41.4520337,-12.6741170999999],[-41.4792737,-12.6507295],[-41.4778373999999,-12.6403210999999],[-41.444426,-12.6227608],[-41.4705860999999,-12.5855506],[-41.4787458,-12.5492374],[-41.468374,-12.5354910999999],[-41.4876452999999,-12.505735],[-41.4836913,-12.4860166999999],[-41.4420236999999,-12.4665762],[-41.4578025,-12.4448136999999],[-41.44182,-12.4354746],[-41.4458147,-12.4197444],[-41.4247367999999,-12.3844172999999],[-41.4436496,-12.3558785999999],[-41.4250954999999,-12.3431854999999],[-41.4434697999999,-12.3085859],[-41.4422613,-12.2833646],[-41.4345286999999,-12.2645006999999],[-41.4118594999999,-12.2477986],[-41.4169085999999,-12.2262380999999],[-41.4037843,-12.217797],[-41.4001688,-12.2000178],[-41.3548711999999,-12.1683977],[-41.275074,-12.148722],[-41.2490466,-12.2392791999999],[-41.2231851,-12.2813581999999],[-41.1995446,-12.3591714999999],[-41.1779852999999,-12.371931],[-41.1810563999999,-12.3866727999999],[-41.158603,-12.3860003999999],[-41.1441813,-12.3966230999999],[-41.1675906,-12.4179303999999],[-41.1592257,-12.4219835],[-41.1660644999999,-12.4242768],[-41.1651257999999,-12.4476066],[-41.2045939999999,-12.4768594],[-41.1958311999999,-12.4928442],[-41.2142509,-12.5114007999999],[-41.2131146999999,-12.5275437],[-41.2780751,-12.5586259999999],[-41.3048477999999,-12.5499869999999],[-41.3453759999999,-12.5661320999999],[-41.3238914999999,-12.664366],[-41.3405102,-12.6778763]]]}},{"type":"Feature","id":"2903607","properties":{"codigoIbge":"2903607","municipio":"Biritinga","cpr":"CPR-NE","cprs":["CPR-NE"],"opm":"16 BPM/SERRINHA","opms":["16 BPM/SERRINHA"],"cprExato":true,"opmExata":true,"somenteReferencia":false},"geometry":{"type":"Polygon","coordinates":[[[-38.7823238999999,-11.7167784],[-38.823273,-11.7718068],[-38.8338535999999,-11.7727103999999],[-38.8414314,-11.7400911],[-38.8733852999999,-11.7138995],[-38.8785698999999,-11.6376777999999],[-38.8893992,-11.6326276],[-38.853449,-11.6060826],[-38.8700085,-11.5374719],[-38.8612125,-11.4839838999999],[-38.8225603999999,-11.4135782],[-38.7817914999999,-11.3653914999999],[-38.6742408,-11.6929087],[-38.7501988,-11.6926331],[-38.7823238999999,-11.7167784]]]}},{"type":"Feature","id":"2926806","properties":{"codigoIbge":"2926806","municipio":"Rio do Antônio","cpr":"CPR-SO","cprs":["CPR-SO"],"opm":"24 BPM/BRUMADO","opms":["24 BPM/BRUMADO"],"cprExato":true,"opmExata":true,"somenteReferencia":false},"geometry":{"type":"Polygon","coordinates":[[[-41.9492562999999,-14.394867],[-41.9323623999999,-14.419479],[-42.0708607,-14.4477770999999],[-42.1512200999999,-14.4893322],[-42.1733758,-14.4081045999999],[-42.2314756,-14.3776129],[-42.1941571,-14.3753644],[-42.2044849,-14.3535754],[-42.2047186,-14.3161373],[-42.1864287,-14.2608144],[-42.1721706,-14.247514],[-42.2078546,-14.2049458],[-42.2290318,-14.1999489],[-42.2238336999999,-14.1712295],[-42.1852906999999,-14.1726522],[-42.1446531999999,-14.1598195],[-41.9942864999999,-14.1672775],[-41.9796413,-14.2263333999999],[-41.9685095,-14.2339799],[-41.9687228,-14.2500289],[-41.9860671,-14.2547582999999],[-41.9805903,-14.2867477],[-41.9672997,-14.2927632999999],[-41.9492562999999,-14.394867]]]}},{"type":"Feature","id":"2918605","properties":{"codigoIbge":"2918605","municipio":"Jussiape","cpr":"CPR-SO","cprs":["CPR-SO"],"opm":"46ª CIPM/LIVRAMENTO DE NOSSA SRA","opms":["46ª CIPM/LIVRAMENTO DE NOSSA SRA"],"cprExato":true,"opmExata":true,"somenteReferencia":false},"geometry":{"type":"Polygon","coordinates":[[[-41.4872803,-13.5236911],[-41.4716958,-13.6233442999999],[-41.4560653999999,-13.6291984],[-41.4438054999999,-13.6619289999999],[-41.4318787999999,-13.6683555999999],[-41.4745234,-13.6603097999999],[-41.6080636,-13.6601780999999],[-41.6046431,-13.6465079999999],[-41.6130186,-13.6423809],[-41.6045673,-13.6406114],[-41.6171307,-13.6249907],[-41.6040232999999,-13.6266271],[-41.6037357,-13.6078638999999],[-41.6146946,-13.5944403],[-41.6068776,-13.5802441],[-41.6143599,-13.5452397],[-41.6467458,-13.5722011999999],[-41.6683227999999,-13.5292742],[-41.6960343,-13.5217375999999],[-41.6977022999999,-13.4785777],[-41.7133198999999,-13.4578776],[-41.7444859999999,-13.4394970999999],[-41.7629352,-13.4428022],[-41.7726441,-13.4314307],[-41.7713232,-13.4189071],[-41.7526837999999,-13.4117841],[-41.7560621,-13.3941548999999],[-41.7423648,-13.3669116],[-41.7465743999999,-13.3248020999999],[-41.7249019999999,-13.357048],[-41.7134834,-13.3522528999999],[-41.7076693999999,-13.3698562],[-41.6718776,-13.3529943999999],[-41.6681027,-13.3603307],[-41.6767649999999,-13.3651743],[-41.6172217,-13.4268724999999],[-41.5511754999999,-13.4095517],[-41.5311212,-13.4445011999999],[-41.5112683,-13.4470944999999],[-41.5073121,-13.4773494],[-41.4991012999999,-13.4814878999999],[-41.5033788,-13.5149972],[-41.4872803,-13.5236911]]]}},{"type":"Feature","id":"2926905","properties":{"codigoIbge":"2926905","municipio":"Rio do Pires","cpr":"CPR-MO","cprs":["CPR-MO"],"opm":"4ª CIPM/MACAÚBAS","opms":["4ª CIPM/MACAÚBAS"],"cprExato":true,"opmExata":true,"somenteReferencia":false},"geometry":{"type":"Polygon","coordinates":[[[-41.9138498999999,-13.2627623999999],[-41.9049992999999,-13.3117506],[-41.9752617,-13.2969274],[-41.9835454,-13.3062517999999],[-41.9970665,-13.3045220999999],[-42.0086552999999,-13.2870555],[-42.0327589999999,-13.2945468999999],[-42.0964337,-13.2610652999999],[-42.1305786999999,-13.2581357999999],[-42.1579599999999,-13.2272477999999],[-42.2027521049999,-13.125274105],[-42.2387534,-13.1172668],[-42.2442598,-13.1070396],[-42.2635895,-13.1217768],[-42.2773865,-13.1161119],[-42.2997541,-13.1350163],[-42.3376418999999,-13.1011814],[-42.3404911,-13.0746900999999],[-42.3583528,-13.0723168],[-42.381249,-13.0483659],[-42.3542128,-13.0338320999999],[-42.3371902,-13.0430638],[-42.3037459999999,-13.0264789999999],[-42.2892292999999,-13.0338712],[-42.2577204,-12.9818104999999],[-42.2120156999999,-12.9835075],[-42.202237,-12.9646615999999],[-42.1681356999999,-12.9596751999999],[-42.1618592,-13.0010273999999],[-42.1117452999999,-13.0339744999999],[-42.1003500049999,-13.13697681],[-42.0731175999999,-13.1520523],[-42.0591499999999,-13.1814079],[-42.0313973999999,-13.1761534999999],[-42.0148579999999,-13.1888387],[-41.9857689999999,-13.234203],[-41.9138498999999,-13.2627623999999]]]}},{"type":"Feature","id":"2911600","properties":{"codigoIbge":"2911600","municipio":"Governador Mangabeira","cpr":"CPR-R","cprs":["CPR-R"],"opm":"27ª CIPM/CRUZ DAS ALMAS","opms":["27ª CIPM/CRUZ DAS ALMAS"],"cprExato":true,"opmExata":true,"somenteReferencia":false},"geometry":{"type":"Polygon","coordinates":[[[-39.0144797,-12.6171429999999],[-39.0583664,-12.635307],[-39.107967,-12.5925081],[-39.1700354,-12.5940593],[-39.1783053999999,-12.5855162],[-39.1218241999999,-12.5560116999999],[-39.0579294,-12.54045],[-39.0382319999999,-12.5464593],[-39.0077156,-12.5684039999999],[-39.0059732,-12.5822878],[-38.9904748,-12.5952617999999],[-39.0150399999999,-12.6030891],[-39.0144797,-12.6171429999999]]]}},{"type":"Feature","id":"2918704","properties":{"codigoIbge":"2918704","municipio":"Lafaiete Coutinho","cpr":"CPR-MRC","cprs":["CPR-MRC"],"opm":"93ª CIPM/MARACÁS","opms":["93ª CIPM/MARACÁS"],"cprExato":true,"opmExata":true,"somenteReferencia":false},"geometry":{"type":"Polygon","coordinates":[[[-40.1589673999999,-13.6212437999999],[-40.1197207,-13.6680565],[-40.0968523999999,-13.6686827],[-40.094779,-13.6843218999999],[-40.1339129,-13.6872844],[-40.140706,-13.6990152999999],[-40.1821658,-13.6855973999999],[-40.1955836,-13.7101716999999],[-40.2386064,-13.7154092],[-40.2902931,-13.7007432999999],[-40.3385739,-13.7069751],[-40.3626638,-13.6962295],[-40.3742286999999,-13.7010031],[-40.3697725,-13.7097051],[-40.4169388999999,-13.7094402999999],[-40.4466909999999,-13.7281012999999],[-40.4673447,-13.7173223],[-40.4728218,-13.679413],[-40.4871294,-13.6766183],[-40.4997097,-13.652882],[-40.47651,-13.6421745],[-40.4507093,-13.6566399],[-40.4487892,-13.6325376],[-40.4247566999999,-13.6298012999999],[-40.4209437,-13.6168135999999],[-40.4378912999999,-13.6011763],[-40.439805,-13.5835393999999],[-40.4163872999999,-13.605422],[-40.3704554999999,-13.6127003999999],[-40.2755447,-13.5558455999999],[-40.2535597999999,-13.518043],[-40.2174095,-13.5426878],[-40.1905833,-13.5384698999999],[-40.1589673999999,-13.6212437999999]]]}},{"type":"Feature","id":"2903409","properties":{"codigoIbge":"2903409","municipio":"Belmonte","cpr":"CPR-ES","cprs":["CPR-ES"],"opm":"8 BPM/PORTO SEGURO","opms":["8 BPM/PORTO SEGURO"],"cprExato":true,"opmExata":true,"somenteReferencia":false},"geometry":{"type":"MultiPolygon","coordinates":[[[[-38.9218397,-16.0288484],[-38.9232105999999,-16.0309796],[-38.921913,-16.0284758999999],[-38.9218397,-16.0288484]]],[[[-39.1519059,-16.0539808],[-39.16997,-16.0692996999999],[-39.2302508999999,-16.0911950999999],[-39.2794967,-16.1321864999999],[-39.3030912999999,-16.1109936],[-39.3717361,-16.1234097999999],[-39.4122439,-16.0827849],[-39.4330408,-16.0768141999999],[-39.4028206999999,-16.0452981999999],[-39.3874374,-16.0485343],[-39.451091,-15.9859653999999],[-39.4636189,-15.9925779],[-39.4783135,-15.9844659999999],[-39.4641076999999,-15.947553],[-39.4699262999999,-15.9246234999999],[-39.4955044,-15.9002876],[-39.4959832,-15.8749602],[-39.5149312999999,-15.8529126],[-39.5030695,-15.8457433999999],[-39.5041211999999,-15.8202800999999],[-39.4893916999999,-15.8201634],[-39.4849799,-15.8391913],[-39.4743920999999,-15.8367479999999],[-39.4557098999999,-15.8121432],[-39.4432805,-15.8091358],[-39.4387594,-15.7935765999999],[-39.4269439999999,-15.8033138],[-39.4004656,-15.7939532999999],[-39.3908489999999,-15.8001442999999],[-39.3869434,-15.8249337],[-39.3722915,-15.8224102],[-39.3569239999999,-15.849869],[-39.3235882,-15.8480178999999],[-39.3094343999999,-15.8375492],[-39.299227,-15.8467019],[-39.2871643,-15.8437023],[-39.2812924999999,-15.8299797],[-39.2703974999999,-15.8433509],[-39.2670985,-15.8234623],[-39.2497248999999,-15.8216399999999],[-39.2472193,-15.8041102],[-39.2383220999999,-15.7969836],[-39.2220129999999,-15.8034997],[-39.2130862999999,-15.7882451999999],[-39.2030672999999,-15.8024826999999],[-39.1741931999999,-15.8097938],[-39.1626145,-15.7969616],[-39.1399733,-15.7990141999999],[-39.1220901999999,-15.8103057],[-39.1222830999999,-15.8258025],[-39.110176585,-15.8255283999999],[-39.0945773999999,-15.813756605],[-39.106525807,-15.7870952129999],[-38.8936080999999,-15.7666808999999],[-38.8528393,-15.8493541],[-38.9479001999999,-16.0920851],[-39.1519059,-16.0539808]]]]}},{"type":"Feature","id":"2926707","properties":{"codigoIbge":"2926707","municipio":"Rio de Contas","cpr":"CPR-SO","cprs":["CPR-SO"],"opm":"46ª CIPM/LIVRAMENTO DE NOSSA SRA","opms":["46ª CIPM/LIVRAMENTO DE NOSSA SRA"],"cprExato":true,"opmExata":true,"somenteReferencia":false},"geometry":{"type":"Polygon","coordinates":[[[-41.5172752999999,-13.8350344999999],[-41.5079029999999,-13.902239],[-41.4921603999999,-13.9149257999999],[-41.5591635,-13.9443052999999],[-41.5783529999999,-13.8660103],[-41.5996499,-13.8500620999999],[-41.6568561999999,-13.7591762],[-41.6889987,-13.7382641],[-41.6858106,-13.7154970999999],[-41.6961314,-13.7127318999999],[-41.7097661999999,-13.6871239999999],[-41.7988023999999,-13.6356488],[-41.8092846,-13.6124894],[-41.8367780999999,-13.6015763999999],[-41.8751852999999,-13.5606797],[-41.9128282,-13.5469548999999],[-41.9281372999999,-13.5532102],[-41.9680888,-13.5274539],[-41.9512351,-13.4975527],[-41.9688322,-13.4872179],[-41.9686303,-13.4647896999999],[-41.9491624,-13.4026845999999],[-41.9475849999999,-13.3433866999999],[-41.9159941999999,-13.3341487],[-41.9091362999999,-13.3114484],[-41.8694866,-13.345968],[-41.8705614,-13.3638442999999],[-41.7948062,-13.4240136999999],[-41.7914355,-13.3731033],[-41.7465743999999,-13.3248020999999],[-41.7423648,-13.3669116],[-41.7560621,-13.3941548999999],[-41.7526837999999,-13.4117841],[-41.7713232,-13.4189071],[-41.7726441,-13.4314307],[-41.7629352,-13.4428022],[-41.7444859999999,-13.4394970999999],[-41.7133198999999,-13.4578776],[-41.6977022999999,-13.4785777],[-41.6960343,-13.5217375999999],[-41.6683227999999,-13.5292742],[-41.6467458,-13.5722011999999],[-41.6140033999999,-13.5458297],[-41.6068776,-13.5802441],[-41.6146946,-13.5944403],[-41.605882,-13.6002602],[-41.6037481,-13.6257944],[-41.6170956,-13.6256587],[-41.6083135,-13.6296293],[-41.6046259,-13.6409874999999],[-41.6131013999999,-13.6437748],[-41.6047483,-13.6461608],[-41.6056796999999,-13.6708874999999],[-41.5930577999999,-13.6901033999999],[-41.6003011,-13.7072089],[-41.5869016,-13.708514],[-41.5902930999999,-13.7240413],[-41.5776035,-13.7267299],[-41.5765529999999,-13.7528682999999],[-41.5451492,-13.7618097],[-41.5433462,-13.7778135],[-41.5314572999999,-13.7814713],[-41.5419949,-13.8025704999999],[-41.522972,-13.8146613],[-41.5282152,-13.8276483],[-41.5172752999999,-13.8350344999999]]]}},{"type":"Feature","id":"2911659","properties":{"codigoIbge":"2911659","municipio":"Guajeru","cpr":"CPR-SO","cprs":["CPR-SO"],"opm":"24 BPM/BRUMADO","opms":["24 BPM/BRUMADO"],"cprExato":true,"opmExata":true,"somenteReferencia":false},"geometry":{"type":"Polygon","coordinates":[[[-41.8451319,-14.5761193],[-41.8762920999999,-14.6920891999999],[-41.8944976999999,-14.7049989999999],[-41.8890746,-14.7115734],[-41.9070618,-14.7300519999999],[-41.9010297,-14.7389115999999],[-41.9253044,-14.7401652],[-41.9266421,-14.7042043],[-41.9641698,-14.7086146999999],[-41.9701568,-14.6963226999999],[-42.0078887,-14.6801649999999],[-41.9978798,-14.6602490999999],[-42.037585,-14.6630438],[-42.0515382999999,-14.6741805],[-42.0531928999999,-14.6912416],[-42.0687553,-14.6747988],[-42.0856957,-14.6816631],[-42.1569064,-14.5970416],[-42.1541812,-14.5282338],[-42.1782617,-14.5144875999999],[-42.1512200999999,-14.4893322],[-42.0708607,-14.4477770999999],[-41.9323623999999,-14.419479],[-41.8360069999999,-14.4651332],[-41.7932972,-14.4679947],[-41.8183549,-14.4867666],[-41.7996242999999,-14.5028162999999],[-41.8061377999999,-14.5300045],[-41.8540685,-14.5343837],[-41.8622776999999,-14.5594871],[-41.8746508999999,-14.5646029],[-41.8605373,-14.5814933],[-41.8451319,-14.5761193]]]}},{"type":"Feature","id":"2918506","properties":{"codigoIbge":"2918506","municipio":"Jussara","cpr":"CPR-CN","cprs":["CPR-CN"],"opm":"7 BPM/IRECÊ","opms":["7 BPM/IRECÊ"],"cprExato":true,"opmExata":true,"somenteReferencia":false},"geometry":{"type":"Polygon","coordinates":[[[-41.8983621,-11.1285394],[-41.9262687,-11.1817121],[-41.9569526,-11.1538151999999],[-41.9859645999999,-11.1432541999999],[-42.0162486999999,-11.1122657],[-42.0756110999999,-11.0297717],[-42.0888947,-10.9328925999999],[-41.8219723,-10.6976998],[-41.7690817,-10.7221522999999],[-41.7385957,-10.707938],[-41.7139222,-10.7415270999999],[-41.6952464999999,-10.79331],[-41.6627587,-10.8112039],[-41.6973692999999,-10.8632522999999],[-41.6983493,-10.8958489999999],[-41.6719626999999,-10.8691208],[-41.6529879999999,-10.8855821999999],[-41.6448726,-10.9126108],[-41.7129851999999,-10.9376483999999],[-41.753103,-10.9400330999999],[-41.8135275999999,-11.0202722999999],[-41.8560275,-11.1158578],[-41.8983621,-11.1285394]]]}},{"type":"Feature","id":"2918555","properties":{"codigoIbge":"2918555","municipio":"Jussari","cpr":"CPR-S","cprs":["CPR-S"],"opm":"62ª CIPM/CAMACAN","opms":["62ª CIPM/CAMACAN"],"cprExato":true,"opmExata":true,"somenteReferencia":false},"geometry":{"type":"Polygon","coordinates":[[[-39.5670921999999,-15.1914786],[-39.5742609,-15.1730257],[-39.5676068999999,-15.1480342999999],[-39.5840569,-15.1440549],[-39.5867443,-15.1338603],[-39.5653528,-15.0883497],[-39.5697842,-15.0478919],[-39.5588731,-15.0505951],[-39.5524783,-15.0792079999999],[-39.5352536999999,-15.0573856],[-39.5198561999999,-15.0759704],[-39.4189259999999,-15.0119283999999],[-39.4050758999999,-15.0360056],[-39.4059391,-15.0698464],[-39.3917628999999,-15.0792094999999],[-39.4030974,-15.0966094999999],[-39.4039738,-15.1309441999999],[-39.430622,-15.1603618],[-39.4414955,-15.1592287999999],[-39.4501653999999,-15.1438593999999],[-39.4600960999999,-15.1548663],[-39.4537763,-15.1728858999999],[-39.4601456999999,-15.2056865],[-39.4747811,-15.2127088],[-39.4811430999999,-15.2061606999999],[-39.489571,-15.2463855],[-39.5436713,-15.2417161999999],[-39.5567607999999,-15.2315948],[-39.5544045999999,-15.2216311],[-39.5711676999999,-15.2316845],[-39.5787561999999,-15.2875865999999],[-39.5933684,-15.2738851999999],[-39.5936196,-15.2404779999999],[-39.5670921999999,-15.1914786]]]}},{"type":"Feature","id":"2927101","properties":{"codigoIbge":"2927101","municipio":"Rodelas","cpr":"CPR-N","cprs":["CPR-N"],"opm":"45ª CIPM/CURAÇA","opms":["45ª CIPM/CURAÇA"],"cprExato":true,"opmExata":true,"somenteReferencia":false},"geometry":{"type":"Polygon","coordinates":[[[-38.4930603,-9.48976559999994],[-38.5082626999999,-9.63042029999997],[-38.5320038999999,-9.64975829999997],[-38.5489459999999,-9.68547419999993],[-38.7847894,-9.64681729999995],[-38.7852306,-9.53812569999997],[-38.7210031,-9.48089809999993],[-38.7150753,-9.45623909999995],[-38.6833677,-9.43489519999997],[-38.6971116999999,-9.39473809999993],[-38.7069825,-9.38901239999996],[-38.6472969,-9.32391419999993],[-38.674836195,-9.29387628499995],[-38.683544895,-9.21611360999998],[-38.9834125099999,-8.86838760999996],[-38.9652652,-8.81525939999995],[-38.9523639,-8.80453859999994],[-38.8681043999999,-8.78386539999997],[-38.8040698999999,-8.78918109999995],[-38.7065435,-8.86226059999996],[-38.6892326,-8.94739559999994],[-38.6725158,-8.97397549999994],[-38.6407103,-8.98726819999996],[-38.6240984999999,-8.98004689999993],[-38.6092398,-8.95512099999996],[-38.6038243,-8.88059059999995],[-38.5704286,-8.83036909999993],[-38.5518427,-8.82262939999993],[-38.5124066999999,-8.83058589999996],[-38.4707921999999,-8.86162529999996],[-38.4793182,-8.90174369999994],[-38.5167987,-8.93323539999994],[-38.514040515,-8.96004031199993],[-38.5372975999999,-8.96002819999995],[-38.5480562,-8.99102739999995],[-38.5842373,-9.03605309999995],[-38.5839802,-9.17493339999993],[-38.5979596,-9.18787169999996],[-38.5918622,-9.21984569999995],[-38.6076260999999,-9.25657859999995],[-38.6026919999999,-9.26547329999994],[-38.5644210999999,-9.25875139999994],[-38.5735582,-9.29050379999995],[-38.5614641999999,-9.31771809999998],[-38.5700545999999,-9.41262469999998],[-38.6172917,-9.44606639999995],[-38.6398914,-9.53041989999997],[-38.4930603,-9.48976559999994]]]}},{"type":"Feature","id":"2918902","properties":{"codigoIbge":"2918902","municipio":"Lajedão","cpr":"CPR-ES","cprs":["CPR-ES"],"opm":"44ª CIPM/MEDEIROS NETO","opms":["44ª CIPM/MEDEIROS NETO"],"cprExato":true,"opmExata":true,"somenteReferencia":false},"geometry":{"type":"Polygon","coordinates":[[[-40.2335808,-17.5525013],[-40.198998,-17.5599534999999],[-40.1600862999999,-17.5843399],[-40.1226220999999,-17.6237052],[-40.1204903999999,-17.64052],[-40.1441384,-17.6331496999999],[-40.1442183,-17.6225066],[-40.2004171999999,-17.6361869999999],[-40.2238651,-17.6819307],[-40.2111032999999,-17.7195199999999],[-40.2220033,-17.7166086999999],[-40.240172,-17.7349305999999],[-40.2559052999999,-17.7195462],[-40.2803618999999,-17.7227865999999],[-40.2862421,-17.7007225999999],[-40.2981106,-17.6962598],[-40.2990205999999,-17.6745675999999],[-40.3228247,-17.6613146999999],[-40.3218249,-17.6437083],[-40.3467014,-17.6119993],[-40.3546580999999,-17.6442723],[-40.3719624999999,-17.6124579999999],[-40.3968116999999,-17.6256053],[-40.4182145999999,-17.5990973999999],[-40.4106843,-17.5682272999999],[-40.4320799,-17.5675633999999],[-40.4451000999999,-17.5787677],[-40.4604148999999,-17.5685022],[-40.4890624,-17.5197896999999],[-40.4830001,-17.488513],[-40.463315,-17.4994383],[-40.4395565999999,-17.4836068],[-40.426545,-17.488277],[-40.4140527,-17.4651577999999],[-40.3915344,-17.4533329999999],[-40.3547664,-17.4518227999999],[-40.3396473,-17.4061874999999],[-40.3271397,-17.395638],[-40.3134661,-17.4155051999999],[-40.2569076999999,-17.4091227],[-40.2335808,-17.5525013]]]}},{"type":"Feature","id":"2911006","properties":{"codigoIbge":"2911006","municipio":"Floresta Azul","cpr":"CPR-S","cprs":["CPR-S"],"opm":"63ª CIPM/IBICARAÍ","opms":["63ª CIPM/IBICARAÍ"],"cprExato":true,"opmExata":true,"somenteReferencia":false},"geometry":{"type":"Polygon","coordinates":[[[-39.6382551999999,-14.9173206999999],[-39.6665929,-14.9408811],[-39.6993881,-14.9344166999999],[-39.7024819,-14.9482788],[-39.6889098999999,-14.9526322999999],[-39.6958387,-14.9654735],[-39.7178259,-14.973085],[-39.7322200999999,-14.9140363999999],[-39.7435965,-14.9235710999999],[-39.7512123,-14.9085939],[-39.770928,-14.9094921],[-39.7766731999999,-14.8922612],[-39.7974043999999,-14.8835508],[-39.8022544999999,-14.8335612],[-39.7838002999999,-14.8047326999999],[-39.7849869999999,-14.7303155999999],[-39.7504355999999,-14.7438465999999],[-39.7528649999999,-14.7168447],[-39.6576274,-14.7696867],[-39.6642853,-14.7908775999999],[-39.636813,-14.8519522],[-39.6382551999999,-14.9173206999999]]]}},{"type":"Feature","id":"2902807","properties":{"codigoIbge":"2902807","municipio":"Barra da Estiva","cpr":"CPR-SO","cprs":["CPR-SO"],"opm":"24 BPM/BRUMADO","opms":["24 BPM/BRUMADO"],"cprExato":true,"opmExata":true,"somenteReferencia":false},"geometry":{"type":"Polygon","coordinates":[[[-40.7361495,-13.8357925],[-40.8504263,-13.8502506999999],[-40.8794144999999,-13.8438864],[-40.9066463999999,-13.8868849999999],[-40.9213571,-13.8910126],[-40.9463254999999,-13.8796278],[-40.9637137999999,-13.8400404999999],[-40.9826112,-13.8377763],[-40.990942,-13.7922222999999],[-41.0112344,-13.7946363999999],[-41.0429741,-13.7678635],[-41.0246203,-13.7480601999999],[-41.0313942999999,-13.7462593999999],[-41.0245681,-13.7345564],[-41.0336761,-13.7137928],[-41.0248032,-13.7011773999999],[-41.0318483999999,-13.6883898999999],[-41.0180951999999,-13.6725228],[-41.0326094,-13.6605221],[-41.0268768,-13.6503433999999],[-41.0405370999999,-13.6442370999999],[-41.0324625,-13.6259886],[-41.0530608999999,-13.609117],[-41.1058401999999,-13.625554],[-41.154486,-13.6758637999999],[-41.1792035,-13.6719201],[-41.1911246,-13.6951900999999],[-41.2169843999999,-13.7052735],[-41.2245268999999,-13.6944374949999],[-41.24918101,-13.7181419949999],[-41.2870574,-13.6812065],[-41.3022892,-13.6849546],[-41.2939186999999,-13.7076547],[-41.3293259,-13.6996055],[-41.3681829999999,-13.6727835999999],[-41.394031,-13.6769869],[-41.4038219,-13.6689962],[-41.4149935,-13.6730645],[-41.4238156,-13.6616955],[-41.439915,-13.6652561],[-41.4552156999999,-13.6302052],[-41.4717542,-13.6231819999999],[-41.4872803,-13.5236911],[-41.3525595,-13.4901335],[-41.3102456,-13.4955785],[-41.2563395999999,-13.4703383999999],[-41.2274571,-13.5206092],[-41.2161029,-13.5046434],[-41.2203815999999,-13.4702402999999],[-41.038244,-13.5563326],[-40.9553367,-13.5454731],[-40.9401966,-13.5677884999999],[-40.8584241,-13.5825172999999],[-40.8369929,-13.6358400999999],[-40.7147626,-13.8410392],[-40.7296023,-13.8284932],[-40.7361495,-13.8357925]]]}},{"type":"Feature","id":"2902658","properties":{"codigoIbge":"2902658","municipio":"Banzaê","cpr":"CPR-NE","cprs":["CPR-NE"],"opm":"21ª CIPM/CIPÓ","opms":["21ª CIPM/CIPÓ"],"cprExato":true,"opmExata":true,"somenteReferencia":false},"geometry":{"type":"Polygon","coordinates":[[[-38.5724116,-10.6587506],[-38.5752818,-10.6883743999999],[-38.5895004,-10.6996599],[-38.6433683,-10.7183984],[-38.6660542,-10.7075389],[-38.6771601,-10.7266673],[-38.7039505,-10.7260871999999],[-38.7333087,-10.7177374],[-38.74277,-10.6425138999999],[-38.7751062,-10.646015],[-38.7866548,-10.6334381999999],[-38.7376527,-10.6046969],[-38.7159162,-10.5648265],[-38.7051046,-10.5649738999999],[-38.7015233,-10.5070977999999],[-38.6853158,-10.5003962],[-38.6716999,-10.4793779999999],[-38.6213415,-10.5156142],[-38.6272708,-10.5250040999999],[-38.6127033999999,-10.5461321999999],[-38.5733559,-10.5269352],[-38.5674729,-10.554323],[-38.5471699,-10.561048],[-38.5595587,-10.5989463999999],[-38.561208,-10.6493836],[-38.5724116,-10.6587506]]]}},{"type":"Feature","id":"2910800","properties":{"codigoIbge":"2910800","municipio":"Feira de Santana","cpr":"CPR-L","cprs":["CPR-L"],"opm":"","opms":["25 BPM/FEIRA DE SANTANA","64ª E 65ª CIPM/FEIRA DE SANTANA","67ª CIPM/FEIRA DE SANTANA"],"cprExato":true,"opmExata":false,"somenteReferencia":false},"geometry":{"type":"Polygon","coordinates":[[[-38.8329143999999,-12.4062633],[-38.9079727,-12.3861932999999],[-38.9560567,-12.3009097999999],[-38.9963569999999,-12.3111484],[-39.0012316,-12.3411656],[-39.0246971999999,-12.3542057],[-39.0103286,-12.3923862],[-39.0456912,-12.4179101999999],[-39.0741636999999,-12.3949069999999],[-39.0806315999999,-12.3785045],[-39.0702507,-12.3731448],[-39.0709825,-12.3578625],[-39.0918937,-12.3576156],[-39.1101206,-12.3455038],[-39.1447793999999,-12.2724848],[-39.1754865,-12.2774161999999],[-39.1997416,-12.2952347],[-39.2370304,-12.2898296999999],[-39.2352617,-12.2739194],[-39.2506979999999,-12.2649132],[-39.2656317,-12.2283112],[-39.2841696999999,-12.2169693999999],[-39.2808357,-12.2025697999999],[-39.2936488,-12.1864985999999],[-39.2874308,-12.1767402999999],[-39.2464302,-12.2117739],[-39.1922056999999,-12.2235671999999],[-39.1512370999999,-12.263567],[-39.0766814,-12.2325236999999],[-39.1166401999999,-12.1904646999999],[-39.1869397999999,-12.1817718],[-39.1759622,-12.1567658],[-39.1770231,-12.1176680999999],[-39.2123041999999,-12.1058783999999],[-39.2596816,-12.0422672999999],[-39.287407,-12.0216531],[-39.2966800999999,-11.9907984999999],[-39.1749702,-11.981377],[-39.1785009,-12.0294451999999],[-39.1621494999999,-12.0275005999999],[-39.0890906999999,-12.0554425],[-39.0948319,-12.0698666],[-39.0565894,-12.062872],[-39.0625846,-12.0262269999999],[-39.0417077,-12.0530534],[-38.9886791,-12.0593193],[-38.9641609,-12.0191298999999],[-38.9413969,-12.0268727],[-38.9207954,-12.0159398],[-38.9044284,-12.0279027999999],[-38.8970591999999,-12.0558490999999],[-38.8780824999999,-12.0747704999999],[-38.8755176999999,-12.1000468],[-38.8918661,-12.1165822],[-38.8813279999999,-12.1323432],[-38.8832065,-12.1590224999999],[-38.8662085999999,-12.1911684],[-38.8550890999999,-12.1928113999999],[-38.8571722999999,-12.2252841],[-38.8406070999999,-12.247562],[-38.8386945,-12.2629406999999],[-38.8505428999999,-12.2686944],[-38.8515968999999,-12.2815335999999],[-38.8112192,-12.3364920999999],[-38.8295014999999,-12.35209],[-38.8486879,-12.3499889],[-38.8335488,-12.3682565],[-38.8329143999999,-12.4062633]]]}},{"type":"Feature","id":"2902609","properties":{"codigoIbge":"2902609","municipio":"Baixa Grande","cpr":"CPR-CH","cprs":["CPR-CH"],"opm":"98ª CIPM/IPIRÁ","opms":["98ª CIPM/IPIRÁ"],"cprExato":true,"opmExata":true,"somenteReferencia":false},"geometry":{"type":"Polygon","coordinates":[[[-39.9713884999999,-12.0545183999999],[-40.0285188999999,-12.0551704],[-40.0358153999999,-12.1547399],[-40.0702580999999,-12.1040980999999],[-40.2222374999999,-12.0977318999999],[-40.230351,-12.0746667999999],[-40.2736530999999,-12.0542786999999],[-40.2856583,-12.0276987],[-40.3285508,-11.9918559],[-40.3335059999999,-11.9768376],[-40.3024359,-11.9601686],[-40.2745027,-11.9082599999999],[-40.3262869,-11.8864904],[-40.3518885999999,-11.8552836],[-40.3566261999999,-11.8296331999999],[-40.3407797,-11.8295825],[-40.3335298,-11.8197039],[-40.3144763999999,-11.8235395],[-40.2968840999999,-11.8098049999999],[-40.1930611999999,-11.8280134999999],[-40.1958362,-11.8357118],[-40.1616425,-11.8491098],[-40.1370176,-11.8399408],[-40.1217035,-11.8503532999999],[-40.0588954,-11.8396152999999],[-40.0414691,-11.8473357999999],[-40.0470165999999,-11.8731114],[-40.0040754,-11.9368969999999],[-39.9561077,-11.9575068999999],[-39.9584493,-11.9769095999999],[-39.9708457,-11.9868458999999],[-39.9610633999999,-12.0123237999999],[-39.9737833,-12.0370199999999],[-39.9713884999999,-12.0545183999999]]]}},{"type":"Feature","id":"2910909","properties":{"codigoIbge":"2910909","municipio":"Firmino Alves","cpr":"CPR-S","cprs":["CPR-S"],"opm":"8ª CIPM/ITAPETINGA","opms":["8ª CIPM/ITAPETINGA"],"cprExato":true,"opmExata":true,"somenteReferencia":false},"geometry":{"type":"Polygon","coordinates":[[[-39.8625504,-14.9783241],[-39.9075126,-15.0370019],[-39.9765513999999,-14.9589131999999],[-39.9666788,-14.9324078],[-39.9482048,-14.9225630999999],[-39.9405383,-14.8555519999999],[-39.9210474999999,-14.8466352],[-39.9083259,-14.8095261],[-39.898316,-14.8252125999999],[-39.8748292,-14.8176627],[-39.8817471,-14.8661003],[-39.8625504,-14.9783241]]]}},{"type":"Feature","id":"2902708","properties":{"codigoIbge":"2902708","municipio":"Barra","cpr":"CPR-MO","cprs":["CPR-MO"],"opm":"28ª CIPM/IBOTIRAMA","opms":["28ª CIPM/IBOTIRAMA"],"cprExato":true,"opmExata":true,"somenteReferencia":false},"geometry":{"type":"Polygon","coordinates":[[[-43.2214865999999,-11.3693511],[-43.2907218,-11.5736924999999],[-43.3481234,-11.5847883],[-43.3789361999999,-11.6282325999999],[-43.3851227,-11.6794841999999],[-43.3480977,-11.7357403],[-43.3906734999999,-11.7342462999999],[-43.3799632,-11.7858234],[-43.4071289,-11.7821122],[-43.4299841,-11.8014183999999],[-43.4416633,-11.7946661],[-43.4609176,-11.8067053999999],[-43.4623625999999,-11.8273346],[-43.496275,-11.8617297],[-43.5111568,-11.9314947],[-43.6317748,-11.9314947],[-43.6616559,-11.8652279],[-43.6785391,-11.7938523],[-43.7627926,-11.6106368],[-43.8218368,-11.3687535],[-43.8616784,-11.2808104],[-43.9146383999999,-11.1049884999999],[-44.0259270999999,-10.9542847999999],[-44.0076314,-10.9361590999999],[-43.9574418,-10.9282388999999],[-43.9243883999999,-10.8992577],[-43.9222482,-10.8746270999999],[-43.9076891,-10.8587451999999],[-43.8729456999999,-10.8583786999999],[-43.8554637,-10.8481452999999],[-43.8348331,-10.8542131999999],[-43.7918104,-10.9054947],[-43.7593244999999,-10.9092027999999],[-43.5494294,-10.8699773],[-43.3881699,-10.8584589999999],[-43.3950814999999,-10.801006],[-43.3772757,-10.7223883],[-43.3823489,-10.6503711999999],[-43.3712651,-10.6127084],[-43.3810806,-10.5826552999999],[-43.3738567999999,-10.5110792999999],[-43.3888557999999,-10.3399697999999],[-43.37243,-10.2805597999999],[-43.384716,-10.2399559999999],[-43.2792555999999,-10.2369944],[-42.619205,-10.5686436],[-42.6613091999999,-10.5880185],[-42.6603117999999,-10.6015029],[-42.6750221999999,-10.612814],[-42.6979203999999,-10.6677883999999],[-42.6925113999999,-10.6787153999999],[-42.7030692,-10.7146802999999],[-42.7688004,-10.8100378],[-42.7897212,-10.8193812],[-42.8596014999999,-10.8089717999999],[-42.8755853,-10.8370909],[-42.9205525,-10.8477106999999],[-42.9387543,-10.8611203],[-42.9434163999999,-10.881834],[-42.9720682,-10.8913486],[-42.9882840999999,-10.9083788],[-42.9885131,-10.9397043],[-43.0385072,-10.9684801],[-43.0513187999999,-11.005773],[-43.0952286,-11.0261652],[-43.0987373999999,-11.0553024],[-43.1318113999999,-11.1018477],[-43.1448935999999,-11.1573099],[-43.1791928,-11.1885682999999],[-43.1985546999999,-11.2318433],[-43.1725666,-11.3207017999999],[-43.2019483999999,-11.3391391],[-43.2214865999999,-11.3693511]]]}},{"type":"Feature","id":"2918753","properties":{"codigoIbge":"2918753","municipio":"Lagoa Real","cpr":"CPR-MO","cprs":["CPR-MO"],"opm":"94ª CIPM/CAETITÉ","opms":["94ª CIPM/CAETITÉ"],"cprExato":true,"opmExata":true,"somenteReferencia":false},"geometry":{"type":"Polygon","coordinates":[[[-42.0869901,-14.0568575999999],[-42.0159925,-14.1188625],[-41.9942864999999,-14.1672775],[-42.1446531999999,-14.1598195],[-42.1852906999999,-14.1726522],[-42.2238336999999,-14.1712295],[-42.2222014,-14.1936152],[-42.2360522,-14.200905],[-42.285343,-14.1764492],[-42.2950741999999,-14.1894665],[-42.3031731,-14.174722],[-42.3178384999999,-14.1804175999999],[-42.3257355,-14.1707383],[-42.3471635,-14.1954608999999],[-42.352408,-14.0954144999999],[-42.3763147999999,-13.990011],[-42.3607838,-13.9782888999999],[-42.3666512,-13.9444128],[-42.3485509999999,-13.930064],[-42.3592525999999,-13.9102521999999],[-42.2717723,-13.8883074],[-42.2222288999999,-13.9091956],[-42.1822349999999,-13.8686117],[-42.1519367,-13.8607006],[-42.1520824,-13.9275084],[-42.1336965,-13.9591955],[-42.1306800999999,-13.9905070999999],[-42.1191209,-13.9969171999999],[-42.0869901,-14.0568575999999]]]}},{"type":"Feature","id":"2910859","properties":{"codigoIbge":"2910859","municipio":"Filadélfia","cpr":"CPR-N","cprs":["CPR-N"],"opm":"6 BPM/SENHOR DO BONFIM","opms":["6 BPM/SENHOR DO BONFIM"],"cprExato":true,"opmExata":true,"somenteReferencia":false},"geometry":{"type":"Polygon","coordinates":[[[-40.1065073999999,-10.8432385999999],[-40.1230343,-10.842073],[-40.1359022,-10.8598448999999],[-40.1684069999999,-10.8574545],[-40.1904514,-10.8358023],[-40.1817955,-10.8287807999999],[-40.1890271999999,-10.8195633],[-40.2134852999999,-10.810172],[-40.2085291,-10.7898382],[-40.2229869,-10.7700576],[-40.2175755,-10.7592607],[-40.2259842999999,-10.7387297999999],[-40.2536658999999,-10.7419207],[-40.2606812,-10.7046207],[-40.2729487,-10.6984176999999],[-40.267962,-10.6853250999999],[-40.2825372999999,-10.6731156999999],[-40.2704945,-10.6344490999999],[-40.2809078999999,-10.6214517999999],[-40.2562219,-10.6085995999999],[-40.2209005999999,-10.6109635999999],[-40.1839656,-10.6525829],[-40.1777982,-10.6288678999999],[-40.1607559,-10.6174126],[-40.1425781,-10.6381843],[-40.0182093,-10.6168790999999],[-39.9965574,-10.6282611],[-40.0157108,-10.6663604999999],[-40.003935,-10.6723218],[-40.0247990999999,-10.7113040999999],[-40.036547,-10.7657728],[-40.0279566999999,-10.7800581999999],[-40.0456162,-10.8003386999999],[-40.0575924,-10.8576926],[-40.1018749999999,-10.8521939],[-40.1065073999999,-10.8432385999999]]]}},{"type":"Feature","id":"2911204","properties":{"codigoIbge":"2911204","municipio":"Gandu","cpr":"CPR-R","cprs":["CPR-R"],"opm":"60ª CIPM/GANDU","opms":["60ª CIPM/GANDU"],"cprExato":true,"opmExata":true,"somenteReferencia":false},"geometry":{"type":"Polygon","coordinates":[[[-39.4355164,-13.852657],[-39.4491844999999,-13.8921824999999],[-39.4697540999999,-13.8758849999999],[-39.4950926,-13.8775962],[-39.5052737999999,-13.8647597999999],[-39.4994219,-13.8520124],[-39.511266,-13.8627562999999],[-39.5375064999999,-13.8621904],[-39.5446746,-13.8417865],[-39.5564039999999,-13.8374676999999],[-39.5297643,-13.8042902],[-39.5652876999999,-13.755414],[-39.5537702999999,-13.7271024999999],[-39.4804654,-13.7108904999999],[-39.4306647,-13.7253181999999],[-39.3798836,-13.7145042],[-39.4387325,-13.8022640999999],[-39.4355164,-13.852657]]]}},{"type":"Feature","id":"2927002","properties":{"codigoIbge":"2927002","municipio":"Rio Real","cpr":"CPR-LN","cprs":["CPR-LN"],"opm":"6ª CIPM/RIO REAL","opms":["6ª CIPM/RIO REAL"],"cprExato":true,"opmExata":true,"somenteReferencia":false},"geometry":{"type":"Polygon","coordinates":[[[-37.7905148,-11.6252567],[-37.7584449,-11.6423907],[-37.7272247,-11.7261473999999],[-37.7745828,-11.7019116],[-37.7937992999999,-11.7310932999999],[-37.8369410999999,-11.7343595999999],[-37.8605393999999,-11.7125459],[-37.8650936999999,-11.6840923],[-37.9004001,-11.6893032999999],[-37.9187590999999,-11.6681116],[-37.9375916,-11.6669216],[-37.9481560999999,-11.6369503],[-37.9322706,-11.6164373999999],[-37.9719306,-11.6026722],[-38.0567450999999,-11.5281917999999],[-38.0485007,-11.4973454999999],[-38.0632904,-11.4766817],[-38.0766750999999,-11.4742095999999],[-38.0797739999999,-11.4414113999999],[-38.0347469,-11.4174561999999],[-38.0257771,-11.3985767],[-38.0366094999999,-11.3901587],[-37.991519,-11.3413732999999],[-37.96784,-11.3794735999999],[-37.9814797999999,-11.3864035999999],[-37.9651428,-11.3918778],[-37.9650377,-11.40212],[-37.9528038999999,-11.3944875999999],[-37.9559586999999,-11.4068622999999],[-37.9445211,-11.4242234999999],[-37.9275577999999,-11.4013024],[-37.9053145,-11.4082739999999],[-37.8991543999999,-11.4382534],[-37.8823803999999,-11.4247046999999],[-37.8660826,-11.4270984],[-37.8803353,-11.4332105999999],[-37.8481083999999,-11.4430288],[-37.8633361999999,-11.453224],[-37.8641795999999,-11.4668811999999],[-37.8081778,-11.4967331999999],[-37.8192965,-11.5027248],[-37.7999776999999,-11.5213747999999],[-37.8288706,-11.5585986999999],[-37.8263635,-11.5878698999999],[-37.7905148,-11.6252567]]]}},{"type":"Feature","id":"2918803","properties":{"codigoIbge":"2918803","municipio":"Laje","cpr":"CPR-R","cprs":["CPR-R"],"opm":"14 BPM/SANTO ANTÔNIO DE JESUS","opms":["14 BPM/SANTO ANTÔNIO DE JESUS"],"cprExato":true,"opmExata":true,"somenteReferencia":false},"geometry":{"type":"Polygon","coordinates":[[[-39.2020962,-13.2224153],[-39.2193521999999,-13.2398332],[-39.2200531999999,-13.2655722],[-39.211677,-13.2660964999999],[-39.2049994,-13.2885734999999],[-39.2284796,-13.2931470999999],[-39.2429347,-13.2688411],[-39.2684318,-13.2642111],[-39.2840808999999,-13.2420238],[-39.2898913,-13.2473505999999],[-39.2983492,-13.2176145999999],[-39.3154276,-13.2060812999999],[-39.337731,-13.1996717],[-39.3344772999999,-13.2180746999999],[-39.3491361,-13.2529195999999],[-39.3808089,-13.2330820999999],[-39.3979308,-13.2396398],[-39.4039855,-13.2283882999999],[-39.4183583,-13.2426421],[-39.4385377999999,-13.2369874999999],[-39.4445964,-13.2246767999999],[-39.4367736,-13.2061535],[-39.4463259999999,-13.1865639],[-39.466196,-13.2000007],[-39.4875974999999,-13.1725572],[-39.50765,-13.1841196],[-39.5246855,-13.1821158999999],[-39.5308752,-13.1716612],[-39.5390762,-13.175629],[-39.5494169,-13.1542377],[-39.5385391999999,-13.1236782999999],[-39.4942915,-13.1114267],[-39.4697550999999,-13.1238397999999],[-39.4350461,-13.1108556999999],[-39.4302137,-13.1174966],[-39.3746149999999,-13.1109005],[-39.275951,-13.0698891],[-39.2573745999999,-13.0686999],[-39.2494748,-13.0916953],[-39.2344643,-13.0978312],[-39.2013152,-13.0780756999999],[-39.1890326,-13.1091645],[-39.1767477999999,-13.1053391],[-39.1693473,-13.0825748],[-39.1585843,-13.0961129999999],[-39.13492,-13.0909884],[-39.1229901,-13.1084850999999],[-39.1799546999999,-13.1173223],[-39.2142112999999,-13.1072713999999],[-39.2483139999999,-13.1334244999999],[-39.2906032999999,-13.1379239],[-39.3115819999999,-13.16248],[-39.2940604,-13.1677116],[-39.2799729,-13.1882122],[-39.2757855,-13.1803940999999],[-39.2526113,-13.1864935999999],[-39.2548669,-13.2029947999999],[-39.2454703,-13.1957267],[-39.2334911999999,-13.2082464],[-39.203567,-13.1969723999999],[-39.1713228,-13.2332741],[-39.1932348999999,-13.2386319],[-39.2020962,-13.2224153]]]}},{"type":"Feature","id":"2903003","properties":{"codigoIbge":"2903003","municipio":"Barra do Mendes","cpr":"CPR-CN","cprs":["CPR-CN"],"opm":"7 BPM/IRECÊ","opms":["7 BPM/IRECÊ"],"cprExato":true,"opmExata":true,"somenteReferencia":false},"geometry":{"type":"Polygon","coordinates":[[[-42.0889131,-12.2914953],[-42.0883267,-12.2279778],[-42.0978971,-12.1971442999999],[-42.0902083999999,-12.1793307],[-42.2466075999999,-11.9467799],[-42.2914033,-11.8535575],[-42.285743,-11.8368831],[-42.3017861,-11.7838017999999],[-42.3232149,-11.7540162],[-42.3386628,-11.7477805999999],[-42.3381644,-11.7303590999999],[-42.3600246,-11.7139867999999],[-42.1362367,-11.7411908],[-42.0366351,-11.7284407],[-41.989102095,-11.7426695949999],[-41.9670242999999,-11.7616429],[-41.9708232999999,-11.8015412],[-41.9842101999999,-11.7944707999999],[-41.9873535,-11.8022235],[-41.9915096999999,-11.7959150999999],[-42.0163889999999,-11.806418],[-42.021786,-11.8160255],[-42.0062187,-11.8365001],[-42.0273467,-11.8526006],[-42.0242239,-11.8930152999999],[-41.9973476,-11.9043986999999],[-41.9936779,-11.9744689],[-41.9623706,-11.9690856999999],[-41.9438737999999,-12.0145635],[-41.9501091,-12.0224542999999],[-41.9787612,-12.0203508],[-41.9826313999999,-12.0444067],[-41.9444862,-12.0762637999999],[-41.953786,-12.0895949],[-41.9676463,-12.0870315],[-41.9745753,-12.1221376],[-41.9832934,-12.1253596],[-41.9688601,-12.1412635999999],[-41.9773643,-12.1539314999999],[-41.9662709999999,-12.1788922],[-41.9664880999999,-12.2218050999999],[-41.9890599999999,-12.2317950999999],[-41.9681123,-12.2658948],[-41.9848722,-12.2914471999999],[-42.0318458,-12.2302824999999],[-42.0562669999999,-12.2204983999999],[-42.0582812,-12.2451081999999],[-42.039818,-12.2911217],[-42.0889131,-12.2914953]]]}},{"type":"Feature","id":"2903102","properties":{"codigoIbge":"2903102","municipio":"Barra do Rocha","cpr":"CPR-MRC","cprs":["CPR-MRC"],"opm":"55ª CIPM/IPIAÚ","opms":["55ª CIPM/IPIAÚ"],"cprExato":true,"opmExata":true,"somenteReferencia":false},"geometry":{"type":"Polygon","coordinates":[[[-39.5987173999999,-14.2107134],[-39.6094148,-14.2188616999999],[-39.6381337999999,-14.2046008999999],[-39.6510643999999,-14.2175801999999],[-39.6676138,-14.2140807],[-39.6595366999999,-14.1971872999999],[-39.6685466,-14.1682794],[-39.6527414999999,-14.1320646999999],[-39.6298280999999,-14.1147769],[-39.6100114,-14.1145263],[-39.6023056999999,-14.0895063999999],[-39.5856745,-14.0789248999999],[-39.6083990999999,-14.0553894999999],[-39.5848329,-14.0278139],[-39.5872563999999,-14.0115605999999],[-39.5705965999999,-14.0057363],[-39.5633356,-13.981703],[-39.5798237999999,-13.9494543],[-39.5561587999999,-13.9320600999999],[-39.5445943999999,-13.9445456],[-39.5324803,-14.0054458999999],[-39.5188914999999,-14.0093750999999],[-39.5315636,-14.0448693],[-39.5266736,-14.0516817999999],[-39.5466752,-14.0635832999999],[-39.5541678,-14.1142315],[-39.5403444,-14.1306546],[-39.5471249,-14.1442987999999],[-39.5611595,-14.1473200999999],[-39.5761565999999,-14.2163133],[-39.5987173999999,-14.2107134]]]}},{"type":"Feature","id":"2926301","properties":{"codigoIbge":"2926301","municipio":"Riachão do Jacuípe","cpr":"CPR-CH","cprs":["CPR-CH"],"opm":"90ª CIPM/RIACHÃO DO JACUÍPE","opms":["90ª CIPM/RIACHÃO DO JACUÍPE"],"cprExato":true,"opmExata":true,"somenteReferencia":false},"geometry":{"type":"Polygon","coordinates":[[[-39.3073800999999,-11.9393722999999],[-39.2851418,-11.9676714999999],[-39.296736,-11.9769107999999],[-39.2966800999999,-11.9907984999999],[-39.3394380999999,-11.9661856],[-39.3596951,-11.9666640999999],[-39.3853228999999,-11.9906842],[-39.4582298999999,-12.0129944],[-39.5366241999999,-12.0255033],[-39.5586448999999,-12.0095110999999],[-39.5095873999999,-11.9414159999999],[-39.5048073999999,-11.9014031999999],[-39.467259,-11.8723419],[-39.5189267,-11.8245171999999],[-39.5341931,-11.8324509999999],[-39.5414580999999,-11.7582229999999],[-39.6408104999999,-11.7248274999999],[-39.55709379,-11.6759981069999],[-39.5560402099999,-11.6507916099999],[-39.543003815,-11.638506585],[-39.5544339049999,-11.617151485],[-39.554105593,-11.5913667999999],[-39.53704197,-11.58771318],[-39.5361579849999,-11.5696715],[-39.509428285,-11.576811505],[-39.4864087,-11.6012003],[-39.3626896,-11.6467928],[-39.2623371999999,-11.7376002999999],[-39.2402271999999,-11.7736209],[-39.2803509999999,-11.832458],[-39.2758327999999,-11.8922980999999],[-39.3073800999999,-11.9393722999999]]]}},{"type":"Feature","id":"2911253","properties":{"codigoIbge":"2911253","municipio":"Gavião","cpr":"CPR-CH","cprs":["CPR-CH"],"opm":"91ª CIPM/CAPIM GROSSO","opms":["91ª CIPM/CAPIM GROSSO"],"cprExato":true,"opmExata":true,"somenteReferencia":false},"geometry":{"type":"Polygon","coordinates":[[[-39.680183487,-11.5582489129999],[-39.769485185,-11.59159319],[-39.80928641,-11.58505553],[-39.81774682,-11.5916819],[-39.8461989099999,-11.5761697049999],[-39.86516661,-11.5813997999999],[-39.8979603999999,-11.555854],[-39.9028848999999,-11.5037654999999],[-39.8961654,-11.4879230999999],[-39.8832148,-11.4812362],[-39.8602000999999,-11.4915399999999],[-39.848267,-11.4806692999999],[-39.8388290999999,-11.4949844],[-39.8259661,-11.4895571],[-39.8190539999999,-11.5039576999999],[-39.7831257999999,-11.4635431999999],[-39.7715087,-11.4663050999999],[-39.7609136999999,-11.4468542],[-39.7652295999999,-11.4290824999999],[-39.7381492,-11.4165121999999],[-39.7330871999999,-11.4013325],[-39.7176716,-11.3945520999999],[-39.6725893999999,-11.4108097],[-39.6554543999999,-11.4314285],[-39.6649361999999,-11.448534895],[-39.6570591999999,-11.467416795],[-39.6193228999999,-11.505059],[-39.680183487,-11.5582489129999]]]}},{"type":"Feature","id":"2918100","properties":{"codigoIbge":"2918100","municipio":"Jeremoabo","cpr":"CPR-NE","cprs":["CPR-NE"],"opm":"20 BPM/PAULO AFONSO","opms":["20 BPM/PAULO AFONSO"],"cprExato":true,"opmExata":true,"somenteReferencia":false},"geometry":{"type":"Polygon","coordinates":[[[-38.1924122999999,-10.1803336999999],[-38.2203911,-10.2208436],[-38.2371395,-10.2252586],[-38.2559869999999,-10.2471419999999],[-38.3027984,-10.2576513999999],[-38.3101227999999,-10.2804730999999],[-38.3445404,-10.2658168999999],[-38.3600074999999,-10.2688292999999],[-38.4073734,-10.2943448],[-38.4784779999999,-10.3109421],[-38.4716187999999,-10.3156165],[-38.487602,-10.3222241],[-38.5058394,-10.3063281999999],[-38.5211275999999,-10.3076502],[-38.5460648,-10.2808527999999],[-38.5823217,-10.2823743],[-38.5762599,-10.224999],[-38.6687623,-10.1834350999999],[-38.6959545,-10.1893494],[-38.7332256,-10.1673800999999],[-38.7143548999999,-10.1234899999999],[-38.7835562,-10.0563162],[-38.8002772999999,-10.0310241],[-38.7988685999999,-10.0127927],[-38.8549523,-9.99632309999993],[-38.8713660999999,-9.98247349999997],[-38.8696484,-9.96551509999995],[-38.8990631999999,-9.97860739999993],[-38.9034109999999,-9.95908139999995],[-38.9185236,-9.96000529999998],[-38.9316909,-9.87436789999998],[-38.9190111,-9.85475729999996],[-38.86414,-9.82941829999993],[-38.8637601999999,-9.77907259999995],[-38.8281153,-9.75472179999997],[-38.7848478999999,-9.74551859999997],[-38.7734376999999,-9.67394119999994],[-38.7847894,-9.64681729999995],[-38.5489459999999,-9.68547419999993],[-38.487785,-9.71251089999993],[-38.4432487999999,-9.69893229999997],[-38.3329174,-9.78510079999995],[-38.2667746,-9.86039699999998],[-38.2052815,-9.90866709999995],[-38.191401,-9.89900499999993],[-38.1488856,-9.91626389999993],[-38.1296806,-9.90811519999994],[-38.1161708,-9.92167609999996],[-38.1388502999999,-9.94635099999994],[-38.0998511999999,-9.96788859999998],[-38.1089598,-10.0030103999999],[-38.0877217,-10.0458982],[-38.0778687,-10.1004253999999],[-38.088498,-10.1093397],[-38.0869774999999,-10.1387584],[-38.1065670999999,-10.2156452999999],[-38.1220183,-10.2179055999999],[-38.1245873,-10.227028],[-38.1504863,-10.2162359],[-38.144354,-10.1928177999999],[-38.1924122999999,-10.1803336999999]]]}},{"type":"Feature","id":"2926400","properties":{"codigoIbge":"2926400","municipio":"Riacho de Santana","cpr":"CPR-MO","cprs":["CPR-MO"],"opm":"38ª CIPM/BOM JESUS DA LAPA","opms":["38ª CIPM/BOM JESUS DA LAPA"],"cprExato":true,"opmExata":true,"somenteReferencia":false},"geometry":{"type":"Polygon","coordinates":[[[-43.194218,-13.9906664],[-43.2298726999999,-13.9832855999999],[-43.2578094,-13.9964730999999],[-43.2706987,-13.9856849],[-43.2746104999999,-13.9933356999999],[-43.2976811999999,-13.9923489999999],[-43.3276567999999,-13.9898793999999],[-43.3498061,-13.9750584],[-43.3704822,-13.9795511],[-43.3797749999999,-13.955485],[-43.4080245,-13.9391067999999],[-43.4157582999999,-13.9107521999999],[-43.4278255,-13.9132455],[-43.4434004,-13.8932614],[-43.4394639,-13.8761721999999],[-43.2413235,-13.6103942],[-43.1876611,-13.5190127],[-43.163065,-13.4415306],[-43.1294308,-13.4275962999999],[-43.1165179,-13.3239091999999],[-42.9600614999999,-13.3340575],[-42.9475467999999,-13.2905223999999],[-42.9125549999999,-13.2950885999999],[-42.7944768999999,-13.3542477999999],[-42.7809326999999,-13.3647652999999],[-42.7826315,-13.3805278999999],[-42.7679587,-13.4051067],[-42.7435292,-13.4057233999999],[-42.7399646,-13.4136134999999],[-42.7483273,-13.4176995],[-42.729565,-13.4249426],[-42.7159093,-13.4165791999999],[-42.7205071,-13.4330970999999],[-42.6959307,-13.4510726],[-42.6989677,-13.4591278],[-42.686231,-13.4624906],[-42.6800797,-13.4795240999999],[-42.6941262,-13.4804468],[-42.7094296,-13.4976305],[-42.7079105,-13.5268222999999],[-42.7186055999999,-13.5352386],[-42.7244044999999,-13.6034359999999],[-42.7050763999999,-13.6343408],[-42.7284319999999,-13.642648],[-42.7375585999999,-13.6315023],[-42.7523997,-13.6335218999999],[-42.7707583,-13.6559425],[-42.767422,-13.6863109],[-42.7788682999999,-13.7030558],[-42.7724532,-13.7465448],[-42.9436962999999,-13.7529704999999],[-43.0285934999999,-13.7341943],[-43.0549626,-13.7592357],[-43.061386,-13.7791283999999],[-43.0935653999999,-13.7847030999999],[-43.1158703,-13.8202661],[-43.1084006,-13.830181],[-43.1262116,-13.8316371999999],[-43.1385887,-13.8441882999999],[-43.1331321,-13.8876160999999],[-43.1038672999999,-13.9342528999999],[-43.1289283999999,-13.9831864999999],[-43.1632185,-13.9746716999999],[-43.1896528999999,-13.9808631999999],[-43.194218,-13.9906664]]]}},{"type":"Feature","id":"2911105","properties":{"codigoIbge":"2911105","municipio":"Formosa do Rio Preto","cpr":"CPR-O","cprs":["CPR-O"],"opm":"86ª CIPM/FORMOSA DO RIO PRETO","opms":["86ª CIPM/FORMOSA DO RIO PRETO"],"cprExato":true,"opmExata":true,"somenteReferencia":false},"geometry":{"type":"Polygon","coordinates":[[[-45.7719999999999,-11.4620897999999],[-45.8562815,-11.4925142],[-45.8775289,-11.5265772],[-45.9656530999999,-11.5311692999999],[-45.9957055,-11.5427086],[-46.0045848,-11.5639388],[-46.0146864,-11.5487942],[-46.1091269,-11.5596346],[-46.1128062999999,-11.6060356999999],[-46.2093462999999,-11.5853506999999],[-46.2504812999999,-11.536689],[-46.3496878999999,-11.5061957],[-46.4404345999999,-11.520789],[-46.524051313,-11.4636319869999],[-46.5319213,-11.3748773199999],[-46.5683079149999,-11.37156569],[-46.5765095899999,-11.342277295],[-46.5522028999999,-11.262799],[-46.3415578999999,-10.9390122999999],[-46.2672663,-10.9348022999999],[-46.2605369999999,-10.8120374],[-46.2264451,-10.7829371],[-46.206199,-10.8004665999999],[-46.1959219999999,-10.745224],[-46.1651512999999,-10.7224792],[-46.1503463,-10.6915539999999],[-46.1607629,-10.659439],[-46.1497049,-10.6359108],[-46.0607651999999,-10.6001785],[-45.9292229,-10.5216007],[-45.8708973,-10.5032788999999],[-45.8212513,-10.458074],[-45.7981846,-10.3232472999999],[-45.7268895999999,-10.3125357],[-45.6995760999999,-10.2596862],[-45.7019773,-10.1793504],[-45.7234847999999,-10.1554131999999],[-45.6901759,-10.1554004],[-45.6487640999999,-10.127334],[-45.5983717999999,-10.1083280999999],[-45.5674564,-10.1395224999999],[-45.5673108999999,-10.2014844999999],[-45.5261867,-10.2369275999999],[-45.5211098999999,-10.280298],[-45.4303224999999,-10.3594629999999],[-45.4244965999999,-10.4264901999999],[-45.3959943,-10.4450252],[-45.4002689,-10.4630743],[-45.4472562999999,-10.507423],[-45.4380595,-10.5272525999999],[-45.4471298999999,-10.5587891],[-45.436793,-10.5767734999999],[-45.432426,-10.6305551999999],[-45.4188325,-10.6438196],[-45.385216,-10.6516326],[-45.3691162,-10.6799495],[-45.358219,-10.7322075],[-45.3223735999999,-10.7602651],[-45.2684659999999,-10.7762298],[-45.2480519,-10.8219673999999],[-45.2192231999999,-10.8173760999999],[-45.2179710999999,-10.8289005],[-45.2051294999999,-10.8329274],[-45.1052963,-10.84682],[-45.0732356999999,-10.8404226],[-45.0165971,-10.8845990999999],[-44.9768344,-10.8893431],[-44.9446945999999,-10.9189995999999],[-44.9807632,-10.9679839],[-44.9700318,-11.0048179999999],[-44.9773747,-11.0371595999999],[-44.9613179999999,-11.0765327999999],[-45.0087834,-11.1229496],[-44.9857221,-11.1524724],[-44.9769461999999,-11.1891893],[-44.9418848999999,-11.2011017999999],[-44.9630859,-11.2244443],[-44.9506175,-11.2925445],[-44.9909494,-11.3466534],[-44.9926993,-11.3621353],[-45.0292679999999,-11.3622513999999],[-45.0398213999999,-11.3865241999999],[-45.0586534999999,-11.4009996999999],[-45.0794976,-11.3937185999999],[-45.140724,-11.4116994999999],[-45.1605896,-11.3978587999999],[-45.2296602,-11.4225829],[-45.2571303,-11.4206728999999],[-45.2763108,-11.3976921],[-45.3809436,-11.3840534],[-45.5570713,-11.4772399],[-45.6319358,-11.4935844999999],[-45.6561163,-11.4368259],[-45.7198149,-11.4596964999999],[-45.7719999999999,-11.4620897999999]]]}},{"type":"Feature","id":"2918209","properties":{"codigoIbge":"2918209","municipio":"Jiquiriçá","cpr":"CPR-R","cprs":["CPR-R"],"opm":"99ª CIPM/AMARGOSA","opms":["99ª CIPM/AMARGOSA"],"cprExato":true,"opmExata":true,"somenteReferencia":false},"geometry":{"type":"Polygon","coordinates":[[[-39.5909037,-13.4156588],[-39.6011778,-13.4540845999999],[-39.5969704,-13.4706653],[-39.6043802999999,-13.4659641],[-39.6212249,-13.4826012999999],[-39.6328235999999,-13.4560162],[-39.6487193999999,-13.4479416999999],[-39.6485787,-13.4350843],[-39.6392382,-13.4371381],[-39.6399134,-13.4098478999999],[-39.6287722,-13.3987068],[-39.6367061,-13.3513568999999],[-39.6064418999999,-13.2971863],[-39.6128854999999,-13.2613009],[-39.5977186,-13.2633099],[-39.5851342999999,-13.2506799999999],[-39.6021213999999,-13.2260009],[-39.591404,-13.2209822],[-39.6069070999999,-13.2085256],[-39.6101085,-13.1839350999999],[-39.5693012,-13.1894397999999],[-39.5310163,-13.1716048],[-39.5258029,-13.1808015999999],[-39.5384334999999,-13.1906994],[-39.5258444999999,-13.2046597],[-39.5426078,-13.2184187],[-39.5335463,-13.2289129],[-39.5421962,-13.2359168999999],[-39.532252,-13.2742469],[-39.5534979,-13.3626932999999],[-39.5561709999999,-13.4176297999999],[-39.5751129999999,-13.425358],[-39.5909037,-13.4156588]]]}},{"type":"Feature","id":"2902906","properties":{"codigoIbge":"2902906","municipio":"Barra do Choça","cpr":"CPR-SO","cprs":["CPR-SO"],"opm":"92ª CIPM/VITÓRIA DA CONQUISTA","opms":["92ª CIPM/VITÓRIA DA CONQUISTA"],"cprExato":true,"opmExata":true,"somenteReferencia":false},"geometry":{"type":"Polygon","coordinates":[[[-40.5475888999999,-15.0331507],[-40.7018467999999,-15.0763613],[-40.6971900999999,-15.06929],[-40.7113929999999,-15.0467737999999],[-40.7006663999999,-15.0232101999999],[-40.7402344,-15.0006663999999],[-40.7122054,-14.9394692],[-40.7235333,-14.8983694999999],[-40.6834726,-14.8381007999999],[-40.525519,-14.7563549],[-40.4443919999999,-14.8069159999999],[-40.4088717,-14.8528145999999],[-40.4339563,-14.9195048],[-40.5013198999999,-14.9777329],[-40.5475888999999,-15.0331507]]]}},{"type":"Feature","id":"2926202","properties":{"codigoIbge":"2926202","municipio":"Riachão das Neves","cpr":"CPR-O","cprs":["CPR-O"],"opm":"86ª CIPM/FORMOSA DO RIO PRETO","opms":["86ª CIPM/FORMOSA DO RIO PRETO"],"cprExato":true,"opmExata":true,"somenteReferencia":false},"geometry":{"type":"Polygon","coordinates":[[[-44.9597095999999,-12.0047842],[-45.0216341,-11.9208275],[-45.0239946,-11.9021695],[-45.044773,-11.8999454],[-45.0550676,-11.8786277],[-45.086941,-11.8657292],[-45.093859,-11.8541069],[-45.1649725999999,-11.8524075],[-45.1771677,-11.8148787],[-45.1913797,-11.816631],[-45.1899485,-11.8067179999999],[-45.2076792,-11.8016946999999],[-45.2070244,-11.7917598999999],[-45.2229675,-11.7941815],[-45.2257724999999,-11.7726049],[-45.2435887999999,-11.7670929999999],[-45.2541949,-11.7736009],[-45.2512177999999,-11.7667632],[-45.2720029,-11.7585273],[-45.2671705,-11.7483128],[-45.2791101999999,-11.7407537],[-45.3418406,-11.7345854],[-45.4090925,-11.7779232999999],[-45.4927087,-11.7665607],[-45.6344788,-11.7911839],[-45.6438108,-11.7752709],[-45.6635457,-11.7765003],[-45.6743764999999,-11.7536696],[-45.6992615,-11.7370038999999],[-45.727449,-11.7332718],[-45.7792137,-11.7012308],[-45.8191252,-11.6897643999999],[-45.8555148,-11.6458175],[-45.8839172,-11.6485028999999],[-45.9669668,-11.6255793],[-46.0808941999999,-11.6240111999999],[-46.1128062999999,-11.6060356999999],[-46.1091269,-11.5596346],[-46.0146864,-11.5487942],[-46.0045848,-11.5639388],[-45.9929943999999,-11.5411359999999],[-45.9631185,-11.5305734],[-45.8784628,-11.5269288],[-45.8539721,-11.4910919],[-45.772755,-11.4622719],[-45.7198149,-11.4596964999999],[-45.6577584999999,-11.4368061],[-45.6482427,-11.4426841],[-45.6319358,-11.4935844999999],[-45.5570713,-11.4772399],[-45.3809436,-11.3840534],[-45.2763108,-11.3976921],[-45.2571303,-11.4206728999999],[-45.2296602,-11.4225829],[-45.1605896,-11.3978587999999],[-45.140724,-11.4116994999999],[-45.0794976,-11.3937185999999],[-45.0586534999999,-11.4009996999999],[-45.0248958999999,-11.3613468999999],[-44.9926993,-11.3621353],[-44.9753876999999,-11.3868424999999],[-44.9596089999999,-11.3513925999999],[-44.9412826,-11.3396696],[-44.9108639999999,-11.3538788999999],[-44.8693726,-11.347474],[-44.8392638,-11.3851046999999],[-44.8174455,-11.3846841],[-44.7864427,-11.420442],[-44.7680865,-11.4217293999999],[-44.7131835,-11.39679],[-44.6853752,-11.4078282999999],[-44.6853704,-11.6596087],[-44.6574131,-11.6784132],[-44.6615836999999,-11.6879301],[-44.6418844,-11.7087150999999],[-44.6487091,-11.7186341999999],[-44.6416136,-11.7294721],[-44.6582013999999,-11.731397],[-44.6604981,-11.7547031],[-44.6778361999999,-11.7663873999999],[-44.6856104,-11.8089163999999],[-44.7012164999999,-11.8075008],[-44.7041735999999,-11.8183215999999],[-44.7172408,-11.8098522],[-44.7108643999999,-11.8205495999999],[-44.7271638,-11.8286785999999],[-44.7290556,-11.8466559999999],[-44.7765858,-11.8779941],[-44.7807658999999,-11.8705211999999],[-44.8068297999999,-11.8764085],[-44.8299478,-11.892007],[-44.8292784,-11.9228755],[-44.8414966,-11.9206045999999],[-44.8523193999999,-11.939286],[-44.8709150999999,-11.941925],[-44.8644487,-11.9506931999999],[-44.8774207,-11.9552497999999],[-44.8792071999999,-11.9820697],[-44.8965365,-12.0047617999999],[-44.9030271,-12.0008988],[-44.90633,-12.0109558],[-44.9197475,-12.0030239],[-44.9597095999999,-12.0047842]]]}},{"type":"Feature","id":"2918001","properties":{"codigoIbge":"2918001","municipio":"Jequié","cpr":"CPR-MRC","cprs":["CPR-MRC"],"opm":"19 BPM/JEQUIÉ","opms":["19 BPM/JEQUIÉ"],"cprExato":true,"opmExata":true,"somenteReferencia":false},"geometry":{"type":"Polygon","coordinates":[[[-40.1089248,-14.1779645999999],[-40.082501,-14.2066821999999],[-40.0985745,-14.2429521],[-40.0976527,-14.2669306],[-40.1129723999999,-14.2279652],[-40.1324286,-14.2416297],[-40.1301058999999,-14.2493216999999],[-40.1690182999999,-14.2505886],[-40.1704963,-14.2304085],[-40.1923388,-14.2231135],[-40.1753993999999,-14.1342440999999],[-40.1848957999999,-14.1217445999999],[-40.2109010999999,-14.1257429],[-40.2222765999999,-14.104753],[-40.2147828,-14.0862902],[-40.2198857999999,-14.0721184999999],[-40.2072415,-14.0699789999999],[-40.2111015,-14.0391579],[-40.2320913,-14.0309627999999],[-40.2481791,-14.0423604],[-40.3173952999999,-14.0058609],[-40.3493214,-14.0328979],[-40.5128245,-13.9479148999999],[-40.5220151999999,-13.9198648999999],[-40.5101779,-13.9105033],[-40.5041024,-13.8841674],[-40.4397291999999,-13.8646333999999],[-40.5194959999999,-13.7887476999999],[-40.5375946,-13.7353414],[-40.5317780999999,-13.7188998],[-40.4987707,-13.7164400999999],[-40.4741139999999,-13.678511],[-40.4673447,-13.7173223],[-40.4466909999999,-13.7281012999999],[-40.4169388999999,-13.7094402999999],[-40.3697725,-13.7097051],[-40.3742286999999,-13.7010031],[-40.3537274999999,-13.6952368999999],[-40.3385739,-13.7069751],[-40.2902931,-13.7007432999999],[-40.2412762,-13.7152579999999],[-40.2135158,-13.7137567],[-40.1926855999999,-13.7079856999999],[-40.1821658,-13.6855973999999],[-40.140706,-13.6990152999999],[-40.1339129,-13.6872844],[-40.094779,-13.6843218999999],[-40.0950038999999,-13.6457765],[-40.0619831,-13.6350419],[-40.0203562,-13.6408868999999],[-40.0044854,-13.6299994999999],[-39.9578223999999,-13.6730112],[-39.9413582,-13.6656791],[-39.9194565999999,-13.6801728],[-39.9180554,-13.6920603999999],[-39.9018285,-13.6968565],[-39.8870214,-13.6597705999999],[-39.8520607999999,-13.6564749],[-39.8464306,-13.7452360999999],[-39.8173742,-13.7569548],[-39.8132927999999,-13.8022889],[-39.8034471,-13.8150755999999],[-39.7889034999999,-13.8269316],[-39.7825202,-13.8153816999999],[-39.7683607,-13.8242063],[-39.7659738,-13.8336042],[-39.7840887999999,-13.8498135],[-39.7794888999999,-13.8610436],[-39.7486723,-13.8641229999999],[-39.7577477,-13.8848485999999],[-39.740713,-13.8933800999999],[-39.7420706,-13.9121292999999],[-39.7050831,-13.9100437],[-39.7357277,-13.9322084999999],[-39.7539123,-13.9872157999999],[-39.7650647,-13.9913281999999],[-39.7591601,-13.9803686999999],[-39.7790166999999,-13.9681264],[-39.7755036,-13.9469999],[-39.7851739,-13.9388398999999],[-39.8018893999999,-13.9432689],[-39.8273641,-13.9243097999999],[-39.8242672,-13.8956312999999],[-39.841355,-13.885279],[-39.8278094,-13.8528530999999],[-39.8447614,-13.8476011],[-39.8506369,-13.8716878999999],[-39.8701101999999,-13.8907349999999],[-39.9396401,-13.8941202999999],[-39.975362,-13.9433986],[-39.9004247,-14.0273227],[-39.9016604,-14.0468387999999],[-39.9264484,-14.0825502],[-39.990427595,-14.049995985],[-40.0085814,-14.0655985],[-40.0272535999999,-14.0490720999999],[-40.0460704,-14.0645648],[-40.0530709999999,-14.0592981],[-40.0771889,-14.1186269],[-40.1022624999999,-14.1348882999999],[-40.1089248,-14.1779645999999]]]}},{"type":"Feature","id":"2902252","properties":{"codigoIbge":"2902252","municipio":"Arataca","cpr":"CPR-S","cprs":["CPR-S"],"opm":"62ª CIPM/CAMACAN","opms":["62ª CIPM/CAMACAN"],"cprExato":true,"opmExata":true,"somenteReferencia":false},"geometry":{"type":"Polygon","coordinates":[[[-39.2988755,-15.224783793],[-39.3067073999999,-15.2613526],[-39.3202186999999,-15.2639086999999],[-39.2987219,-15.2782392999999],[-39.3333739999999,-15.291172],[-39.3401696999999,-15.302879],[-39.3402371,-15.3193606999999],[-39.3260442,-15.335679],[-39.3648755999999,-15.3525536999999],[-39.3993556,-15.3492137],[-39.410471,-15.3286808999999],[-39.4329142,-15.3331615999999],[-39.4276776999999,-15.3163314999999],[-39.4394738,-15.3095848999999],[-39.4588674999999,-15.3126774999999],[-39.4624451999999,-15.3319193999999],[-39.4808816,-15.3417714],[-39.4852342,-15.3073927999999],[-39.498231,-15.2907592],[-39.5221979999999,-15.3005363],[-39.5399017999999,-15.2953501],[-39.5438591,-15.3035042999999],[-39.5618997999999,-15.2913732],[-39.5673479,-15.3111901],[-39.5785768,-15.3036721],[-39.5716389,-15.2322230999999],[-39.5641661999999,-15.2258527],[-39.5544045999999,-15.2216311],[-39.5567607999999,-15.2315948],[-39.5436713,-15.2417161999999],[-39.489571,-15.2463855],[-39.4811430999999,-15.2061606999999],[-39.4747811,-15.2127088],[-39.4601456999999,-15.2056865],[-39.4537763,-15.1728858999999],[-39.4608421999999,-15.156514],[-39.4506238,-15.1440808999999],[-39.430622,-15.1603618],[-39.4095753999999,-15.1335975],[-39.3993938,-15.1512772999999],[-39.3691989,-15.1255475],[-39.329587207,-15.113089793],[-39.3243133999999,-15.14361611],[-39.3306664999999,-15.1569292],[-39.31460522,-15.1577501099999],[-39.2983020099999,-15.2034190099999],[-39.3084420929999,-15.216310407],[-39.2988755,-15.224783793]]]}},{"type":"Feature","id":"2910503","properties":{"codigoIbge":"2910503","municipio":"Entre Rios","cpr":"CPR-LN","cprs":["CPR-LN"],"opm":"56ª CIPM/ENTRE RIOS","opms":["56ª CIPM/ENTRE RIOS"],"cprExato":true,"opmExata":true,"somenteReferencia":false},"geometry":{"type":"Polygon","coordinates":[[[-37.8932837,-12.4082420999999],[-37.8946124,-12.3804502999999],[-37.9237869999999,-12.3837482],[-37.9314322,-12.3715071],[-37.9456673,-12.3773308],[-37.9561368999999,-12.3677178],[-37.9711806,-12.3698138999999],[-37.9133942,-12.3094581999999],[-37.9225316,-12.2643217999999],[-38.0175376,-12.2181884],[-38.0194577999999,-12.182129],[-38.0475886999999,-12.1437763],[-38.0643102999999,-12.1346970999999],[-38.0818995,-12.1581095],[-38.1025207,-12.1414033],[-38.1379853999999,-12.1432768999999],[-38.1467034,-12.1246586],[-38.1989321999999,-12.1106095],[-38.2108426,-12.0678813],[-38.2018593,-12.0123197999999],[-38.237604,-12.0140264],[-38.2513266,-12.0336884999999],[-38.2822355,-12.0415164999999],[-38.2730440999999,-11.9635122],[-38.1852847,-11.9016756999999],[-38.1963148999999,-11.8664623999999],[-38.1950815,-11.8392711],[-38.1850719,-11.8374663],[-38.2002127,-11.7916311],[-38.1807635,-11.7828261999999],[-38.1674869,-11.8033887],[-38.1364460999999,-11.8032896999999],[-38.0997388,-11.842663],[-38.0863161999999,-11.8373640999999],[-38.0457105,-11.8532951999999],[-38.0254914999999,-11.8478254],[-37.9884825999999,-11.8755623],[-37.9674011,-11.9236246999999],[-37.9512915,-11.934225],[-37.9792882,-11.9399003999999],[-38.0151013999999,-12.0081147],[-38.0086067999999,-12.0455497],[-38.0233469,-12.0806512999999],[-37.9795647,-12.1173009],[-37.9346917999999,-12.1396968999999],[-37.9551341,-12.2028053999999],[-37.9434989,-12.1991442999999],[-37.9300532,-12.2182457],[-37.9050243999999,-12.2228618],[-37.876115,-12.2088884],[-37.8538091999999,-12.2191659],[-37.8377384999999,-12.2156691],[-37.8018676,-12.1889669],[-37.7701944999999,-12.2020092999999],[-37.761073,-12.2204505],[-37.7698963999999,-12.2387322],[-37.8932837,-12.4082420999999]]]}},{"type":"Feature","id":"2918357","properties":{"codigoIbge":"2918357","municipio":"João Dourado","cpr":"CPR-CN","cprs":["CPR-CN"],"opm":"7 BPM/IRECÊ","opms":["7 BPM/IRECÊ"],"cprExato":true,"opmExata":true,"somenteReferencia":false},"geometry":{"type":"Polygon","coordinates":[[[-41.7515208999999,-11.4139185],[-41.7495451999999,-11.3721876999999],[-41.7330726,-11.3325306999999],[-41.7414843,-11.2707472999999],[-41.7296926,-11.2279723],[-41.7398492999999,-11.2232822999999],[-41.7299242999999,-11.2097757],[-41.7150793,-11.1950489999999],[-41.6478870999999,-11.168398],[-41.6331833,-11.1396298],[-41.6068908999999,-11.1450670999999],[-41.5939529,-11.1310159999999],[-41.5975065,-11.1222281999999],[-41.5663526,-11.0972383],[-41.5254892999999,-11.0919673],[-41.4349564999999,-11.0066065],[-41.4341972,-11.0293925],[-41.3959925999999,-11.0765274999999],[-41.3954431,-11.1056531999999],[-41.3686458999999,-11.1421956999999],[-41.3653355,-11.1838774999999],[-41.4221370999999,-11.2428727999999],[-41.4363178999999,-11.2385532],[-41.4962058999999,-11.2707106999999],[-41.5207644,-11.2725571999999],[-41.5701826,-11.3218623],[-41.5877813,-11.3570425],[-41.6400565,-11.3950227],[-41.7515208999999,-11.4139185]]]}},{"type":"Feature","id":"2902302","properties":{"codigoIbge":"2902302","municipio":"Aratuípe","cpr":"CPR-R","cprs":["CPR-R"],"opm":"14 BPM/SANTO ANTÔNIO DE JESUS","opms":["14 BPM/SANTO ANTÔNIO DE JESUS"],"cprExato":true,"opmExata":true,"somenteReferencia":false},"geometry":{"type":"Polygon","coordinates":[[[-38.9814641,-13.0899476],[-38.9946591,-13.106346],[-39.0075467999999,-13.1008108],[-39.0088157,-13.1275544],[-39.035095,-13.1179605],[-39.0454217,-13.1335293999999],[-39.0929148,-13.144461],[-39.114967,-13.1342637],[-39.1228312,-13.1012488],[-39.1340033,-13.0914835],[-39.1585843,-13.0961129999999],[-39.1693473,-13.0825748],[-39.1767477999999,-13.1053391],[-39.1893747999999,-13.1091117999999],[-39.2015603,-13.0780091999999],[-39.1745021,-13.0825369999999],[-39.1529715,-13.0405575999999],[-39.136181,-13.0489876],[-39.1294953,-13.0657027],[-39.1090316999999,-13.0379249],[-39.0050227999999,-13.0555795],[-38.9654464,-13.0457149],[-38.9559859999999,-13.0901557999999],[-38.9814641,-13.0899476]]]}},{"type":"Feature","id":"2926657","properties":{"codigoIbge":"2926657","municipio":"Ribeirão do Largo","cpr":"CPR-SO","cprs":["CPR-SO"],"opm":"80ª CIPM/CANDIDO SALES","opms":["80ª CIPM/CANDIDO SALES"],"cprExato":true,"opmExata":true,"somenteReferencia":false},"geometry":{"type":"Polygon","coordinates":[[[-40.5006739999999,-15.4159329999999],[-40.480986,-15.6082521],[-40.4933303,-15.6244199999999],[-40.4942854,-15.6550172999999],[-40.5131797999999,-15.6780393999999],[-40.5637591999999,-15.6633533999999],[-40.6398515,-15.6019800999999],[-40.6497219999999,-15.6155585],[-40.6829766,-15.5765268],[-40.7391105999999,-15.5333019],[-40.7494002999999,-15.4786907],[-40.7759806,-15.4871774],[-40.7828914,-15.476013],[-40.8098878,-15.4714005],[-40.8320004999999,-15.4449466999999],[-40.8516711999999,-15.4368071],[-40.8520781949999,-15.419171295],[-40.8718846049999,-15.4114385949999],[-40.8928311999999,-15.3629587049999],[-40.87501471,-15.32579279],[-40.88411531,-15.294883505],[-40.8211944999999,-15.3044290999999],[-40.82408041,-15.2891294899999],[-40.80322061,-15.27874571],[-40.7896439699999,-15.24677701],[-40.72055819,-15.24374312],[-40.70497962,-15.25118522],[-40.67891029,-15.238879085],[-40.6675892,-15.266739995],[-40.6523092149999,-15.2756009149999],[-40.6420042999999,-15.254626705],[-40.62834061,-15.250502895],[-40.6341178,-15.28163699],[-40.62300909,-15.2654089],[-40.6089888,-15.283820915],[-40.59172509,-15.28230931],[-40.591091595,-15.2638572999999],[-40.57174069,-15.279023305],[-40.544787895,-15.26966019],[-40.5465652999999,-15.2878363],[-40.5230253999999,-15.2752184999999],[-40.5106744,-15.283396],[-40.4920963,-15.2775814999999],[-40.4894677,-15.29525],[-40.4788234,-15.2903468],[-40.4706138999999,-15.3013619999999],[-40.5006739999999,-15.4159329999999]]]}},{"type":"Feature","id":"2918456","properties":{"codigoIbge":"2918456","municipio":"Jucuruçu","cpr":"CPR-ES","cprs":["CPR-ES"],"opm":"43ª CIPM/ITAMARAJU","opms":["43ª CIPM/ITAMARAJU"],"cprExato":true,"opmExata":true,"somenteReferencia":false},"geometry":{"type":"Polygon","coordinates":[[[-40.0656063,-16.9872005999999],[-40.0603541999999,-16.9973254],[-40.0799077999999,-17.0266204],[-40.0681349,-17.0751572],[-40.0830149,-17.0811292999999],[-40.0905731,-17.0618701],[-40.1169002,-17.0818439],[-40.1509119,-17.0802022],[-40.1768101,-17.0543832],[-40.1826919,-17.0155518999999],[-40.2292209999999,-16.9727136999999],[-40.2917095999999,-16.9631223],[-40.3222787999999,-16.9489245999999],[-40.4001693,-16.9408012],[-40.3999648,-16.8885533],[-40.3759008,-16.8858723],[-40.366485,-16.8741722999999],[-40.3315229999999,-16.9080273],[-40.3027738,-16.8922436],[-40.2879692999999,-16.9044516],[-40.266026,-16.8603133999999],[-40.2521214999999,-16.8600506],[-40.2469070999999,-16.8457395],[-40.2644698999999,-16.7991046],[-40.3236055,-16.8012692],[-40.3454935999999,-16.7872674999999],[-40.3101667,-16.7362155],[-40.3070188,-16.6967665],[-40.296398,-16.698068],[-40.2831136,-16.672906],[-40.261873,-16.683103],[-40.2669405999999,-16.6999317],[-40.247451,-16.7156178999999],[-40.2112789999999,-16.7075017999999],[-40.2034497,-16.6960424],[-40.1975935999999,-16.7088196999999],[-40.1595411,-16.6935250999999],[-40.1633323,-16.7117393999999],[-40.1389057,-16.7148084],[-40.1273871,-16.6794384],[-40.0931416999999,-16.6857709],[-40.0871946,-16.6750599],[-40.0767609,-16.7065082],[-40.061988,-16.7171006999999],[-40.0363088999999,-16.703878],[-40.0222319,-16.7138178],[-40.0081504999999,-16.7018067999999],[-39.9961067,-16.7118652999999],[-39.9900769,-16.7015592],[-39.9656062,-16.6952873999999],[-39.9761164,-16.7064705],[-39.9686895999999,-16.7296264999999],[-39.9274313999999,-16.7267227999999],[-39.9167839,-16.7340742],[-39.8902585,-16.7259951999999],[-39.883385,-16.745922],[-39.8444987999999,-16.7622411999999],[-39.8152248,-16.7638924],[-39.7963601,-16.7505882],[-39.7873446999999,-16.7544867999999],[-39.7725177,-16.7347662999999],[-39.7640665,-16.7373691],[-39.7592953,-16.760798],[-39.7729909999999,-16.8217002],[-39.7672846,-16.8686756999999],[-39.7857921,-16.8632627],[-39.7889599,-16.8534414],[-39.7951156999999,-16.8610782],[-39.8121287,-16.8472145],[-39.8369342,-16.8489986],[-39.8432185,-16.8354515999999],[-39.8541394,-16.8448023999999],[-39.8677704999999,-16.8391827],[-39.8866525999999,-16.8469812],[-39.9163419,-16.8762103999999],[-39.9511087999999,-16.8467957],[-39.9680771,-16.8730467999999],[-39.9928773999999,-16.8707264],[-39.9899384999999,-16.8936752999999],[-40.0063498,-16.9374796999999],[-40.0473588,-16.9435695999999],[-40.0440264,-16.9619455],[-40.0656063,-16.9872005999999]]]}},{"type":"Feature","id":"2910305","properties":{"codigoIbge":"2910305","municipio":"Elísio Medrado","cpr":"CPR-R","cprs":["CPR-R"],"opm":"99ª CIPM/AMARGOSA","opms":["99ª CIPM/AMARGOSA"],"cprExato":true,"opmExata":true,"somenteReferencia":false},"geometry":{"type":"Polygon","coordinates":[[[-39.4738091999999,-12.9837691999999],[-39.5318325,-13.0222395],[-39.5847405,-12.9478619],[-39.622813,-12.9132203999999],[-39.6044022,-12.8931100999999],[-39.5904811999999,-12.9051292999999],[-39.5804954,-12.893166],[-39.5749109999999,-12.8991037],[-39.475603,-12.8538669],[-39.4587155999999,-12.9341643],[-39.4738091999999,-12.9837691999999]]]}},{"type":"Feature","id":"2926608","properties":{"codigoIbge":"2926608","municipio":"Ribeira do Pombal","cpr":"CPR-NE","cprs":["CPR-NE"],"opm":"21ª CIPM/CIPÓ","opms":["21ª CIPM/CIPÓ"],"cprExato":true,"opmExata":true,"somenteReferencia":false},"geometry":{"type":"Polygon","coordinates":[[[-38.5309966,-10.9600904],[-38.5299317999999,-10.9769062999999],[-38.5579953,-11.020596],[-38.5937736999999,-11.0202424999999],[-38.5939552,-10.9884418],[-38.6253149999999,-10.9402274],[-38.6676105999999,-10.8992643999999],[-38.7111418,-10.8900441],[-38.7751752,-10.7739045],[-38.7587722,-10.7330502],[-38.7342669999999,-10.7179910999999],[-38.6792045,-10.7272086999999],[-38.6660542,-10.7075389],[-38.6321457,-10.7172007999999],[-38.5759128,-10.6895640999999],[-38.5726567999999,-10.6592881],[-38.5611734999999,-10.6492153],[-38.5517778999999,-10.5696806999999],[-38.5383785999999,-10.5629082999999],[-38.4982616999999,-10.6059605],[-38.4370168999999,-10.6091685],[-38.3982516,-10.6298732],[-38.3948344,-10.7066315],[-38.3765369,-10.7079949],[-38.377155,-10.8760975],[-38.4108328999999,-10.8800995999999],[-38.4096648,-10.9170998999999],[-38.4425454,-10.9110332999999],[-38.4692686999999,-10.9391209999999],[-38.5309966,-10.9600904]]]}},{"type":"Feature","id":"2902104","properties":{"codigoIbge":"2902104","municipio":"Araci","cpr":"CPR-NE","cprs":["CPR-NE"],"opm":"16 BPM/SERRINHA","opms":["16 BPM/SERRINHA"],"cprExato":true,"opmExata":true,"somenteReferencia":false},"geometry":{"type":"Polygon","coordinates":[[[-39.1433385,-11.465931],[-39.1195213,-11.4064420999999],[-39.1247478,-11.3405614],[-39.1365211999999,-11.3225988],[-39.1294859999999,-11.3000620999999],[-39.1582377,-11.2703744],[-39.1712458,-11.2805134999999],[-39.1795870999999,-11.2695401999999],[-39.1927233,-11.2700909],[-39.2022085999999,-11.2800544999999],[-39.2197894,-11.2673551],[-39.2423204,-11.2285878],[-39.2566454999999,-11.1547123],[-39.2595195,-11.0694902],[-39.309429,-11.0802262999999],[-39.3107227,-11.0653611],[-39.273904,-11.0210843999999],[-39.2782223,-10.9872051999999],[-39.2057781999999,-10.998415],[-39.1691534,-11.0196879],[-39.1602123,-11.009746],[-39.1151530999999,-11.0181296],[-39.0716588,-11.0443721],[-39.0455987,-11.0205470999999],[-39.0142218999999,-11.032731],[-39.0023044,-11.0578419999999],[-38.9493558,-11.0487386],[-38.8723489,-11.3462344],[-38.8491825999999,-11.3541572999999],[-38.8048666999999,-11.3468672],[-38.7741465,-11.3563554999999],[-38.8225603999999,-11.4135782],[-38.8650516,-11.3822901],[-38.9812570999999,-11.4233763],[-39.0537924999999,-11.3988500999999],[-39.1407680999999,-11.4934628],[-39.1433385,-11.465931]]]}},{"type":"Feature","id":"2910404","properties":{"codigoIbge":"2910404","municipio":"Encruzilhada","cpr":"CPR-SO","cprs":["CPR-SO"],"opm":"80ª CIPM/CANDIDO SALES","opms":["80ª CIPM/CANDIDO SALES"],"cprExato":true,"opmExata":true,"somenteReferencia":false},"geometry":{"type":"Polygon","coordinates":[[[-41.0126933,-15.7142714999999],[-41.0362729,-15.7138165],[-41.0534203,-15.7251145999999],[-41.0775578999999,-15.7192879999999],[-41.0928946,-15.7386814],[-41.1286349,-15.7467695999999],[-41.1425302,-15.7720469999999],[-41.2153964,-15.7371659],[-41.2685617,-15.748704],[-41.2929477,-15.7390055],[-41.3312061,-15.7446734],[-41.3619194,-15.4950281],[-41.3355313,-15.4981015999999],[-41.3173126999999,-15.5129292],[-41.2343670999999,-15.5144068],[-41.2049931,-15.4916782],[-41.1970438,-15.5157631],[-41.1777632,-15.5247396999999],[-41.1734645999999,-15.5365608999999],[-41.1513566,-15.5338628],[-41.1458976,-15.5450086],[-41.1334371,-15.5244051999999],[-41.1112626,-15.5194544999999],[-41.0974664,-15.5289427],[-41.0733863,-15.5030854],[-41.0521583,-15.5090231999999],[-41.0318865,-15.4862153999999],[-41.0343583,-15.4727528],[-40.9790963999999,-15.4771709999999],[-40.9356498999999,-15.4444240999999],[-40.9268623999999,-15.3903665999999],[-40.9411357,-15.3570976],[-40.9326445999999,-15.3371888999999],[-40.9050091999999,-15.3190703999999],[-40.9038232,-15.3057070999999],[-40.8855449,-15.29770059],[-40.87501471,-15.32579279],[-40.89276559,-15.3634299899999],[-40.8718846049999,-15.4114385949999],[-40.8505859049999,-15.42120619],[-40.8496362999999,-15.439249],[-40.7759806,-15.4871774],[-40.7494002999999,-15.4786907],[-40.7391105999999,-15.5333019],[-40.6829766,-15.5765268],[-40.6497219999999,-15.6155585],[-40.6398515,-15.6019800999999],[-40.5637591999999,-15.6633533999999],[-40.5116970999999,-15.6772569],[-40.5192461999999,-15.6864613999999],[-40.5577608999999,-15.6911079],[-40.5815446999999,-15.7083655],[-40.5885926999999,-15.6960890999999],[-40.6351706,-15.695262],[-40.6469812,-15.7095249],[-40.6656032999999,-15.6767379],[-40.70721,-15.6664048],[-40.7413622,-15.6802506],[-40.7398608,-15.7036467],[-40.7676637,-15.7140793999999],[-40.7832849,-15.7013751],[-40.7803370999999,-15.680198],[-40.8190283,-15.6463419999999],[-40.8293113,-15.6482607999999],[-40.8420331999999,-15.6832246],[-40.8815569,-15.6944708],[-40.9025697,-15.6918421],[-40.9143316999999,-15.6609776],[-40.9616144999999,-15.6479315],[-40.9796107,-15.6916613999999],[-41.0126933,-15.7142714999999]]]}},{"type":"Feature","id":"2918407","properties":{"codigoIbge":"2918407","municipio":"Juazeiro","cpr":"CPR-N","cprs":["CPR-N"],"opm":"73ª, 74ª, 75ª E 76ª CIPM/JUAZEIRO","opms":["73ª, 74ª, 75ª E 76ª CIPM/JUAZEIRO"],"cprExato":true,"opmExata":true,"somenteReferencia":false},"geometry":{"type":"Polygon","coordinates":[[[-39.9823848999999,-9.80484959999995],[-40.1824424,-9.88730119999997],[-40.2259581,-9.92134289999996],[-40.2860704999999,-9.94579509999994],[-40.3232690999999,-9.90747639999995],[-40.3442347,-9.92950349999995],[-40.3835096,-9.94430199999994],[-40.4121828,-9.97351269999996],[-40.5027421999999,-9.97115449999995],[-40.6433309,-9.88680389999996],[-40.8137513,-9.87136989999993],[-40.7857715,-9.84947979999993],[-40.7554931,-9.79917969999997],[-40.7683605,-9.77829429999997],[-40.7647453,-9.75535169999995],[-40.7406419,-9.70722139999998],[-40.7689265,-9.65042039999997],[-40.770032,-9.56987479999998],[-40.7435763,-9.52017279999995],[-40.7304038999999,-9.45730889999993],[-40.7140815,-9.44526249999996],[-40.6813218,-9.46722099999994],[-40.6206769,-9.48252549999995],[-40.5557585,-9.45793809999998],[-40.5291147,-9.41390159999997],[-40.4971964,-9.40857239999997],[-40.4677551,-9.42056809999997],[-40.4236595,-9.35346499999997],[-40.3912784,-9.37216679999995],[-40.3563971,-9.37699429999998],[-40.3350432999999,-9.35390169999994],[-40.3361196,-9.32716869999996],[-40.3022068,-9.25170329999997],[-40.2858151999999,-9.18181389999995],[-40.2933302,-9.14674289999994],[-40.2788467,-9.09453849999994],[-40.2642061,-9.07095769999995],[-40.2389835,-9.05436529999997],[-40.2011193,-9.06846579999996],[-40.1650016,-9.10648779999997],[-40.1298949,-9.11030459999995],[-40.0655631,-9.06306519999993],[-39.9784476999999,-9.05486269999994],[-39.9858763999999,-9.07922539999993],[-39.9699383999999,-9.11953649999998],[-39.9118703,-9.11269759999993],[-39.9016085,-9.13047649999993],[-39.9072975999999,-9.15730659999997],[-39.8941705999999,-9.16647089999998],[-39.8896376,-9.18968179999996],[-39.8655638,-9.20480239999995],[-39.8607625,-9.23036209999998],[-39.8797286,-9.26933189999994],[-39.8864083,-9.32980929999997],[-39.8646330999999,-9.43478069999998],[-39.8750257,-9.49926489999996],[-39.8677428,-9.52654129999996],[-39.8958603,-9.61309789999996],[-39.8886626,-9.66577539999997],[-39.90064,-9.70593079999998],[-39.9009234,-9.77481999999998],[-39.9196241999999,-9.79095169999994],[-39.9823848999999,-9.80484959999995]]]}},{"type":"Feature","id":"2902203","properties":{"codigoIbge":"2902203","municipio":"Aramari","cpr":"CPR-LN","cprs":["CPR-LN"],"opm":"4 BPM/ALAGOINHAS","opms":["4 BPM/ALAGOINHAS"],"cprExato":true,"opmExata":true,"somenteReferencia":false},"geometry":{"type":"Polygon","coordinates":[[[-38.5866636,-12.1936765999999],[-38.5704631,-12.1252588999999],[-38.5756628,-12.0879659999999],[-38.5858908,-12.0456756999999],[-38.6073193,-12.0213687999999],[-38.6074146,-11.9929984999999],[-38.6312852,-11.9332608999999],[-38.5697635999999,-11.9613309],[-38.5289518,-11.9373497999999],[-38.5034332,-11.9461148999999],[-38.4846891999999,-11.94201],[-38.4475747,-12.0018911999999],[-38.4342779999999,-12.0491992],[-38.4438711999999,-12.1043041999999],[-38.4914094,-12.1270026999999],[-38.4905216999999,-12.1612655],[-38.5866636,-12.1936765999999]]]}},{"type":"Feature","id":"2926509","properties":{"codigoIbge":"2926509","municipio":"Ribeira do Amparo","cpr":"CPR-NE","cprs":["CPR-NE"],"opm":"21ª CIPM/CIPÓ","opms":["21ª CIPM/CIPÓ"],"cprExato":true,"opmExata":true,"somenteReferencia":false},"geometry":{"type":"Polygon","coordinates":[[[-38.3220782999999,-11.0720564],[-38.437877,-11.1180717999999],[-38.4750271999999,-11.0887541],[-38.4915152999999,-11.0889319999999],[-38.5037925,-11.0551611999999],[-38.5169797,-11.0583406],[-38.5421458,-11.0251992999999],[-38.5579953,-11.020596],[-38.5299317999999,-10.9769062999999],[-38.5309966,-10.9600904],[-38.4692686999999,-10.9391209999999],[-38.4425454,-10.9110332999999],[-38.4096648,-10.9170998999999],[-38.4108328999999,-10.8800995999999],[-38.377155,-10.8760975],[-38.3770231,-10.8402247],[-38.3529875,-10.8402497],[-38.3396478999999,-10.8268955],[-38.3431434999999,-10.8164985999999],[-38.2982438999999,-10.8275171],[-38.2680849,-10.8144649],[-38.2496376999999,-10.8208144],[-38.2368283,-10.8081635],[-38.245009,-10.8226415],[-38.2313983,-10.8429341],[-38.2364683,-10.8817956999999],[-38.227251,-10.9160143],[-38.2152535,-10.9226949],[-38.2103218,-10.9310464],[-38.2458048999999,-10.9211824],[-38.3220782999999,-11.0720564]]]}},{"type":"Feature","id":"2910701","properties":{"codigoIbge":"2910701","municipio":"Euclides da Cunha","cpr":"CPR-NE","cprs":["CPR-NE"],"opm":"5 BPM/EUCLIDES DA CUNHA","opms":["5 BPM/EUCLIDES DA CUNHA"],"cprExato":true,"opmExata":true,"somenteReferencia":false},"geometry":{"type":"Polygon","coordinates":[[[-39.0384111,-10.6307891],[-39.2307215,-10.6775688999999],[-39.2608908999999,-10.6760502],[-39.2471806,-10.6659591],[-39.2530454,-10.6605567999999],[-39.2363781999999,-10.6362220999999],[-39.2328544,-10.6099396999999],[-39.1971288,-10.5841518999999],[-39.1805806,-10.59325],[-39.1815175,-10.5810410999999],[-39.1651517,-10.5734864999999],[-39.1564076999999,-10.5565318],[-39.1472989,-10.4838392999999],[-39.1520101999999,-10.4511545999999],[-39.1902021999999,-10.4265933],[-39.1597007999999,-10.4181616999999],[-39.1498511999999,-10.4265695],[-39.1429987999999,-10.4047596],[-39.1704700999999,-10.3196012],[-39.1830835,-10.3147875999999],[-39.1678067999999,-10.2977989999999],[-39.1849402,-10.2562007],[-39.0773508999999,-10.3805272],[-38.8819549999999,-10.2701248],[-38.5780991999999,-10.3080550999999],[-38.5789899,-10.3333595],[-38.6522122,-10.3733291999999],[-38.6397848,-10.3847534],[-38.6226771999999,-10.4472544999999],[-38.6355455999999,-10.4445071],[-38.6325805,-10.4667759],[-38.6461404,-10.4800059999999],[-38.6725691,-10.4795184],[-38.6853158,-10.5003962],[-38.7010475,-10.5059175],[-38.7051046,-10.5649738999999],[-38.7159162,-10.5648265],[-38.7404513,-10.6067060999999],[-38.7747385,-10.6255341999999],[-38.7794969999999,-10.6044502],[-38.9387179999999,-10.6233968999999],[-38.9501296999999,-10.6546377],[-39.0131655,-10.6471142],[-39.0384111,-10.6307891]]]}},{"type":"Feature","id":"2918308","properties":{"codigoIbge":"2918308","municipio":"Jitaúna","cpr":"CPR-MRC","cprs":["CPR-MRC"],"opm":"19 BPM/JEQUIÉ","opms":["19 BPM/JEQUIÉ"],"cprExato":true,"opmExata":true,"somenteReferencia":false},"geometry":{"type":"Polygon","coordinates":[[[-39.7619945,-13.9922544],[-39.7954351999999,-14.0153993],[-39.7906543999999,-14.0373172999999],[-39.8016914999999,-14.0599685999999],[-39.8414046999999,-14.0185183999999],[-39.8732181,-14.0111421],[-39.9066427,-14.0263669],[-39.9557646,-13.9733067999999],[-39.9741144,-13.9392099999999],[-39.9396401,-13.8941202999999],[-39.8701101999999,-13.8907349999999],[-39.8506369,-13.8716878999999],[-39.8447614,-13.8476011],[-39.8282447,-13.8526542999999],[-39.841355,-13.885279],[-39.8242672,-13.8956312999999],[-39.8273641,-13.9243097999999],[-39.8005879,-13.9438193],[-39.7838278,-13.9393532],[-39.7730821,-13.9500932],[-39.7812628999999,-13.9554391],[-39.7790166999999,-13.9681264],[-39.7591601,-13.9803686999999],[-39.7619945,-13.9922544]]]}},{"type":"Feature","id":"2902500","properties":{"codigoIbge":"2902500","municipio":"Baianópolis","cpr":"CPR-O","cprs":["CPR-O"],"opm":"83ª CIPM/BARREIRAS","opms":["83ª CIPM/BARREIRAS"],"cprExato":true,"opmExata":true,"somenteReferencia":false},"geometry":{"type":"Polygon","coordinates":[[[-44.2844353,-12.9965758],[-44.306991,-13.0282338],[-44.3071628,-13.0782328999999],[-44.3317213999999,-13.0945813],[-44.3421061999999,-13.1183053999999],[-44.550590993,-12.9428425899999],[-44.6100974999999,-12.7261316999999],[-44.6250228,-12.5721831999999],[-44.6740591,-12.5634784],[-44.6901607,-12.5488217],[-44.6991274,-12.5226127999999],[-44.7148425,-12.5194405],[-44.7297055,-12.495331],[-44.720401205,-12.4728641899999],[-44.74164681,-12.4367531],[-44.7378517,-12.4088430959999],[-44.72601601,-12.40516301],[-44.6736361,-12.3298177],[-44.6579489,-12.3316945],[-44.6577217999999,-12.3217776999999],[-44.6349576,-12.3147678999999],[-44.6245499999999,-12.3228544999999],[-44.6078142,-12.3127967999999],[-44.6044907,-12.3181943],[-44.5963637999999,-12.3077387],[-44.5502663999999,-12.2941592],[-44.53426,-12.2448032],[-44.5005705,-12.2222770999999],[-44.5351927,-12.3007249999999],[-44.5315118999999,-12.3082239],[-44.4965099,-12.3015938],[-44.4807311,-12.3113585999999],[-44.4758974,-12.3035055999999],[-44.4645894999999,-12.3081298999999],[-44.3964248,-12.2877040999999],[-44.3124051,-12.3062217999999],[-44.3303165,-12.4670227999999],[-44.3149023999999,-12.5233873],[-44.2333925999999,-12.5706248],[-44.2652153999999,-12.6345484999999],[-44.1751576,-12.7442561999999],[-44.1705904999999,-12.7658747999999],[-44.1519357999999,-12.7761925999999],[-44.1538863,-12.8035935999999],[-44.1738834,-12.8206888],[-44.1683298,-12.8602756999999],[-44.1839577,-12.8777196999999],[-44.2421664,-12.8892566],[-44.2508422,-12.9059344],[-44.2351887999999,-12.9124320999999],[-44.2402,-12.9512715],[-44.2634171,-12.9596410999999],[-44.2578915,-12.9850695],[-44.2844353,-12.9965758]]]}},{"type":"Feature","id":"2910776","properties":{"codigoIbge":"2910776","municipio":"Feira da Mata","cpr":"CPR-MO","cprs":["CPR-MO"],"opm":"38ª CIPM/BOM JESUS DA LAPA","opms":["38ª CIPM/BOM JESUS DA LAPA"],"cprExato":true,"opmExata":true,"somenteReferencia":false},"geometry":{"type":"Polygon","coordinates":[[[-44.0657035999999,-14.1371771999999],[-44.0513293,-14.2861189],[-44.0574281999999,-14.2776122],[-44.0733986,-14.2856656],[-44.0744511999999,-14.2706396],[-44.0882867999999,-14.2780763],[-44.0869218,-14.2684283999999],[-44.0993945,-14.2734608],[-44.1125944,-14.2587283],[-44.135617,-14.2821853999999],[-44.1436184999999,-14.2784923],[-44.1372648,-14.2641513999999],[-44.1603345,-14.2577595999999],[-44.1703803,-14.268695],[-44.2012887,-14.2544761],[-44.2153326,-14.2331806999999],[-44.218059,-14.2449801999999],[-44.2406197999999,-14.2406872999999],[-44.23984609,-14.258876495],[-44.2686172049999,-14.2465959849999],[-44.30233799,-14.253242515],[-44.3164831949999,-14.2403490899999],[-44.3405957849999,-14.2494002999999],[-44.36158871,-14.2728125899999],[-44.4276958849999,-14.2802999049999],[-44.44886258,-14.22577032],[-44.4687377,-14.21636008],[-44.4616837199999,-14.19445038],[-44.44007498,-14.1884763899999],[-44.4445344,-14.17646479],[-44.436539,-14.17396481],[-44.445631605,-14.1697981],[-44.4380667999999,-14.1626222049999],[-44.45342291,-14.1559597949999],[-44.444218705,-14.14094689],[-44.4302002049999,-14.140860205],[-44.4296378999999,-14.12328729],[-44.41956291,-14.11955369],[-44.426406395,-14.08164219],[-44.3908006,-14.0756425],[-44.3795835,-14.0444767],[-44.3136565,-14.0439183999999],[-44.2771251,-14.0314786],[-44.2688057,-14.0055247999999],[-44.2502031,-13.9933235999999],[-44.252834,-13.9716336999999],[-44.2295935999999,-13.9582472],[-44.2316061999999,-13.94267],[-44.1951295,-13.9263908],[-44.1879549999999,-13.9442744999999],[-44.154849,-13.9497026],[-44.1076562,-13.9849857999999],[-44.0784502,-13.9945134],[-44.0866612,-14.020344],[-44.0286914,-14.0931623],[-44.0657035999999,-14.1371771999999]]]}},{"type":"Feature","id":"2910750","properties":{"codigoIbge":"2910750","municipio":"Fátima","cpr":"CPR-NE","cprs":["CPR-NE"],"opm":"21ª CIPM/CIPÓ","opms":["21ª CIPM/CIPÓ"],"cprExato":true,"opmExata":true,"somenteReferencia":false},"geometry":{"type":"Polygon","coordinates":[[[-38.1728007,-10.7077027999999],[-38.2087670999999,-10.7116928999999],[-38.2145257999999,-10.7250501999999],[-38.2480416999999,-10.7081347999999],[-38.2686499,-10.6742588],[-38.2774987,-10.5908112999999],[-38.2883811999999,-10.5666747],[-38.2839625,-10.5381424999999],[-38.247532,-10.5225763],[-38.2227875,-10.4788786999999],[-38.2065840999999,-10.4695538],[-38.1827314,-10.4805003],[-38.1497989,-10.4572836999999],[-38.130079,-10.5790994999999],[-38.1449185,-10.7180438],[-38.1728007,-10.7077027999999]]]}},{"type":"Feature","id":"2925808","properties":{"codigoIbge":"2925808","municipio":"Queimadas","cpr":"CPR-NE","cprs":["CPR-NE"],"opm":"7ª CIPM/MONTE SANTO","opms":["7ª CIPM/MONTE SANTO"],"cprExato":true,"opmExata":true,"somenteReferencia":false},"geometry":{"type":"Polygon","coordinates":[[[-39.6615244,-11.2113945999999],[-39.8605375999999,-11.3133614999999],[-39.9552983999999,-11.2486547],[-39.9529984,-11.1568735999999],[-39.9627634,-11.1500068],[-39.9759682,-11.1607159],[-39.9846605,-11.1454305999999],[-40.0245161,-10.9809159],[-40.0080887,-10.9166021999999],[-40.0186335999999,-10.8830922],[-39.9985296,-10.8753578999999],[-39.9990503999999,-10.8842182],[-39.9750306999999,-10.8876485],[-39.9669673,-10.8980561],[-39.9520077,-10.8913841],[-39.9467112,-10.9076117],[-39.9292131999999,-10.9032531999999],[-39.9235032999999,-10.91763249],[-39.9026555099999,-10.915848195],[-39.891169695,-10.89941261],[-39.868774415,-10.9033925049999],[-39.8615321,-10.9179660949999],[-39.8428689899999,-10.916033995],[-39.839470395,-10.9296497],[-39.826793505,-10.92754639],[-39.8253582049999,-10.9396192949999],[-39.7988478029999,-10.938828907],[-39.7615112,-10.9618755999999],[-39.7335313999999,-10.9519183049999],[-39.7183289129999,-10.965618487],[-39.7169019899999,-10.9535379],[-39.669397405,-10.9470460049999],[-39.6275726,-10.9149719],[-39.626025,-10.8746644],[-39.6360433999999,-10.873252],[-39.6437481999999,-10.8570326],[-39.6367452,-10.8447659],[-39.6652235999999,-10.8388962],[-39.6611667999999,-10.8174562999999],[-39.6661377999999,-10.805471],[-39.6776589,-10.8038506999999],[-39.68169431,-10.7859005],[-39.5856284,-10.7774229999999],[-39.5911927,-10.7958735],[-39.5824832,-10.8138453999999],[-39.5510131,-10.8456484],[-39.5526679,-10.8539964],[-39.5374386999999,-10.8581834999999],[-39.5398137999999,-10.8831111],[-39.5302591999999,-10.8891843],[-39.5362999,-10.9171415],[-39.5183110999999,-10.9449683],[-39.4799846,-10.9503207999999],[-39.461056,-10.9906417999999],[-39.4629252,-11.0080598],[-39.4405725,-10.9965268999999],[-39.4214441999999,-11.0034635],[-39.4102124,-11.0284559999999],[-39.4413721,-11.0404404999999],[-39.4927678999999,-11.0945391],[-39.5074309999999,-11.0929358],[-39.5171167999999,-11.1065606999999],[-39.6066802,-11.1545176],[-39.6615244,-11.2113945999999]]]}},{"type":"Feature","id":"2910727","properties":{"codigoIbge":"2910727","municipio":"Eunápolis","cpr":"CPR-ES","cprs":["CPR-ES"],"opm":"28 BPM/EUNÁPOLIS","opms":["28 BPM/EUNÁPOLIS"],"cprExato":true,"opmExata":true,"somenteReferencia":false},"geometry":{"type":"Polygon","coordinates":[[[-39.6822584,-16.5039725999999],[-39.6984212999999,-16.5126466],[-39.6984148999999,-16.5478213],[-39.7364426,-16.5136044],[-39.7349735999999,-16.4712373999999],[-39.7244686,-16.4622934],[-39.7204745999999,-16.4369268],[-39.7430888,-16.4524286],[-39.7634146999999,-16.4433043999999],[-39.7731737,-16.4122194],[-39.7584047,-16.3863418],[-39.7786786,-16.3542158],[-39.8426373,-16.2950054],[-39.850556,-16.2729368999999],[-39.8592025999999,-16.2736449999999],[-39.8606288,-16.2468069999999],[-39.7531054,-16.1972344],[-39.5952897,-16.1536932999999],[-39.5439117999999,-16.1163503],[-39.527815,-16.1238585999999],[-39.4929875,-16.0830872],[-39.4695275,-16.0943713],[-39.4330408,-16.0768141999999],[-39.4122439,-16.0827849],[-39.4026954999999,-16.098036],[-39.4206659,-16.2328520999999],[-39.3824408,-16.2681039999999],[-39.3980885999999,-16.2832144999999],[-39.4387333,-16.2826368999999],[-39.4567921,-16.3918750999999],[-39.4828563999999,-16.4073577999999],[-39.505121,-16.4440308],[-39.5190949999999,-16.4953401],[-39.6035535,-16.4591204],[-39.6195071999999,-16.4786834],[-39.6430662999999,-16.4882330999999],[-39.6517143,-16.505376],[-39.6822584,-16.5039725999999]]]}},{"type":"Feature","id":"2902401","properties":{"codigoIbge":"2902401","municipio":"Aurelino Leal","cpr":"CPR-S","cprs":["CPR-S"],"opm":"61ª CIPM/UBAITABA","opms":["61ª CIPM/UBAITABA"],"cprExato":true,"opmExata":true,"somenteReferencia":false},"geometry":{"type":"Polygon","coordinates":[[[-39.32424551,-14.393488605],[-39.32276311,-14.4600023899999],[-39.490181407,-14.419642193],[-39.475919695,-14.4085019],[-39.4775112099999,-14.3953198999999],[-39.4965559999999,-14.4112554],[-39.5262984999999,-14.4121590999999],[-39.5357857,-14.3928083],[-39.5904118999999,-14.3953294],[-39.6965705,-14.3695789],[-39.6823324,-14.356524],[-39.6784597,-14.3315941],[-39.6855148999999,-14.3280422999999],[-39.6639208999999,-14.3288785],[-39.6679099999999,-14.3187872999999],[-39.6588987,-14.3177355999999],[-39.6771072,-14.2933897],[-39.6654134999999,-14.2805433999999],[-39.652622,-14.2852305],[-39.6408716999999,-14.2671716999999],[-39.59966,-14.3108728],[-39.5742812,-14.2981852999999],[-39.5519983,-14.3057767999999],[-39.5644366999999,-14.3346519999999],[-39.5540849999999,-14.3460052999999],[-39.5401616,-14.3414715],[-39.5263001,-14.3492783],[-39.5123616,-14.3383676999999],[-39.5037345,-14.3512231999999],[-39.4969821,-14.3335822],[-39.4876262999999,-14.3421485],[-39.4643593,-14.3407007],[-39.4611555,-14.3212722],[-39.4419808,-14.3131006999999],[-39.4336374,-14.29473],[-39.4162178,-14.2948289999999],[-39.4071033,-14.3101078],[-39.3673413999999,-14.2782890999999],[-39.3636341,-14.2997976],[-39.3452217,-14.3138577],[-39.290767307,-14.3119530929999],[-39.3339928899999,-14.3842716099999],[-39.32424551,-14.393488605]]]}},{"type":"Feature","id":"2910602","properties":{"codigoIbge":"2910602","municipio":"Esplanada","cpr":"CPR-LN","cprs":["CPR-LN"],"opm":"56ª CIPM/ENTRE RIOS","opms":["56ª CIPM/ENTRE RIOS"],"cprExato":true,"opmExata":true,"somenteReferencia":false},"geometry":{"type":"Polygon","coordinates":[[[-37.7338007,-12.0498517999999],[-37.688013,-12.0785546999999],[-37.6934201,-12.0843131],[-37.6857234,-12.0989791],[-37.7697775,-12.2387226999999],[-37.761073,-12.2204505],[-37.7701944999999,-12.2020092999999],[-37.7974212,-12.1892731999999],[-37.8538091999999,-12.2191659],[-37.876115,-12.2088884],[-37.9050243999999,-12.2228618],[-37.9300532,-12.2182457],[-37.9434989,-12.1991442999999],[-37.955077,-12.202846],[-37.9431165999999,-12.1801386],[-37.9406334,-12.1434045],[-37.8875341999999,-12.1568746],[-37.8646524,-12.014219],[-37.8697177,-11.9717406999999],[-37.8831238999999,-11.9630275],[-37.9069306,-11.9668293999999],[-37.9417758,-11.9362462999999],[-37.9606879999999,-11.9319588],[-37.9884825999999,-11.8755623],[-38.0254914999999,-11.8478254],[-38.0565318,-11.8514977],[-38.0863161999999,-11.8373640999999],[-38.0997388,-11.842663],[-38.1183975,-11.8295292],[-38.1243411,-11.8119344999999],[-38.1439726,-11.7997933999999],[-38.1439771999999,-11.7642766],[-38.0465839,-11.6795946],[-38.0249833999999,-11.7326444],[-38.0279020999999,-11.7510493],[-38.01145,-11.768591],[-37.9233065999999,-11.6770769999999],[-37.8940327,-11.6904739999999],[-37.8650936999999,-11.6840923],[-37.8515022,-11.7250475999999],[-37.812873,-11.7367737],[-37.8327116999999,-11.7401977],[-37.8383779,-11.7598533999999],[-37.8510062999999,-11.7667827],[-37.8651624,-11.7604405],[-37.8642255,-11.7696432],[-37.8029880999999,-11.8249213999999],[-37.7946155,-11.8473453999999],[-37.7748741,-11.8571595],[-37.77716,-11.8674207],[-37.7434312999999,-11.8931004],[-37.7380836,-11.9078822999999],[-37.7626582999999,-11.9652275],[-37.73984,-11.9748157],[-37.7497789999999,-12.0036468],[-37.7215601999999,-12.0182986999999],[-37.7338007,-12.0498517999999]]]}},{"type":"Feature","id":"2925758","properties":{"codigoIbge":"2925758","municipio":"Presidente Tancredo Neves","cpr":"CPR-R","cprs":["CPR-R"],"opm":"31 BPM/VALENÇA","opms":["31 BPM/VALENÇA"],"cprExato":true,"opmExata":true,"somenteReferencia":false},"geometry":{"type":"Polygon","coordinates":[[[-39.3457777,-13.538669],[-39.3503617,-13.5767489999999],[-39.3743165999999,-13.5824130999999],[-39.3752186999999,-13.5320568999999],[-39.3920646999999,-13.5409182],[-39.4077277,-13.5243138],[-39.4436297,-13.5103387999999],[-39.4690823999999,-13.5286543999999],[-39.4955112,-13.5315538999999],[-39.4957343,-13.5194827999999],[-39.5098126,-13.5156355999999],[-39.5126579999999,-13.5036201999999],[-39.5275708999999,-13.5142137999999],[-39.5394191999999,-13.5130149999999],[-39.5502423999999,-13.4952329999999],[-39.5754406,-13.5038799],[-39.5745469,-13.4873744999999],[-39.5467406,-13.4414798],[-39.4920806,-13.4153767],[-39.4831141999999,-13.3787379999999],[-39.4635534999999,-13.3666979],[-39.4462237,-13.3681486999999],[-39.4280987,-13.3455101],[-39.4278555999999,-13.330193],[-39.410772,-13.3270492],[-39.3862996,-13.3432579999999],[-39.3520662,-13.3380577999999],[-39.3613483999999,-13.3555180999999],[-39.3501853,-13.3688630999999],[-39.3003108,-13.3731572],[-39.2949197,-13.3804878999999],[-39.3122625999999,-13.3911912999999],[-39.3246399,-13.4392961],[-39.3056043999999,-13.4646946999999],[-39.3028598999999,-13.4853383999999],[-39.3457777,-13.538669]]]}},{"type":"Feature","id":"2909901","properties":{"codigoIbge":"2909901","municipio":"Curaçá","cpr":"CPR-N","cprs":["CPR-N"],"opm":"45ª CIPM/CURAÇA","opms":["45ª CIPM/CURAÇA"],"cprExato":true,"opmExata":true,"somenteReferencia":false},"geometry":{"type":"Polygon","coordinates":[[[-39.6689216,-9.72916859999998],[-39.6561897,-9.74055379999993],[-39.6628186,-9.75066299999997],[-39.7957646999999,-9.84381029999997],[-39.8232884999999,-9.82469729999997],[-39.8377727,-9.82834619999994],[-39.8823411,-9.74588729999994],[-39.9019352999999,-9.73518729999995],[-39.8886626,-9.66577539999997],[-39.8958603,-9.61309789999996],[-39.8677944999999,-9.52679529999995],[-39.8750257,-9.49926489999996],[-39.8645847999999,-9.46067709999994],[-39.8864083,-9.32980929999997],[-39.8797286,-9.26933189999994],[-39.8607625,-9.23036209999998],[-39.8668997999999,-9.20190759999997],[-39.8896376,-9.18968179999996],[-39.8941705999999,-9.16647089999998],[-39.9072975999999,-9.15730659999997],[-39.9016085,-9.13047649999993],[-39.9118703,-9.11269759999993],[-39.9694003,-9.11995739999998],[-39.9857716,-9.07709009999996],[-39.9784476999999,-9.05486269999994],[-39.9554987,-9.04624799999993],[-39.8744285999999,-8.93673849999993],[-39.8794186,-8.90190859999996],[-39.9029381999999,-8.85874359999997],[-39.8929577,-8.82879399999996],[-39.8227319,-8.81351579999995],[-39.7887962,-8.81910959999993],[-39.7477853,-8.79404099999994],[-39.6931964,-8.79867569999993],[-39.6717136,-8.77758149999994],[-39.6911317,-8.66231289999996],[-39.6066453999999,-8.65597539999993],[-39.5186123,-8.60391109999995],[-39.4761113,-8.59279319999996],[-39.4521096,-8.56319909999996],[-39.4354903999999,-8.56330179999998],[-39.4160408,-8.54212789999997],[-39.3737194999999,-8.53409249999993],[-39.3567859999999,-8.54745899999995],[-39.373572,-8.56327139999996],[-39.4915769,-8.83585589999996],[-39.4684680999999,-8.97620279999995],[-39.4081684999999,-9.13314429999997],[-39.3512428999999,-9.15725119999996],[-39.3629038,-9.17832869999995],[-39.3603917999999,-9.21011389999995],[-39.3726412999999,-9.22508589999995],[-39.3573792999999,-9.28740299999993],[-39.3677314,-9.31053989999998],[-39.3958277999999,-9.32885979999998],[-39.3922876,-9.33811099999997],[-39.4081429,-9.36006999999995],[-39.4043138,-9.44510089999994],[-39.4108224999999,-9.45678349999997],[-39.4356852999999,-9.45763809999994],[-39.4465918,-9.50036019999993],[-39.4283301,-9.53381099999996],[-39.4119562999999,-9.54340539999993],[-39.4076666999999,-9.57798979999995],[-39.386383,-9.57810189999998],[-39.3595759,-9.61568899999997],[-39.6000655,-9.69964459999994],[-39.6441020999999,-9.70682859999994],[-39.6689216,-9.72916859999998]]]}},{"type":"Feature","id":"2910008","properties":{"codigoIbge":"2910008","municipio":"Dário Meira","cpr":"CPR-MRC","cprs":["CPR-MRC"],"opm":"55ª CIPM/IPIAÚ","opms":["55ª CIPM/IPIAÚ"],"cprExato":true,"opmExata":true,"somenteReferencia":false},"geometry":{"type":"Polygon","coordinates":[[[-40.0497417,-14.5270351],[-40.0549655999999,-14.5386746999999],[-40.0752625,-14.5382858999999],[-40.0882364999999,-14.5338333],[-40.0969827,-14.5156843],[-40.081495,-14.4869993],[-40.05952,-14.4862907999999],[-40.0509924,-14.4409578999999],[-40.0374567,-14.4379259999999],[-40.0449173,-14.4189218999999],[-40.0357094999999,-14.3914344],[-40.0675800999999,-14.3776200999999],[-40.0614866,-14.3598317],[-40.0709616,-14.349012],[-40.0693464,-14.3149885999999],[-40.0981234999999,-14.3035336],[-40.1038154,-14.278876],[-40.0976527,-14.2669306],[-40.0989617,-14.2771554],[-40.0907496,-14.2790176999999],[-40.0683184,-14.2434981],[-40.0504046,-14.2863859999999],[-40.0339408999999,-14.280796],[-40.0141530999999,-14.2887651999999],[-40.0054656999999,-14.2661792],[-39.9823261,-14.321681],[-39.9483321,-14.3629478],[-39.9068268,-14.3645071],[-39.8912754999999,-14.3803103],[-39.8652403,-14.387535],[-39.8497849,-14.3748424999999],[-39.8224446,-14.3863066],[-39.8329163999999,-14.3952494],[-39.8296177,-14.4323469],[-39.8373951999999,-14.4432977],[-39.8453456999999,-14.4361663999999],[-39.8574619999999,-14.4515828999999],[-39.8726761,-14.4329109999999],[-39.9008301,-14.4349379999999],[-39.9189971,-14.4684396],[-39.9440102,-14.4795548],[-39.9545552,-14.466832],[-40.0105245,-14.5314576],[-40.0329677999999,-14.5381399],[-40.0497417,-14.5270351]]]}},{"type":"Feature","id":"2925709","properties":{"codigoIbge":"2925709","municipio":"Presidente Jânio Quadros","cpr":"CPR-SO","cprs":["CPR-SO"],"opm":"24 BPM/BRUMADO","opms":["24 BPM/BRUMADO"],"cprExato":true,"opmExata":true,"somenteReferencia":false},"geometry":{"type":"Polygon","coordinates":[[[-41.5689581,-14.8505297],[-41.6039362,-14.8737945],[-41.6189355999999,-14.8637168],[-41.6294634,-14.8681544],[-41.6249854,-14.8923435999999],[-41.6360953,-14.9033307],[-41.6499669999999,-14.8994984999999],[-41.6414142,-14.9174707999999],[-41.6895883,-14.9134988],[-41.6936021999999,-14.89631],[-41.7195894,-14.8941558],[-41.7188462999999,-14.8770453999999],[-41.7349275999999,-14.8768641],[-41.7414105,-14.8669803],[-41.7640622,-14.8698110999999],[-41.7687261,-14.8832768],[-41.7956591,-14.8784148999999],[-41.7931465,-14.8685637],[-41.8064065999999,-14.8707846],[-41.8289748999999,-14.7938973],[-41.8683956,-14.7793214],[-41.8763073,-14.7613565],[-41.8962126,-14.7518835],[-41.9070618,-14.7300519999999],[-41.8890746,-14.7115734],[-41.8945044,-14.7050272999999],[-41.8874044,-14.6951407],[-41.8762920999999,-14.6920891999999],[-41.8451319,-14.5761193],[-41.8605373,-14.5814933],[-41.8746508999999,-14.5646029],[-41.8622776999999,-14.5594871],[-41.8540685,-14.5343837],[-41.8061377999999,-14.5300045],[-41.7996242999999,-14.5028162999999],[-41.8183549,-14.4867666],[-41.7949886,-14.4689207],[-41.6765106999999,-14.4774107],[-41.6376248,-14.5091998999999],[-41.6525672,-14.5151139999999],[-41.6647700999999,-14.5449446],[-41.6551782999999,-14.5780675],[-41.6100238999999,-14.6099143],[-41.5850869,-14.7288561999999],[-41.5651432,-14.7859617],[-41.5527169,-14.7893635],[-41.5460295999999,-14.8144164],[-41.5676862,-14.8339432999999],[-41.5689581,-14.8505297]]]}},{"type":"Feature","id":"2901809","properties":{"codigoIbge":"2901809","municipio":"Antônio Gonçalves","cpr":"CPR-N","cprs":["CPR-N"],"opm":"54ª CIPM/CAMPO FORMOSO","opms":["54ª CIPM/CAMPO FORMOSO"],"cprExato":true,"opmExata":true,"somenteReferencia":false},"geometry":{"type":"Polygon","coordinates":[[[-40.4779844999999,-10.6902719],[-40.4900552999999,-10.6883903],[-40.5071507,-10.7130018],[-40.5491562999999,-10.6996012],[-40.5464019,-10.6623200999999],[-40.4583908,-10.5784568999999],[-40.3849360999999,-10.5453492],[-40.2850654,-10.5248126],[-40.2705447,-10.5005874999999],[-40.2705549,-10.5114536999999],[-40.2485063,-10.5133815],[-40.1607559,-10.6174126],[-40.1777982,-10.6288678999999],[-40.1839656,-10.6525829],[-40.2209005999999,-10.6109635999999],[-40.2562219,-10.6085995999999],[-40.2809078999999,-10.6214517999999],[-40.3134937999999,-10.6026896],[-40.3308549,-10.6062798999999],[-40.3627949999999,-10.5893697999999],[-40.3941756,-10.5900227999999],[-40.4023225,-10.6292611],[-40.3894531,-10.6344812],[-40.3949577,-10.6506386999999],[-40.4619941,-10.6728869999999],[-40.4779844999999,-10.6902719]]]}},{"type":"Feature","id":"2909802","properties":{"codigoIbge":"2909802","municipio":"Cruz das Almas","cpr":"CPR-R","cprs":["CPR-R"],"opm":"27ª CIPM/CRUZ DAS ALMAS","opms":["27ª CIPM/CRUZ DAS ALMAS"],"cprExato":true,"opmExata":true,"somenteReferencia":false},"geometry":{"type":"Polygon","coordinates":[[[-39.1459500999999,-12.7382732],[-39.1408233,-12.7243164999999],[-39.2106411,-12.6452978],[-39.1768064999999,-12.62977],[-39.1392951,-12.6443576999999],[-39.1140291999999,-12.6379075999999],[-39.0849347,-12.6444475],[-39.0706686,-12.6544984],[-39.0443177999999,-12.6490598],[-39.0534479999999,-12.6893066],[-39.0484465,-12.7181717],[-39.0576351999999,-12.7300936],[-39.1459500999999,-12.7382732]]]}},{"type":"Feature","id":"2901601","properties":{"codigoIbge":"2901601","municipio":"Antas","cpr":"CPR-NE","cprs":["CPR-NE"],"opm":"20 BPM/PAULO AFONSO","opms":["20 BPM/PAULO AFONSO"],"cprExato":true,"opmExata":true,"somenteReferencia":false},"geometry":{"type":"Polygon","coordinates":[[[-38.2435407999999,-10.3905210999999],[-38.1497989,-10.4572836999999],[-38.1870532999999,-10.4815776],[-38.2065840999999,-10.4695538],[-38.2203992,-10.4765920999999],[-38.2488978,-10.4594832],[-38.2902225999999,-10.4769987],[-38.4137484,-10.4667176],[-38.4036086,-10.4207855999999],[-38.3807563999999,-10.4105643],[-38.3445900999999,-10.3702329],[-38.3565366999999,-10.3269898],[-38.3841209999999,-10.2790229],[-38.3445404,-10.2658168999999],[-38.3101227999999,-10.2804730999999],[-38.3113063,-10.3044345],[-38.2739529,-10.3013839],[-38.257131,-10.3240635999999],[-38.2637210999999,-10.3472975],[-38.2435407999999,-10.3905210999999]]]}},{"type":"Feature","id":"2926103","properties":{"codigoIbge":"2926103","municipio":"Retirolândia","cpr":"CPR-NE","cprs":["CPR-NE"],"opm":"16 BPM/SERRINHA","opms":["16 BPM/SERRINHA"],"cprExato":true,"opmExata":true,"somenteReferencia":false},"geometry":{"type":"Polygon","coordinates":[[[-39.3464997999999,-11.506406],[-39.4307709,-11.5824170999999],[-39.4864087,-11.6012003],[-39.509428285,-11.576811505],[-39.5361579849999,-11.5696715],[-39.4772025999999,-11.4849639],[-39.4895466,-11.4762236999999],[-39.3994466,-11.4569996999999],[-39.2852295,-11.3746608],[-39.3464997999999,-11.506406]]]}},{"type":"Feature","id":"2901700","properties":{"codigoIbge":"2901700","municipio":"Antônio Cardoso","cpr":"CPR-L","cprs":["CPR-L"],"opm":"57ª CIPM/SANTO ESTEVÃO","opms":["57ª CIPM/SANTO ESTEVÃO"],"cprExato":true,"opmExata":true,"somenteReferencia":false},"geometry":{"type":"Polygon","coordinates":[[[-39.0802002999999,-12.3790716],[-39.0663256,-12.4065818999999],[-39.0530527999999,-12.4101267],[-39.0616687,-12.4230664999999],[-39.0504591,-12.443705],[-39.0683865999999,-12.4543441],[-39.0885102999999,-12.4957272999999],[-39.1271793,-12.4982737999999],[-39.1472216999999,-12.4838708999999],[-39.1621299,-12.4297250999999],[-39.1755984,-12.4270941999999],[-39.1947134,-12.3877103],[-39.2174029999999,-12.3965074],[-39.2398560999999,-12.3704263],[-39.2420777999999,-12.2983922999999],[-39.2370304,-12.2898296999999],[-39.1997416,-12.2952347],[-39.1480385999999,-12.2705841],[-39.1219695,-12.3074387999999],[-39.1101206,-12.3455038],[-39.0918937,-12.3576156],[-39.0709825,-12.3578625],[-39.0702507,-12.3731448],[-39.0802002999999,-12.3790716]]]}},{"type":"Feature","id":"2925956","properties":{"codigoIbge":"2925956","municipio":"Rafael Jambeiro","cpr":"CPR-CH","cprs":["CPR-CH"],"opm":"11 BPM/ITABERABA","opms":["11 BPM/ITABERABA"],"cprExato":true,"opmExata":true,"somenteReferencia":false},"geometry":{"type":"Polygon","coordinates":[[[-39.3184911,-12.5470615999999],[-39.4146886999999,-12.615509],[-39.4368913,-12.6155562],[-39.5314739,-12.5848394999999],[-39.5610942,-12.5514785999999],[-39.5789602999999,-12.551588],[-39.6195410999999,-12.5981298999999],[-39.6494645999999,-12.5606003],[-39.7337742999999,-12.5526598],[-39.7473423,-12.5639153],[-39.7635938,-12.5482752],[-39.7903729,-12.5593150999999],[-39.8045536,-12.5361283999999],[-39.8274501999999,-12.534368],[-39.8519681,-12.5127067999999],[-39.8984551,-12.5241268],[-39.9152854,-12.5083562],[-39.7814220999999,-12.4250911999999],[-39.7705754999999,-12.4303025],[-39.7389517,-12.4100468999999],[-39.62649541,-12.4039181049999],[-39.627289995,-12.39366209],[-39.537316,-12.341078],[-39.5066510999999,-12.333503],[-39.4629687999999,-12.3462084],[-39.4309625999999,-12.3282047],[-39.4216094,-12.3459829],[-39.3906790999999,-12.3561417],[-39.3959328999999,-12.372464],[-39.3861841,-12.3744412],[-39.394313,-12.3866068],[-39.3748247999999,-12.3966531],[-39.3825118999999,-12.4047765],[-39.3801898,-12.4332216],[-39.3723636999999,-12.4346947],[-39.3889197,-12.4598642],[-39.3787556999999,-12.461377],[-39.3868072999999,-12.4694011],[-39.3808134,-12.4866888],[-39.3938322999999,-12.5046771999999],[-39.3828978,-12.5073171999999],[-39.3634802999999,-12.5422922],[-39.3445096999999,-12.53032],[-39.3215415,-12.5413589],[-39.3184911,-12.5470615999999]]]}},{"type":"Feature","id":"2925931","properties":{"codigoIbge":"2925931","municipio":"Quixabeira","cpr":"CPR-CH","cprs":["CPR-CH"],"opm":"91ª CIPM/CAPIM GROSSO","opms":["91ª CIPM/CAPIM GROSSO"],"cprExato":true,"opmExata":true,"somenteReferencia":false},"geometry":{"type":"Polygon","coordinates":[[[-40.0702039999999,-11.4342197],[-40.08537782,-11.5041131099999],[-40.0761204,-11.524309],[-40.0843609099999,-11.5370857199999],[-40.1071709999999,-11.5389949899999],[-40.1075158899999,-11.5290647899999],[-40.1322165299999,-11.5151678199999],[-40.14853241,-11.5250554899999],[-40.1641749199999,-11.51478063],[-40.16809841,-11.52279841],[-40.176368705,-11.51937729],[-40.1977614099999,-11.4942045029999],[-40.1891737,-11.4294376],[-40.2011765,-11.4173908999999],[-40.2045305,-11.3826832999999],[-40.1881979,-11.3389809999999],[-40.1652185999999,-11.3361211],[-40.1584518999999,-11.3250451],[-40.1085062,-11.3034031],[-40.0943268,-11.2647754999999],[-40.0706059999999,-11.2344406],[-40.0283226,-11.2225854],[-40.0325321,-11.2399564999999],[-40.0256658,-11.2409029999999],[-40.0222082,-11.2758712999999],[-40.0345197,-11.2804250999999],[-40.0483872,-11.3423498999999],[-40.0650735999999,-11.3425023999999],[-40.0753511,-11.3547912],[-40.0702039999999,-11.4342197]]]}},{"type":"Feature","id":"2925907","properties":{"codigoIbge":"2925907","municipio":"Quijingue","cpr":"CPR-NE","cprs":["CPR-NE"],"opm":"5 BPM/EUCLIDES DA CUNHA","opms":["5 BPM/EUCLIDES DA CUNHA"],"cprExato":true,"opmExata":true,"somenteReferencia":false},"geometry":{"type":"Polygon","coordinates":[[[-38.9649429,-10.8388179],[-39.1151530999999,-11.0181296],[-39.1602123,-11.009746],[-39.1691534,-11.0196879],[-39.2108421999999,-10.9983614],[-39.2134306,-10.9711568999999],[-39.2329005,-10.9533820999999],[-39.2407449,-10.9261382],[-39.2361796,-10.9068943999999],[-39.2165138999999,-10.9126582],[-39.2652156999999,-10.6965847],[-39.2714640999999,-10.6968555999999],[-39.2592802,-10.6778231],[-39.0384111,-10.6307891],[-39.0131655,-10.6471142],[-38.9501296999999,-10.6546377],[-38.9387179999999,-10.6233968999999],[-38.7794969999999,-10.6044502],[-38.7747385,-10.6255341999999],[-38.7866544,-10.6340077999999],[-38.7774327999999,-10.6454752],[-38.7493883,-10.6390244999999],[-38.7412437999999,-10.6449254999999],[-38.7333087,-10.7177374],[-38.7704772,-10.7483146],[-38.7871107,-10.718128],[-38.8044551,-10.7300787999999],[-38.8443664,-10.7322409],[-38.8797812999999,-10.745983],[-38.9126769,-10.7786235],[-38.9385816999999,-10.7733496999999],[-38.9737507,-10.786311],[-38.9605548,-10.8129838999999],[-38.9649429,-10.8388179]]]}},{"type":"Feature","id":"2910206","properties":{"codigoIbge":"2910206","municipio":"Dom Macedo Costa","cpr":"CPR-R","cprs":["CPR-R"],"opm":"14 BPM/SANTO ANTÔNIO DE JESUS","opms":["14 BPM/SANTO ANTÔNIO DE JESUS"],"cprExato":true,"opmExata":true,"somenteReferencia":false},"geometry":{"type":"Polygon","coordinates":[[[-39.1365478,-12.9171448],[-39.1235722,-12.9401114],[-39.1242617999999,-12.9661669],[-39.1547143,-12.9663171999999],[-39.1784446,-12.9467273],[-39.222954,-12.9406064],[-39.2288654,-12.9135965999999],[-39.2160435,-12.9072659],[-39.2169972,-12.8649136],[-39.2021915,-12.8751128],[-39.1850224999999,-12.873061],[-39.1618402,-12.8489716999999],[-39.1310779,-12.8847521],[-39.1365478,-12.9171448]]]}},{"type":"Feature","id":"2902005","properties":{"codigoIbge":"2902005","municipio":"Aracatu","cpr":"CPR-SO","cprs":["CPR-SO"],"opm":"24 BPM/BRUMADO","opms":["24 BPM/BRUMADO"],"cprExato":true,"opmExata":true,"somenteReferencia":false},"geometry":{"type":"Polygon","coordinates":[[[-41.2953773,-14.2789979],[-41.0776544999999,-14.3799811],[-41.0678809,-14.3987238],[-41.0957718999999,-14.4487050999999],[-41.1065282,-14.4504598],[-41.1120506999999,-14.4382285999999],[-41.1380447,-14.4544390999999],[-41.1374125,-14.4632885],[-41.1231971999999,-14.4672638],[-41.1309838,-14.4722763],[-41.1291275999999,-14.4887461],[-41.1549221999999,-14.4970923999999],[-41.1603325,-14.4808575],[-41.1833075,-14.4802946],[-41.1838777,-14.4971394],[-41.1961386,-14.491318],[-41.2107722,-14.5004888],[-41.2010179,-14.5115286999999],[-41.2054128,-14.5202747],[-41.2190984,-14.5143203],[-41.2406321,-14.5204232999999],[-41.2477618,-14.5152752999999],[-41.2381379,-14.4975185],[-41.2556524,-14.4871108999999],[-41.2977508,-14.5131464],[-41.3296503,-14.5027097999999],[-41.3595,-14.5333534],[-41.3824092,-14.5305213],[-41.3997057999999,-14.5585422999999],[-41.6376248,-14.5091998999999],[-41.5318318,-14.498456],[-41.5366486999999,-14.4882661999999],[-41.557813,-14.4841595],[-41.5625927,-14.4588103],[-41.550742,-14.4280760999999],[-41.5690377,-14.3866287],[-41.5609635,-14.3595951999999],[-41.5662316999999,-14.334801],[-41.5560846,-14.3204537999999],[-41.5713167,-14.3083078999999],[-41.5507795,-14.2669779],[-41.5673288,-14.2528005],[-41.5373028999999,-14.2379864],[-41.5308342,-14.1980902],[-41.5127439999999,-14.1712424999999],[-41.4964906,-14.1762505999999],[-41.4980616,-14.1596595999999],[-41.4882924,-14.1610747999999],[-41.4928482,-14.1479656],[-41.470423,-14.1481712],[-41.4271623999999,-14.1094749],[-41.3833961999999,-14.1005881999999],[-41.3884775,-14.1185065999999],[-41.3680439,-14.1322964999999],[-41.4025288,-14.2611241],[-41.2953773,-14.2789979]]]}},{"type":"Feature","id":"2926004","properties":{"codigoIbge":"2926004","municipio":"Remanso","cpr":"CPR-N","cprs":["CPR-N"],"opm":"25ª CIPM/CASA NOVA","opms":["25ª CIPM/CASA NOVA"],"cprExato":true,"opmExata":true,"somenteReferencia":false},"geometry":{"type":"Polygon","coordinates":[[[-41.8550058,-9.24046009999995],[-41.9031447,-9.70435049999998],[-41.9232086,-9.69149989999994],[-41.9634604999999,-9.68736739999997],[-41.9923649999999,-9.66645749999998],[-42.0445134,-9.67314089999996],[-42.0800047,-9.73110669999994],[-42.0768199,-9.81158069999998],[-42.0952988,-9.82948229999994],[-42.1191578999999,-9.88809359999993],[-42.1494243,-9.91122889999997],[-42.1676611,-9.94772959999995],[-42.2057559,-9.98068159999997],[-42.2264969999999,-10.028894],[-42.3537631999999,-9.91079709999997],[-42.3930837,-9.91401619999993],[-42.4047452099999,-9.89532290999995],[-42.43168459,-9.88921099499993],[-42.43901561,-9.87640410499995],[-42.4761842999999,-9.87677798499993],[-42.5068550999999,-9.85849550999995],[-42.5233156099999,-9.81226892999996],[-42.61773088,-9.72205851999996],[-42.6637990799999,-9.73888641999997],[-42.66374927,-9.71471317999993],[-42.68545691,-9.65948648999995],[-42.69984849,-9.64595759999997],[-42.7180228,-9.65245940699998],[-42.719614,-9.64482639999994],[-42.7160683,-9.61678519999998],[-42.7066477,-9.61263309999993],[-42.7101749999999,-9.58576869999996],[-42.6884262999999,-9.56334599999997],[-42.6900929999999,-9.54590849999994],[-42.6217205999999,-9.54133749999994],[-42.5864824999999,-9.49677438999993],[-42.52227241,-9.50302699499997],[-42.4930917999999,-9.49490039999995],[-42.4890688999999,-9.46203718999993],[-42.4405842049999,-9.45617118499996],[-42.4229865999999,-9.41369299999997],[-42.3595245999999,-9.37761319999993],[-42.357049,-9.35256449999997],[-42.3258774,-9.33341149999995],[-42.3160766,-9.31661229999997],[-42.2689126999999,-9.31044679999997],[-42.2307412,-9.28343149999995],[-42.2064354,-9.29278149999993],[-42.1012724999999,-9.28157149999993],[-42.0665857,-9.25598599999995],[-42.0246776,-9.24975969999997],[-41.9999053,-9.26597219999996],[-41.9722662,-9.24863809999994],[-41.9179331,-9.27846619999997],[-41.9046805,-9.25960439999994],[-41.8633761,-9.23664999999994],[-41.8550058,-9.24046009999995]]]}},{"type":"Feature","id":"2933505","properties":{"codigoIbge":"2933505","municipio":"Wenceslau Guimarães","cpr":"CPR-R","cprs":["CPR-R"],"opm":"60ª CIPM/GANDU","opms":["60ª CIPM/GANDU"],"cprExato":true,"opmExata":true,"somenteReferencia":false},"geometry":{"type":"Polygon","coordinates":[[[-39.4287978999999,-13.6515206999999],[-39.4467734,-13.6894933999999],[-39.4397736,-13.7244744],[-39.4804654,-13.7108904999999],[-39.5537702999999,-13.7271024999999],[-39.5978401,-13.7193672999999],[-39.6092561999999,-13.7027641],[-39.6437976999999,-13.6912199],[-39.6511666,-13.697151],[-39.6506529,-13.6885644999999],[-39.6781491,-13.7122790999999],[-39.6965021999999,-13.7146405999999],[-39.6937167,-13.7215760999999],[-39.7118416,-13.7346946],[-39.7253726,-13.7358586],[-39.7650447999999,-13.6458506],[-39.7583954,-13.6367038],[-39.7804144,-13.6107431999999],[-39.7769385999999,-13.5991854],[-39.7936539,-13.5924896],[-39.7927711,-13.5792767],[-39.8135796,-13.5635698],[-39.7846178999999,-13.5250938999999],[-39.7483033999999,-13.5044897],[-39.7268180999999,-13.5030556],[-39.706605,-13.5200477],[-39.6952338999999,-13.5125116999999],[-39.6498257,-13.5501983999999],[-39.4995001999999,-13.5858016],[-39.4973069,-13.6013970999999],[-39.4719459999999,-13.6154579],[-39.4280618999999,-13.5939774],[-39.3927629999999,-13.6229557999999],[-39.3988141999999,-13.6424102],[-39.3913808999999,-13.6457649999999],[-39.3992339,-13.6484568],[-39.3939621,-13.6547684999999],[-39.4287978999999,-13.6515206999999]]]}},{"type":"Feature","id":"2925303","properties":{"codigoIbge":"2925303","municipio":"Porto Seguro","cpr":"CPR-ES","cprs":["CPR-ES"],"opm":"8 BPM/PORTO SEGURO","opms":["8 BPM/PORTO SEGURO"],"cprExato":true,"opmExata":true,"somenteReferencia":false},"geometry":{"type":"Polygon","coordinates":[[[-39.4653496,-16.9175084],[-39.4901106,-16.9276242],[-39.4852071,-16.9191152],[-39.5052537,-16.9022894999999],[-39.4921777,-16.8880116999999],[-39.5074571,-16.8752724999999],[-39.4787087999999,-16.8289859],[-39.4859779999999,-16.7980342999999],[-39.4695258,-16.7619769],[-39.4261395,-16.7446629999999],[-39.3560583999999,-16.7833724],[-39.3374026,-16.7845346999999],[-39.3751956999999,-16.7205809],[-39.3933051999999,-16.7114172],[-39.4448674,-16.6379562],[-39.4829151,-16.6106619],[-39.4768457,-16.5826077999999],[-39.4553749999999,-16.5807349],[-39.4187484,-16.5577016999999],[-39.5190949999999,-16.4953401],[-39.505121,-16.4440308],[-39.4828563999999,-16.4073577999999],[-39.4391527,-16.3838155],[-39.3478481,-16.3884485],[-39.2845186,-16.3720418999999],[-39.2398549,-16.3738078],[-39.1919761,-16.3963132],[-39.184592,-16.3839621999999],[-39.1662342,-16.387649],[-39.1144327,-16.3621087],[-39.0087566,-16.345748],[-39.0089455,-16.3753781999999],[-39.0336778,-16.3873601],[-39.0617288,-16.4340665],[-39.0616975,-16.4724679999999],[-39.0852328,-16.5473059],[-39.1040118,-16.6990180999999],[-39.1409722999999,-16.7574764999999],[-39.1422387,-16.8670906999999],[-39.1176336,-16.8934153],[-39.1401485,-16.8947097],[-39.1403154999999,-16.9098286],[-39.1662378,-16.9287624999999],[-39.1852799,-16.9189001999999],[-39.2396272,-16.9182787999999],[-39.2924963,-16.8880179999999],[-39.4025232,-16.9155373],[-39.4398502999999,-16.905743],[-39.4441171999999,-16.8906112999999],[-39.4653496,-16.9175084]]]}},{"type":"Feature","id":"2902054","properties":{"codigoIbge":"2902054","municipio":"Araçás","cpr":"CPR-LN","cprs":["CPR-LN"],"opm":"4 BPM/ALAGOINHAS","opms":["4 BPM/ALAGOINHAS"],"cprExato":true,"opmExata":true,"somenteReferencia":false},"geometry":{"type":"Polygon","coordinates":[[[-38.1196889,-12.2477790999999],[-38.2730622999999,-12.2783676],[-38.3100813999999,-12.2488135999999],[-38.3337625999999,-12.2456210999999],[-38.3555499999999,-12.2302369999999],[-38.3230363,-12.2221562999999],[-38.3210149,-12.1737598],[-38.3045739,-12.1303837999999],[-38.2774256,-12.1280002999999],[-38.2828365,-12.0395277],[-38.2513266,-12.0336884999999],[-38.237604,-12.0140264],[-38.2018593,-12.0123197999999],[-38.2108426,-12.0678813],[-38.1992279999999,-12.1103545],[-38.1467034,-12.1246586],[-38.1379853999999,-12.1432768999999],[-38.1025207,-12.1414033],[-38.0796399,-12.1595930999999],[-38.076611,-12.1821117],[-38.0659510999999,-12.1862614999999],[-38.0802022,-12.208744],[-38.0765777999999,-12.2390583],[-38.1109731999999,-12.2358222999999],[-38.1196889,-12.2477790999999]]]}},{"type":"Feature","id":"2933455","properties":{"codigoIbge":"2933455","municipio":"Wanderley","cpr":"CPR-O","cprs":["CPR-O"],"opm":"84ª CIPM/BARREIRAS","opms":["84ª CIPM/BARREIRAS"],"cprExato":true,"opmExata":true,"somenteReferencia":false},"geometry":{"type":"Polygon","coordinates":[[[-43.8665844,-12.1586687],[-43.9094104,-12.2028735],[-43.9031878,-12.2129413],[-43.9289047999999,-12.2431642],[-43.9354471,-12.2323648],[-43.9564617,-12.2390758999999],[-43.9743956,-12.2293008],[-43.9651095,-12.1824695999999],[-43.9895756,-12.189894],[-43.987386,-12.1744034999999],[-44.0103535,-12.1711108],[-44.0439186,-12.1821717999999],[-44.0518092999999,-12.1593822],[-44.0804525999999,-12.1566850999999],[-44.0800808,-12.1271149],[-44.055663,-12.1066605],[-44.0464181,-12.0782242999999],[-44.0845639,-12.0607542],[-44.1040396999999,-12.0614074],[-44.1119515,-12.0325402999999],[-44.0723929,-12.018275],[-44.0502731,-11.9930305999999],[-44.0484519,-11.9591629999999],[-44.0137827,-11.8979505],[-44.0088962,-11.8743775],[-44.0163383999999,-11.8442901],[-44.0072835,-11.8122435],[-44.0197755,-11.803486],[-44.0357754999999,-11.8110285999999],[-44.0502504999999,-11.7618333999999],[-44.0623368,-11.7653177],[-44.0860580999999,-11.7528301999999],[-44.1022571999999,-11.7587411],[-44.1185733,-11.7434061],[-44.1491071,-11.7367052],[-44.1562637,-11.7231859],[-44.149214,-11.7021045999999],[-44.1640704,-11.7061868],[-44.1551656999999,-11.6876918999999],[-44.1676651,-11.6872129999999],[-44.1706991999999,-11.6551119],[-44.1556821,-11.6099295999999],[-44.1370974,-11.5973279],[-44.1326908,-11.6078593999999],[-44.1194012,-11.5847494999999],[-44.1159191,-11.5966073999999],[-44.1074376,-11.5909485999999],[-44.107072,-11.6162434],[-44.0928517,-11.6146391999999],[-44.0826415999999,-11.5900391],[-44.0959508999999,-11.5821913999999],[-44.0864089999999,-11.5717723],[-44.0907625999999,-11.5646748],[-44.0823771999999,-11.5693099],[-44.0817077999999,-11.5590569],[-44.0386440999999,-11.5549235],[-44.0292492,-11.5277176],[-44.0356970999999,-11.5080843],[-44.0255819,-11.4996293],[-43.9901555,-11.5072698],[-43.9867831999999,-11.4785709999999],[-43.9528874,-11.4528018],[-43.9570029,-11.4451558],[-43.9278561,-11.4381521],[-43.876407,-11.4487781999999],[-43.8680436999999,-11.4284544999999],[-43.8720946999999,-11.4004285999999],[-43.8420075999999,-11.3768861999999],[-43.8298859,-11.3489719999999],[-43.7627926,-11.6106368],[-43.6830042,-11.7829628],[-43.6589157,-11.8600354],[-43.7132723999999,-11.8749974999999],[-43.6925234999999,-11.9077515],[-43.7252042,-11.9444910999999],[-43.7392431,-11.9484171999999],[-43.7395999999999,-11.971379],[-43.7481635,-11.9704189],[-43.7606713,-12.0069273999999],[-43.7235517,-12.0160645999999],[-43.7317464,-12.0481346],[-43.7945010999999,-12.0903243999999],[-43.7976677,-12.1116158999999],[-43.8232088,-12.1219571999999],[-43.8152416999999,-12.1372127],[-43.8243697999999,-12.1505026999999],[-43.845793,-12.1647847999999],[-43.8665844,-12.1586687]]]}},{"type":"Feature","id":"2910057","properties":{"codigoIbge":"2910057","municipio":"Dias d'Ávila","cpr":"CPRMS","cprs":["CPRMS"],"opm":"36ª CIPM/DIAS D'ÁVILA","opms":["36ª CIPM/DIAS D'ÁVILA"],"cprExato":true,"opmExata":true,"somenteReferencia":false},"geometry":{"type":"Polygon","coordinates":[[[-38.3761575,-12.6765462],[-38.3995858,-12.6514632999999],[-38.3928397999999,-12.6073974],[-38.3717055,-12.5994522],[-38.3676055,-12.5854512],[-38.3870305,-12.5561614],[-38.4066771,-12.5526826],[-38.4081702999999,-12.5495041999999],[-38.3517502999999,-12.5366632],[-38.3422325,-12.5439258],[-38.3471886,-12.5736937],[-38.3205603,-12.5770348999999],[-38.2756087,-12.6117133],[-38.2523869999999,-12.5996235],[-38.2496197,-12.5757048999999],[-38.1950560999999,-12.5647321],[-38.1782398999999,-12.5411467],[-38.1589104,-12.5546267999999],[-38.1609524,-12.5678991999999],[-38.1380627,-12.5770479],[-38.1318563999999,-12.6024920999999],[-38.1766296,-12.5972563999999],[-38.1821297,-12.6170364999999],[-38.2251426,-12.6466098],[-38.2591386,-12.6330394999999],[-38.2870113,-12.6350608],[-38.3080444,-12.6187050999999],[-38.3387271,-12.6307978],[-38.3398458999999,-12.6447380999999],[-38.3499095999999,-12.6387238],[-38.3761575,-12.6765462]]]}},{"type":"Feature","id":"2901957","properties":{"codigoIbge":"2901957","municipio":"Apuarema","cpr":"CPR-MRC","cprs":["CPR-MRC"],"opm":"19 BPM/JEQUIÉ","opms":["19 BPM/JEQUIÉ"],"cprExato":true,"opmExata":true,"somenteReferencia":false},"geometry":{"type":"Polygon","coordinates":[[[-39.7577477,-13.8848485999999],[-39.7486723,-13.8641229999999],[-39.7640013,-13.8583197],[-39.7758977,-13.8661635],[-39.7842274999999,-13.8516867],[-39.7659738,-13.8336042],[-39.7683607,-13.8242063],[-39.7825202,-13.8153816999999],[-39.7889034999999,-13.8269316],[-39.8129213,-13.8032061],[-39.813125,-13.7648459],[-39.8258142999999,-13.7477759],[-39.8464306,-13.7452360999999],[-39.8507342,-13.7111222999999],[-39.8419913,-13.7268291999999],[-39.7818295,-13.7463819999999],[-39.7699464,-13.7852280999999],[-39.7276175,-13.7706931],[-39.7129098,-13.7886007999999],[-39.6971126999999,-13.7880772],[-39.6881486,-13.8216064],[-39.7009454999999,-13.8354611999999],[-39.7037587999999,-13.8608771999999],[-39.6803838,-13.8707494999999],[-39.6822508,-13.8824810999999],[-39.7100513999999,-13.8994299],[-39.7050487,-13.9095454],[-39.7342383,-13.9058901999999],[-39.741023,-13.9126575999999],[-39.7469184999999,-13.9021536999999],[-39.740713,-13.8933800999999],[-39.7577477,-13.8848485999999]]]}},{"type":"Feature","id":"2910107","properties":{"codigoIbge":"2910107","municipio":"Dom Basílio","cpr":"CPR-SO","cprs":["CPR-SO"],"opm":"46ª CIPM/LIVRAMENTO DE NOSSA SRA","opms":["46ª CIPM/LIVRAMENTO DE NOSSA SRA"],"cprExato":true,"opmExata":true,"somenteReferencia":false},"geometry":{"type":"Polygon","coordinates":[[[-41.5591635,-13.9443052999999],[-41.6604394999999,-14.0010437],[-41.7176284,-13.9774452],[-41.7678711,-13.9878024999999],[-41.7824153999999,-13.9506665],[-41.8239526999999,-13.9031092999999],[-41.8115476,-13.8704228999999],[-41.8324590999999,-13.8617662999999],[-41.8365082,-13.8739639999999],[-41.8553732999999,-13.8504667999999],[-41.8506958999999,-13.8268871],[-41.8638228999999,-13.8230273],[-41.8439954999999,-13.7970005],[-41.8444787,-13.7644735],[-41.8237561999999,-13.7548965],[-41.8181688,-13.7614702],[-41.7847899999999,-13.7601943],[-41.7904490999999,-13.7508491999999],[-41.7763050999999,-13.7237302],[-41.7500826,-13.6994768],[-41.7494065,-13.6613134999999],[-41.711398,-13.6854923],[-41.6961314,-13.7127318999999],[-41.6868610999999,-13.7142362],[-41.6889987,-13.7382641],[-41.6568561999999,-13.7591762],[-41.6395315999999,-13.7957527999999],[-41.5774638999999,-13.8675294],[-41.5591635,-13.9443052999999]]]}},{"type":"Feature","id":"2901908","properties":{"codigoIbge":"2901908","municipio":"Aporá","cpr":"CPR-LN","cprs":["CPR-LN"],"opm":"6ª CIPM/RIO REAL","opms":["6ª CIPM/RIO REAL"],"cprExato":true,"opmExata":true,"somenteReferencia":false},"geometry":{"type":"Polygon","coordinates":[[[-38.2002127,-11.7916311],[-38.1850848999999,-11.8375607999999],[-38.1951971999999,-11.8401392],[-38.1929486999999,-11.8918753999999],[-38.2541982,-11.8744773],[-38.2650321,-11.8816775],[-38.2749355999999,-11.8659324],[-38.2975494,-11.8724298],[-38.2938495,-11.8638053999999],[-38.3123802,-11.839683],[-38.2986821,-11.8340165999999],[-38.2822576999999,-11.8028426999999],[-38.2970622999999,-11.7700611],[-38.2764309,-11.7516026],[-38.2648776,-11.7097072],[-38.2794742,-11.6640502],[-38.3017082,-11.6358617],[-38.2740817,-11.6474289999999],[-38.2460129999999,-11.6255335999999],[-38.2235229,-11.6413188999999],[-38.1917301999999,-11.6340992999999],[-38.1767457,-11.6397438999999],[-38.1525617,-11.6340683999999],[-38.1490916,-11.6089483],[-38.0906241,-11.6188979],[-38.0818599,-11.6104104999999],[-38.0608819999999,-11.6282381999999],[-38.0490594,-11.649489],[-38.0523512999999,-11.661268],[-38.0664876,-11.6890802],[-38.1439771999999,-11.7642766],[-38.1431049999999,-11.8041580999999],[-38.1674869,-11.8033887],[-38.1807635,-11.7828261999999],[-38.2002127,-11.7916311]]]}},{"type":"Feature","id":"2925253","properties":{"codigoIbge":"2925253","municipio":"Ponto Novo","cpr":"CPR-N","cprs":["CPR-N"],"opm":"6 BPM/SENHOR DO BONFIM","opms":["6 BPM/SENHOR DO BONFIM"],"cprExato":true,"opmExata":true,"somenteReferencia":false},"geometry":{"type":"Polygon","coordinates":[[[-40.0938197,-11.0860193999999],[-40.0898781999999,-11.0796098],[-40.1420750999999,-11.0086752],[-40.2111193,-10.9658123999999],[-40.2476879,-10.9105681999999],[-40.2415032,-10.8471168],[-40.2304971999999,-10.8339351999999],[-40.2153456,-10.8375895],[-40.2033575999999,-10.8165048],[-40.1827759999999,-10.8262099],[-40.1904514,-10.8358023],[-40.1684069999999,-10.8574545],[-40.135666,-10.8597879],[-40.1230343,-10.842073],[-40.107627,-10.8422265],[-40.1018749999999,-10.8521939],[-40.0186128,-10.8683389999999],[-40.0250129999999,-10.8769002],[-40.0080887,-10.9166021999999],[-40.0245161,-10.9809159],[-39.9819059,-11.1511609999999],[-39.9902403,-11.1625551999999],[-40.0593547999999,-11.0955397],[-40.0938197,-11.0860193999999]]]}},{"type":"Feature","id":"2917607","properties":{"codigoIbge":"2917607","municipio":"Jaguaquara","cpr":"CPR-MRC","cprs":["CPR-MRC"],"opm":"19 BPM/JEQUIÉ","opms":["19 BPM/JEQUIÉ"],"cprExato":true,"opmExata":true,"somenteReferencia":false},"geometry":{"type":"Polygon","coordinates":[[[-39.7699464,-13.7852280999999],[-39.782121,-13.7461360999999],[-39.8474174,-13.7229852999999],[-39.8539911999999,-13.6551691],[-39.8870214,-13.6597705999999],[-39.9018285,-13.6968565],[-39.9180554,-13.6920603999999],[-39.9194565999999,-13.6801728],[-39.9413582,-13.6656791],[-39.9578223999999,-13.6730112],[-40.0044854,-13.6299994999999],[-40.0203562,-13.6408868999999],[-40.0399952999999,-13.6336992],[-40.0867565999999,-13.6398665999999],[-40.0973256,-13.6684837999999],[-40.1114342,-13.6376680999999],[-40.1102132999999,-13.5842028],[-40.1217674,-13.5267949999999],[-40.1057001,-13.523966],[-40.0716937,-13.4954966],[-40.0942464999999,-13.4307663],[-40.1201505,-13.4099729],[-40.150638,-13.3372335],[-40.0754578,-13.3336861],[-40.0618949,-13.3440366999999],[-40.0412478,-13.3069518999999],[-40.0354024,-13.32174],[-40.0147742,-13.3076574999999],[-39.9822045,-13.3257584999999],[-39.9816116,-13.3443925],[-39.9953174,-13.3645642999999],[-39.9870698999999,-13.4075169999999],[-40.005889,-13.4735006],[-39.9307795999999,-13.4960986999999],[-39.9244232,-13.5291958],[-39.8914968999999,-13.5280385],[-39.8881737999999,-13.5152239],[-39.8042998999999,-13.5667733999999],[-39.7922108,-13.5804568],[-39.7971755,-13.5883545],[-39.7769385999999,-13.5991854],[-39.7804144,-13.6107431999999],[-39.7583954,-13.6367038],[-39.7650447999999,-13.6458506],[-39.7275506,-13.7340149999999],[-39.7132791,-13.7366018],[-39.7418471999999,-13.7776572],[-39.7465033999999,-13.7721041999999],[-39.7699464,-13.7852280999999]]]}},{"type":"Feature","id":"2933406","properties":{"codigoIbge":"2933406","municipio":"Wagner","cpr":"CPR-CH","cprs":["CPR-CH"],"opm":"42ª CIPM/LENÇÓIS","opms":["42ª CIPM/LENÇÓIS"],"cprExato":true,"opmExata":true,"somenteReferencia":false},"geometry":{"type":"Polygon","coordinates":[[[-41.1633788,-12.3861434],[-41.1810563999999,-12.3866727999999],[-41.1779852999999,-12.371931],[-41.1995446,-12.3591714999999],[-41.2231851,-12.2813581999999],[-41.2490466,-12.2392791999999],[-41.275074,-12.148722],[-41.1208076,-12.1135085],[-41.0407933,-12.147657],[-41.0490687,-12.1816166999999],[-41.0407714999999,-12.2111487999999],[-41.0090001999999,-12.2489166999999],[-40.9834896,-12.2626081],[-41.0613529999999,-12.2653157],[-41.0627597,-12.2849376999999],[-41.1633788,-12.3861434]]]}},{"type":"Feature","id":"2925204","properties":{"codigoIbge":"2925204","municipio":"Pojuca","cpr":"CPRMS","cprs":["CPRMS"],"opm":"32ª CIPM/POJUCA","opms":["32ª CIPM/POJUCA"],"cprExato":true,"opmExata":true,"somenteReferencia":false},"geometry":{"type":"Polygon","coordinates":[[[-38.3223671,-12.4572861],[-38.3172741999999,-12.4348451],[-38.3374525,-12.4511448],[-38.3635791999999,-12.4469791],[-38.3890044,-12.4287176],[-38.3751336999999,-12.4086493],[-38.3899488,-12.4028577],[-38.3138537999999,-12.3375811999999],[-38.2827834,-12.3421536],[-38.2724019,-12.3219675999999],[-38.2764136,-12.2809205],[-38.1741532,-12.2611919999999],[-38.1612479999999,-12.2696526999999],[-38.1619724,-12.2816161],[-38.1388931,-12.2900776999999],[-38.1397246999999,-12.2990404],[-38.1582660999999,-12.3014942999999],[-38.1500710999999,-12.3068951999999],[-38.1629928999999,-12.3275489],[-38.1426028999999,-12.3720106],[-38.1798666,-12.4111174999999],[-38.1931463,-12.4029679],[-38.2290384,-12.4165083],[-38.2591343999999,-12.4152223],[-38.2878074,-12.44666],[-38.3223671,-12.4572861]]]}},{"type":"Feature","id":"2909406","properties":{"codigoIbge":"2909406","municipio":"Cotegipe","cpr":"CPR-O","cprs":["CPR-O"],"opm":"84ª CIPM/BARREIRAS","opms":["84ª CIPM/BARREIRAS"],"cprExato":true,"opmExata":true,"somenteReferencia":false},"geometry":{"type":"Polygon","coordinates":[[[-44.1652303,-12.0637182999999],[-44.1743771,-12.0908211999999],[-44.2513481,-12.1282199],[-44.2681861,-12.1200188],[-44.2734940999999,-12.1277171999999],[-44.2948127,-12.1265969999999],[-44.3002104,-12.1074136],[-44.3453962,-12.1027129],[-44.3485398,-12.0805447],[-44.6633098,-11.7476794],[-44.6580418999999,-11.7312547999999],[-44.6416136,-11.7294721],[-44.6487091,-11.7186341999999],[-44.6417819,-11.7092575999999],[-44.6615836999999,-11.6879301],[-44.6574131,-11.6784132],[-44.6853704,-11.6596087],[-44.6853752,-11.4078282999999],[-44.5550855,-11.4028395],[-44.5313345,-11.4187128],[-44.4976128,-11.3994504999999],[-44.4742356,-11.4069347],[-44.464238,-11.3883079999999],[-44.4369968,-11.3882978],[-44.4180416,-11.3633627],[-44.3916371999999,-11.3966164999999],[-44.391762,-11.4191529],[-44.3795618999999,-11.4155223999999],[-44.3713301999999,-11.4331151],[-44.3769212,-11.4432428],[-44.3514336,-11.4446391],[-44.3418698999999,-11.4650579999999],[-44.3434999999999,-11.4792826999999],[-44.3499995,-11.4781359999999],[-44.3385006999999,-11.4936357999999],[-44.3341176,-11.4828456999999],[-44.3212296999999,-11.4880138],[-44.3056192999999,-11.4781199],[-44.299115,-11.4853204],[-44.2896709999999,-11.4719535999999],[-44.2847940999999,-11.4821659999999],[-44.2768887999999,-11.4719373999999],[-44.2630541,-11.4783274],[-44.2512462,-11.4617413],[-44.2380274999999,-11.4716615],[-44.2258277999999,-11.4517847999999],[-44.2152475999999,-11.4692613999999],[-44.2082103,-11.4589539999999],[-44.1951753,-11.4603675],[-44.1933318,-11.4501463999999],[-44.1826763,-11.4566613],[-44.1744866999999,-11.4489452999999],[-44.1680570999999,-11.4570765999999],[-44.1481879,-11.430217],[-44.1190755,-11.4377838],[-44.1205833,-11.4188902],[-44.0906034,-11.4202488],[-44.0872654,-11.4274215999999],[-44.0801934,-11.4205952999999],[-44.0676804999999,-11.4399569999999],[-44.0513185,-11.4288834],[-44.0318890999999,-11.4444028],[-44.034894,-11.4222035999999],[-44.0198303999999,-11.4275638999999],[-44.0102725,-11.4111174],[-43.9948841999999,-11.4226591],[-43.988602,-11.4123890999999],[-44.0002471,-11.3972914],[-43.9736042,-11.3980023],[-43.9859566,-11.3812096],[-43.9554294,-11.377046],[-43.9456623999999,-11.3642288],[-43.9263048999999,-11.3704127],[-43.9212214999999,-11.3460097999999],[-43.911212,-11.3650714],[-43.8775985999999,-11.3540733],[-43.8556189999999,-11.3656200999999],[-43.8369638,-11.3530567],[-43.8416438,-11.3764335999999],[-43.8723537,-11.4009965],[-43.8680436999999,-11.4284544999999],[-43.8771086,-11.4493768],[-43.9278561,-11.4381521],[-43.9570029,-11.4451558],[-43.9528874,-11.4528018],[-43.9867831999999,-11.4785709999999],[-43.9901555,-11.5072698],[-44.0255819,-11.4996293],[-44.0356970999999,-11.5080843],[-44.0292492,-11.5277176],[-44.0386440999999,-11.5549235],[-44.0817077999999,-11.5590569],[-44.0823771999999,-11.5693099],[-44.0907625999999,-11.5646748],[-44.0864089999999,-11.5717723],[-44.0959508999999,-11.5821913999999],[-44.0826415999999,-11.5900391],[-44.0928517,-11.6146391999999],[-44.107072,-11.6162434],[-44.1070261,-11.5920197999999],[-44.1159191,-11.5966073999999],[-44.1182559,-11.5846773],[-44.1326908,-11.6078593999999],[-44.1370974,-11.5973279],[-44.1560617,-11.6105808999999],[-44.1706986,-11.6553172],[-44.1676651,-11.6872129999999],[-44.1551656999999,-11.6876918999999],[-44.1640704,-11.7061868],[-44.149214,-11.7021045999999],[-44.1562637,-11.7231859],[-44.1492378999999,-11.7365518999999],[-44.1185733,-11.7434061],[-44.1022571999999,-11.7587411],[-44.0860580999999,-11.7528301999999],[-44.0623368,-11.7653177],[-44.0502504999999,-11.7618333999999],[-44.0357754999999,-11.8110285999999],[-44.0197755,-11.803486],[-44.0065729999999,-11.8165830999999],[-44.0163383999999,-11.8442901],[-44.0088962,-11.8743775],[-44.0137827,-11.8979505],[-44.0484519,-11.9591629999999],[-44.0502731,-11.9930305999999],[-44.0723929,-12.018275],[-44.1119515,-12.0325402999999],[-44.1306408,-12.0661489999999],[-44.1652303,-12.0637182999999]]]}},{"type":"Feature","id":"2901205","properties":{"codigoIbge":"2901205","municipio":"Anagé","cpr":"CPR-SO","cprs":["CPR-SO"],"opm":"24 BPM/BRUMADO","opms":["24 BPM/BRUMADO"],"cprExato":true,"opmExata":true,"somenteReferencia":false},"geometry":{"type":"Polygon","coordinates":[[[-41.1726902999999,-14.8497710999999],[-41.1757051,-14.832911],[-41.1621241999999,-14.8255267],[-41.1697214,-14.8049369],[-41.1614549,-14.7936124],[-41.1640666,-14.7545964],[-41.1813983,-14.748275],[-41.1771368999999,-14.7372942],[-41.1999082,-14.7346959999999],[-41.1924951999999,-14.7242869],[-41.2004484,-14.7176787],[-41.2251732999999,-14.7094205999999],[-41.2189,-14.6950967999999],[-41.2295814,-14.6857262999999],[-41.1920785999999,-14.6498240999999],[-41.1824339999999,-14.6140634999999],[-41.1307988999999,-14.6064067],[-41.1430794999999,-14.5854661999999],[-41.1237503,-14.5728549999999],[-41.1262154,-14.5548039],[-41.1039633999999,-14.5302892],[-41.1061675,-14.5146932],[-41.0689321,-14.4650956999999],[-41.0761519,-14.4492842],[-41.0936710999999,-14.4416216999999],[-40.7066467999999,-14.3627097999999],[-40.7175271999999,-14.3829129],[-40.7304961,-14.3807793999999],[-40.7430687,-14.3858053],[-40.7436949,-14.3878857999999],[-40.7244315999999,-14.3955377],[-40.7206815,-14.4286236999999],[-40.703522,-14.4470162],[-40.6866856999999,-14.4530601],[-40.6823406,-14.4426086],[-40.6609033,-14.4604694],[-40.6761956,-14.4692992999999],[-40.6766714999999,-14.4855749],[-40.6472681,-14.5214647999999],[-40.6481990999999,-14.5535004],[-40.6368032,-14.5783693],[-40.6387119,-14.6378751999999],[-40.6331542999999,-14.6588705999999],[-40.6146151999999,-14.6709215999999],[-40.9587721999999,-14.6742894999999],[-40.9636618,-14.7887443],[-41.1726902999999,-14.8497710999999]]]}},{"type":"Feature","id":"2909505","properties":{"codigoIbge":"2909505","municipio":"Cravolândia","cpr":"CPR-MRC","cprs":["CPR-MRC"],"opm":"19 BPM/JEQUIÉ","opms":["19 BPM/JEQUIÉ"],"cprExato":true,"opmExata":true,"somenteReferencia":false},"geometry":{"type":"Polygon","coordinates":[[[-39.6957955999999,-13.5127699999999],[-39.7054674,-13.5203329999999],[-39.7264554,-13.5031949999999],[-39.7443053,-13.5033099],[-39.7728787,-13.5176890999999],[-39.7715712999999,-13.4834562999999],[-39.7852994,-13.4768907],[-39.7901482999999,-13.459851],[-39.8453516,-13.4395244],[-39.8773563999999,-13.3913254999999],[-39.8125808,-13.3370035999999],[-39.7793574,-13.3745572],[-39.770523,-13.3662932],[-39.7528758999999,-13.369906],[-39.7409843999999,-13.3811911],[-39.7420862,-13.4130858],[-39.7275964,-13.4095273999999],[-39.7151878,-13.4279837],[-39.7104868,-13.4582596999999],[-39.7294353,-13.4895189],[-39.6957955999999,-13.5127699999999]]]}},{"type":"Feature","id":"2901304","properties":{"codigoIbge":"2901304","municipio":"Andaraí","cpr":"CPR-CH","cprs":["CPR-CH"],"opm":"42ª CIPM/LENÇÓIS","opms":["42ª CIPM/LENÇÓIS"],"cprExato":true,"opmExata":true,"somenteReferencia":false},"geometry":{"type":"Polygon","coordinates":[[[-41.1899632999999,-12.9890627],[-41.1478313,-13.1074217],[-41.1797339,-13.1277095999999],[-41.1942238,-13.1217071999999],[-41.2302010999999,-13.1291042999999],[-41.2445976999999,-13.1136172],[-41.2519725,-13.1211385999999],[-41.2584077999999,-13.0923893999999],[-41.3017302,-13.0514492999999],[-41.3298096999999,-12.931432],[-41.3458701,-12.9295928999999],[-41.3414185,-12.9218091999999],[-41.35606,-12.8904595999999],[-41.3803622,-12.8798858],[-41.4379006,-12.7099959999999],[-41.3547651,-12.6993639999999],[-41.3419435,-12.7065906999999],[-41.3405102,-12.6778763],[-41.3238914999999,-12.664366],[-41.3471734999999,-12.5717142999999],[-41.3281281,-12.5556017],[-41.2608829,-12.5533404999999],[-41.2131146999999,-12.5275437],[-41.2142509,-12.5114007999999],[-41.1990671999999,-12.4978783],[-41.0932119999999,-12.4671365999999],[-41.0526515,-12.4756748],[-40.9816299,-12.4601433999999],[-40.9635474999999,-12.4932800999999],[-40.9854855999999,-12.5366104999999],[-40.9785057,-12.5658837],[-41.0466655,-12.6890425],[-41.1488606,-12.7107013999999],[-41.1491468999999,-12.7453235999999],[-41.1666678,-12.7458146999999],[-41.1735480999999,-12.7719504999999],[-41.1862373,-12.7675341],[-41.1787108999999,-12.7755582],[-41.1837803999999,-12.7861947],[-41.2071061,-12.7842664999999],[-41.2267931,-12.8195972999999],[-41.2448939,-12.7964580999999],[-41.2585923999999,-12.8021294],[-41.2227971999999,-12.8917341],[-41.2325394,-12.9123858],[-41.2255024999999,-12.9361618],[-41.1899632999999,-12.9890627]]]}},{"type":"Feature","id":"2917508","properties":{"codigoIbge":"2917508","municipio":"Jacobina","cpr":"CPR-CH","cprs":["CPR-CH"],"opm":"29 BPM/JACOBINA","opms":["29 BPM/JACOBINA"],"cprExato":true,"opmExata":true,"somenteReferencia":false},"geometry":{"type":"Polygon","coordinates":[[[-40.4431448999999,-11.3602281999999],[-40.4650344,-11.3889733999999],[-40.5066342,-11.3716780999999],[-40.5460208,-11.3044219],[-40.5601389999999,-11.3123479],[-40.5820742,-11.3084370999999],[-40.6041324,-11.2757008999999],[-40.685964,-11.2117397],[-40.7258664,-11.2463028999999],[-40.8006675999999,-11.112699],[-40.9162865,-11.0234126999999],[-40.9245696,-10.9913430999999],[-40.8988542,-10.9741663],[-40.9050018,-10.9436977],[-40.8762591999999,-10.9022884],[-40.9030351,-10.8576565],[-40.9078464,-10.8168525999999],[-40.9205595,-10.8078103],[-40.9303378,-10.7752475],[-40.8897904999999,-10.8024533999999],[-40.8359515999999,-10.7916054999999],[-40.8241548999999,-10.8006493],[-40.7985671,-10.8463705999999],[-40.7705187999999,-10.8560084],[-40.7559060999999,-10.8845150999999],[-40.7066335,-10.9177644],[-40.7212911999999,-10.9369589999999],[-40.7159503999999,-10.9524056],[-40.687899,-10.9419364999999],[-40.5846187,-10.9903267999999],[-40.548126,-11.0190360999999],[-40.5293081999999,-11.0155181],[-40.4817272,-11.0493994],[-40.4522004,-11.1896315999999],[-40.4409244,-11.2017175999999],[-40.4185409,-11.2047613],[-40.3960757,-11.2248577999999],[-40.3931582,-11.2144268],[-40.3695739999999,-11.206423],[-40.3453132,-11.2287891999999],[-40.3141856,-11.2170654],[-40.3182191999999,-11.2108494999999],[-40.3022748,-11.2028822999999],[-40.2283022999999,-11.190961],[-40.2055255,-11.1768026],[-40.1959302999999,-11.1873199],[-40.16363,-11.1910576999999],[-40.1615133999999,-11.1829182],[-40.1448283999999,-11.1819308],[-40.1099912999999,-11.2456069999999],[-40.0839993,-11.2520944],[-40.1043736,-11.2998866999999],[-40.1432348,-11.3249551],[-40.1584518999999,-11.3250451],[-40.1652185999999,-11.3361211],[-40.3182743,-11.3337407999999],[-40.3158079,-11.3484614999999],[-40.3941278999999,-11.3842784999999],[-40.4134225999999,-11.3641726999999],[-40.4431448999999,-11.3602281999999]]]}},{"type":"Feature","id":"2909307","properties":{"codigoIbge":"2909307","municipio":"Correntina","cpr":"CPR-O","cprs":["CPR-O"],"opm":"30ª CIPM/SANTA MARIA DA VITÓRIA","opms":["30ª CIPM/SANTA MARIA DA VITÓRIA"],"cprExato":true,"opmExata":true,"somenteReferencia":false},"geometry":{"type":"Polygon","coordinates":[[[-45.7837946,-13.7858836],[-45.8149589,-13.8133409],[-45.8257323,-13.8098466],[-45.8833961,-13.8416137999999],[-45.9044996,-13.8753],[-45.9477219,-13.8849719999999],[-45.9536679,-13.9010562],[-45.9751823999999,-13.8991738999999],[-46.009447,-13.9360126999999],[-46.0306495999999,-13.9342106999999],[-46.0441458999999,-13.9504726],[-46.0673932,-13.9577199999999],[-46.0881362,-13.954981],[-46.121687,-13.977494],[-46.1686114999999,-13.9796974],[-46.2121208999999,-14.0101203999999],[-46.2222227999999,-14.0069440999999],[-46.220066,-13.9754227999999],[-46.2530267,-13.9695326],[-46.266989,-13.9174978],[-46.2571551,-13.8959427999999],[-46.2621164,-13.8893179],[-46.2324747,-13.8486073999999],[-46.2497673,-13.8296257],[-46.273631,-13.8287796999999],[-46.2639037,-13.8073957999999],[-46.2814954999999,-13.7951095],[-46.2229368,-13.7654029],[-46.2628572,-13.7348173],[-46.2356033,-13.7098501999999],[-46.2406728,-13.6944291999999],[-46.2636328999999,-13.6913929999999],[-46.2376411,-13.6521263999999],[-46.1627453999999,-13.6036420999999],[-46.1872551,-13.5754193],[-46.2474525,-13.5786603999999],[-46.2370437,-13.5549088],[-46.2472571,-13.5216887],[-46.2252276,-13.5030293],[-46.2268222,-13.4896416],[-46.2370637,-13.4871504],[-45.9341429999999,-13.2978747],[-45.8428028,-13.2580977],[-45.7309481999999,-13.2345306],[-45.6878371999999,-13.2101274999999],[-45.6086359999999,-13.1848221],[-45.5560204999999,-13.1921808],[-45.4636196,-13.1566086],[-45.4273391,-13.1569752999999],[-45.4028150999999,-13.1677817999999],[-45.3684028,-13.151897],[-45.3238855,-13.1496023],[-45.29394,-13.1339685],[-45.205345,-13.1277906999999],[-45.1291191999999,-13.0924446999999],[-45.0459398,-13.0708003],[-44.9710191999999,-13.0366005999999],[-44.9643586,-13.0414529999999],[-44.9309368,-13.0215992999999],[-44.7910358,-12.9892637],[-44.7784356,-13.0125734],[-44.7560493,-13.0182012999999],[-44.7416545999999,-13.042031],[-44.7204745,-13.0504665],[-44.718489,-13.0697630999999],[-44.6979714,-13.0944378999999],[-44.70267,-13.1011311999999],[-44.6707306,-13.1398477],[-44.6745974,-13.1483001],[-44.6228442,-13.1779708999999],[-44.6069098,-13.2067084],[-44.596709,-13.2088582],[-44.5961854,-13.2258489],[-44.5840578999999,-13.2283568],[-44.5856833,-13.2398089],[-44.5750720999999,-13.2435159999999],[-44.5756132,-13.2578065],[-44.5603834999999,-13.2739402],[-44.5632854,-13.3005676],[-44.5521611,-13.3226311999999],[-44.5589883,-13.3308183],[-44.5458940999999,-13.3356626999999],[-44.5460272,-13.3494668],[-44.4819467,-13.3833243],[-44.4538234999999,-13.3799774],[-44.4503470999999,-13.3869549],[-44.4269343,-13.3694897],[-44.4209083,-13.3856067999999],[-44.3904241,-13.3825459999999],[-44.3696497999999,-13.3974731],[-44.3507294,-13.3907748999999],[-44.3312726,-13.3961040999999],[-44.3288360999999,-13.4083638999999],[-44.3377513999999,-13.4160196999999],[-44.3519820999999,-13.411278],[-44.354819,-13.4180514],[-44.3650658999999,-13.4080119],[-44.3703490999999,-13.4186774999999],[-44.3818246,-13.4086963999999],[-44.3822862,-13.4178118],[-44.3961070999999,-13.4174818],[-44.4027874999999,-13.4289330999999],[-44.4309646,-13.4318501999999],[-44.4321884,-13.4220675999999],[-44.4544693999999,-13.4170559999999],[-44.4681524,-13.4265071],[-44.4820958999999,-13.4223143],[-44.4927456,-13.4311231999999],[-44.5026417999999,-13.4671425999999],[-44.5065347999999,-13.5186811999999],[-44.5434299999999,-13.5196589999999],[-44.61589141,-13.54089991],[-44.6406491,-13.52973291],[-44.668062,-13.53454628],[-44.7239208,-13.5860198],[-44.8924984999999,-13.6713746999999],[-45.1171456,-13.6744537],[-45.1225626999999,-13.6657289999999],[-45.1344003,-13.6850307],[-45.1837413,-13.7048574999999],[-45.1949064,-13.7211447],[-45.2391284,-13.744771],[-45.2760881,-13.7392538],[-45.289678,-13.7485588],[-45.3019528999999,-13.7342838],[-45.3370543,-13.7212268],[-45.3645624,-13.7363142],[-45.4355361,-13.7313915],[-45.4797462999999,-13.7382962999999],[-45.5216601,-13.7647183999999],[-45.5837236,-13.7681398],[-45.6742967,-13.7387438],[-45.7837946,-13.7858836]]]}},{"type":"Feature","id":"2925600","properties":{"codigoIbge":"2925600","municipio":"Presidente Dutra","cpr":"CPR-CN","cprs":["CPR-CN"],"opm":"7 BPM/IRECÊ","opms":["7 BPM/IRECÊ"],"cprExato":true,"opmExata":true,"somenteReferencia":false},"geometry":{"type":"Polygon","coordinates":[[[-41.9708687999999,-11.347609],[-41.9426159999999,-11.3812480999999],[-41.9782475,-11.4277455],[-42.0255791,-11.3874607999999],[-42.049034293,-11.3310539999999],[-42.05491368,-11.23430788],[-42.0217443,-11.2087657],[-41.9498359,-11.2230812999999],[-41.9252223,-11.264598],[-41.9266057,-11.280357],[-41.9708687999999,-11.347609]]]}},{"type":"Feature","id":"2901106","properties":{"codigoIbge":"2901106","municipio":"Amélia Rodrigues","cpr":"CPR-L","cprs":["CPR-L"],"opm":"66ª CIPM/CONCEIÇÃO DO JACUÍPE","opms":["66ª CIPM/CONCEIÇÃO DO JACUÍPE"],"cprExato":true,"opmExata":true,"somenteReferencia":false},"geometry":{"type":"Polygon","coordinates":[[[-38.6764441,-12.4135044999999],[-38.637867,-12.4748764],[-38.6443260999999,-12.5130715],[-38.6561290999999,-12.4842189],[-38.7423008,-12.4732471],[-38.8138973,-12.3804094999999],[-38.775202,-12.3641757999999],[-38.6562926999999,-12.3731124],[-38.6541622,-12.3894151],[-38.6764441,-12.4135044999999]]]}},{"type":"Feature","id":"2933604","properties":{"codigoIbge":"2933604","municipio":"Xique-Xique","cpr":"CPR-CN","cprs":["CPR-CN"],"opm":"10ª CIPM/XIQUE-XIQUE","opms":["10ª CIPM/XIQUE-XIQUE"],"cprExato":true,"opmExata":true,"somenteReferencia":false},"geometry":{"type":"Polygon","coordinates":[[[-42.8367684999999,-11.5273376],[-42.8674756,-11.5619442999999],[-42.8644641,-11.5990661],[-42.8549133,-11.6119555999999],[-42.8710460999999,-11.6130977999999],[-42.9300805,-11.5771917],[-42.9397887,-11.5860433],[-42.9360669,-11.6286373999999],[-42.9569404,-11.6233061999999],[-42.9811056999999,-11.5968048999999],[-43.0034726,-11.5970427999999],[-43.0397247,-11.5554786],[-43.0549727,-11.5603589999999],[-43.0567712,-11.5285294999999],[-43.2251742999999,-11.498839],[-43.2644956999999,-11.4832987],[-43.2214865999999,-11.3693511],[-43.2019483999999,-11.3391391],[-43.1725666,-11.3207017999999],[-43.1904506,-11.2798966],[-43.1958625,-11.2229955999999],[-43.1763533,-11.184812],[-43.1448935999999,-11.1573099],[-43.1318113999999,-11.1018477],[-43.0987373999999,-11.0553024],[-43.0952286,-11.0261652],[-43.0513187999999,-11.005773],[-43.0371043,-10.9669857],[-42.9885131,-10.9397043],[-42.9892073999999,-10.9102139999999],[-42.9741377999999,-10.8930913],[-42.9449362999999,-10.8831908999999],[-42.9387543,-10.8611203],[-42.9205525,-10.8477106999999],[-42.8755853,-10.8370909],[-42.8596014999999,-10.8089717999999],[-42.8373028,-10.8179792999999],[-42.7849942999999,-10.8188266999999],[-42.7460622999999,-10.783581],[-42.7030692,-10.7146802999999],[-42.6925113999999,-10.6787153999999],[-42.6979203999999,-10.6677883999999],[-42.6750221999999,-10.612814],[-42.6603117999999,-10.6015029],[-42.6613091999999,-10.5880185],[-42.5871974,-10.5451042],[-42.5699992999999,-10.4703512999999],[-42.4644863,-10.3821943999999],[-42.4544361,-10.3442608],[-42.4562597999999,-10.3003601999999],[-42.4348671,-10.2693432999999],[-42.4030246,-10.2491082],[-42.4054657999999,-10.1851222999999],[-42.3943978,-10.1934219],[-42.3668388999999,-10.2678549999999],[-42.3988735999999,-10.3118658999999],[-42.3628841999999,-10.3388537],[-42.3680845,-10.3617518],[-42.3436766999999,-10.370419],[-42.350538,-10.3856089],[-42.3285978,-10.3967395999999],[-42.3338977,-10.4314876],[-42.3128007999999,-10.4446730999999],[-42.3303594,-10.4738801],[-42.3257361,-10.4797263],[-42.3442469999999,-10.4828732],[-42.3583417,-10.5113737999999],[-42.3298826,-10.5842183],[-42.3347621999999,-10.6070849999999],[-42.3245833999999,-10.6258111999999],[-42.33141863,-10.65145032],[-42.32213682,-10.65916651],[-42.34264812,-10.68350478],[-42.34424861,-10.73110449],[-42.36959358,-10.7756704299999],[-42.3916208099999,-10.7659708799999],[-42.42312989,-10.7738563],[-42.5230814999999,-10.9038679],[-42.5382005,-11.0050284],[-42.6201065,-11.0875401],[-42.6347661,-11.0398102],[-42.6575918999999,-11.0318399],[-42.6713185999999,-11.014609],[-42.7226664999999,-11.0032765999999],[-42.7518552,-11.0113602],[-42.7550216999999,-11.0021563999999],[-42.7611424,-11.0017568],[-42.7542811,-11.0394868],[-42.7906000999999,-11.0583129999999],[-42.7661643,-11.0919663999999],[-42.7869441,-11.1096446999999],[-42.786237,-11.1195519999999],[-42.8026422999999,-11.1260420999999],[-42.8043125,-11.1415350999999],[-42.8220304,-11.1411039],[-42.8383747999999,-11.1565115],[-42.8325401,-11.1985036999999],[-42.8435095999999,-11.2145224],[-42.8360451999999,-11.2347728999999],[-42.8419072999999,-11.2512472],[-42.8347881999999,-11.2518090999999],[-42.8368349,-11.2736939],[-42.8132419999999,-11.3107898],[-42.9126198,-11.2772626],[-42.8367684999999,-11.5273376]]]}},{"type":"Feature","id":"2925402","properties":{"codigoIbge":"2925402","municipio":"Potiraguá","cpr":"CPR-S","cprs":["CPR-S"],"opm":"8ª CIPM/ITAPETINGA","opms":["8ª CIPM/ITAPETINGA"],"cprExato":true,"opmExata":true,"somenteReferencia":false},"geometry":{"type":"Polygon","coordinates":[[[-39.6632604,-15.7466936],[-39.714961,-15.7800268999999],[-39.7317409,-15.7779255999999],[-39.7494685,-15.8017632999999],[-39.7878481,-15.8122792],[-39.7895849999999,-15.8338649999999],[-39.8161463,-15.8462643],[-39.8146877999999,-15.8657972],[-39.8365156,-15.8696305999999],[-39.8360863999999,-15.8842155999999],[-39.8595579999999,-15.8733490999999],[-39.8866173,-15.8889798],[-39.9086288999999,-15.8714446],[-39.9105154,-15.8536447],[-39.9225901,-15.8521507],[-39.92370579,-15.8297148099999],[-39.91310501,-15.8040583],[-39.91914651,-15.77456781],[-39.9103987999999,-15.7343392949999],[-39.91801759,-15.735586095],[-39.93655081,-15.687600905],[-39.88926652,-15.63535381],[-39.8983692199999,-15.62386852],[-39.89455322,-15.61188988],[-39.93431328,-15.56229142],[-39.9515565999999,-15.5669053999999],[-39.9707464799999,-15.5483283999999],[-39.9639663099999,-15.52842921],[-39.97062182,-15.5072681099999],[-39.9576894099999,-15.5069925199999],[-39.9578380799999,-15.4787633999999],[-39.9457485999999,-15.4813736199999],[-39.9171381849999,-15.464085505],[-39.9175825849999,-15.483234205],[-39.9015543099999,-15.4879511],[-39.8841720999999,-15.5096356],[-39.8844022,-15.523312185],[-39.8562487999999,-15.5244961],[-39.8450333,-15.5357887],[-39.8169593,-15.5301115999999],[-39.7911058999999,-15.5419752],[-39.7725614999999,-15.5664462999999],[-39.7518337999999,-15.5554121],[-39.7182405999999,-15.5567669],[-39.7091574,-15.5801772],[-39.7141166,-15.5912789999999],[-39.6953589999999,-15.5993116999999],[-39.6830527,-15.6178305],[-39.6958768,-15.6278048],[-39.6890361,-15.6368993999999],[-39.6740475,-15.6368674],[-39.6717702,-15.6043968],[-39.6606664,-15.605443],[-39.6514519999999,-15.590677],[-39.6327413999999,-15.6193433],[-39.6159003,-15.6201861],[-39.5829381,-15.5926863999999],[-39.5251719999999,-15.6144325],[-39.5433510999999,-15.6433958],[-39.5336239,-15.6894469],[-39.543494,-15.7129618],[-39.5309139999999,-15.7305363999999],[-39.5366347,-15.7518926999999],[-39.5680502,-15.7652320999999],[-39.5702977999999,-15.7756489999999],[-39.6003501,-15.7661409],[-39.6210267,-15.7739672],[-39.634675,-15.7646703999999],[-39.6310554999999,-15.7477054],[-39.6382282,-15.7419671],[-39.6632604,-15.7466936]]]}},{"type":"Feature","id":"2901155","properties":{"codigoIbge":"2901155","municipio":"América Dourada","cpr":"CPR-CN","cprs":["CPR-CN"],"opm":"3ª CIPM/MORRO DO CHAPÉU","opms":["3ª CIPM/MORRO DO CHAPÉU"],"cprExato":true,"opmExata":true,"somenteReferencia":false},"geometry":{"type":"Polygon","coordinates":[[[-41.7002138999999,-11.4112431],[-41.6400565,-11.3950227],[-41.5877813,-11.3570425],[-41.5701826,-11.3218623],[-41.5207644,-11.2725571999999],[-41.4962058999999,-11.2707106999999],[-41.4363178999999,-11.2385532],[-41.4221370999999,-11.2428727999999],[-41.3682130999999,-11.1830361],[-41.3622634,-11.1862379],[-41.3698232,-11.1896146999999],[-41.3559804,-11.2297589],[-41.3666944,-11.2395728],[-41.3722595999999,-11.2702566999999],[-41.3641469,-11.2801706],[-41.3785849999999,-11.3033009],[-41.3814697999999,-11.3222074999999],[-41.3733010999999,-11.3314091999999],[-41.3890158,-11.3622091],[-41.3846973,-11.3862324999999],[-41.3964956999999,-11.3940317999999],[-41.3921584999999,-11.4165029],[-41.4029484,-11.4448558],[-41.4313132,-11.4490256999999],[-41.4692151,-11.4830223],[-41.4780003,-11.5068631],[-41.4957325999999,-11.503799],[-41.5051088,-11.5266773],[-41.5411420999999,-11.5380716],[-41.5392972999999,-11.5538122],[-41.5582542,-11.558905],[-41.5621978,-11.5801303],[-41.5794657,-11.5918887999999],[-41.5744996999999,-11.6047902],[-41.5880607999999,-11.5996734],[-41.5933659999999,-11.6140538999999],[-41.6233978999999,-11.611298],[-41.6225334,-11.5576485],[-41.6936355999999,-11.4787109],[-41.7002138999999,-11.4112431]]]}},{"type":"Feature","id":"2925501","properties":{"codigoIbge":"2925501","municipio":"Prado","cpr":"CPR-ES","cprs":["CPR-ES"],"opm":"88ª CIPM/ALCOBAÇA","opms":["88ª CIPM/ALCOBAÇA"],"cprExato":true,"opmExata":true,"somenteReferencia":false},"geometry":{"type":"Polygon","coordinates":[[[-39.2210726,-17.3017740999999],[-39.1917157,-17.4460066999999],[-39.2280125999999,-17.4278831999999],[-39.2350071,-17.4326384999999],[-39.2558096,-17.4083633999999],[-39.2602467,-17.3863193999999],[-39.2845852999999,-17.377194],[-39.2945941999999,-17.3613477],[-39.3371711,-17.3515424],[-39.3396003,-17.3314144],[-39.3525873999999,-17.3348956],[-39.3593223999999,-17.3191280999999],[-39.3756784,-17.3176392999999],[-39.3953309999999,-17.2981856],[-39.4147144,-17.3027092999999],[-39.4698064999999,-17.2673601],[-39.5077423,-17.2641861],[-39.5302445999999,-17.2781312999999],[-39.5450344,-17.2538336],[-39.5591494999999,-17.2583847999999],[-39.5625118999999,-17.2862784],[-39.6195574,-17.2816581],[-39.6165035,-17.2952129],[-39.6323432999999,-17.3133273999999],[-39.6329817,-17.2586822],[-39.6208349,-17.2472536],[-39.6198262,-17.2244825999999],[-39.5804833999999,-17.1834694999999],[-39.5756385999999,-17.1555948],[-39.5669445,-17.1508239],[-39.5701389,-17.1334616999999],[-39.5287686999999,-17.1185558999999],[-39.5012899,-17.1425383],[-39.4780873999999,-17.1161068],[-39.4759390999999,-17.1012413999999],[-39.4923208,-17.0870396],[-39.4795559,-17.0515387999999],[-39.4906569,-17.037209],[-39.4898699999999,-16.9922915999999],[-39.4752374999999,-16.9525876],[-39.4372331,-16.9811301999999],[-39.4570396,-16.95476],[-39.4466409,-16.9513805],[-39.4486972,-16.9151661],[-39.4415129,-16.8938752],[-39.4398502999999,-16.905743],[-39.4025232,-16.9155373],[-39.2920738,-16.8880411],[-39.2396272,-16.9182787999999],[-39.1852799,-16.9189001999999],[-39.1662378,-16.9287624999999],[-39.1403154999999,-16.9098286],[-39.1382333,-16.8934849],[-39.1067148999999,-16.8965818999999],[-39.1236855,-16.9043497],[-39.1514591,-16.9422489],[-39.1555319999999,-16.9803552],[-39.1721848,-17.0130467],[-39.1700623999999,-17.0590592],[-39.182016,-17.1123552999999],[-39.2120619,-17.1612608],[-39.2210726,-17.3017740999999]]]}},{"type":"Feature","id":"2901502","properties":{"codigoIbge":"2901502","municipio":"Anguera","cpr":"CPR-L","cprs":["CPR-L"],"opm":"57ª CIPM/SANTO ESTEVÃO","opms":["57ª CIPM/SANTO ESTEVÃO"],"cprExato":true,"opmExata":true,"somenteReferencia":false},"geometry":{"type":"Polygon","coordinates":[[[-39.0784176999999,-12.2307536],[-39.1512370999999,-12.263567],[-39.1922056999999,-12.2235671999999],[-39.2464302,-12.2117739],[-39.2861478999999,-12.1777028],[-39.2617145,-12.1195301999999],[-39.2175826,-12.0946688],[-39.2115284,-12.1064109],[-39.1836433999999,-12.1128712999999],[-39.1759622,-12.1567658],[-39.1869397999999,-12.1817718],[-39.1166401999999,-12.1904646999999],[-39.0784176999999,-12.2307536]]]}},{"type":"Feature","id":"2924801","properties":{"codigoIbge":"2924801","municipio":"Piritiba","cpr":"CPR-CH","cprs":["CPR-CH"],"opm":"29 BPM/JACOBINA","opms":["29 BPM/JACOBINA"],"cprExato":true,"opmExata":true,"somenteReferencia":false},"geometry":{"type":"Polygon","coordinates":[[[-40.4097965,-11.6714853],[-40.4503068,-11.6999461],[-40.4335786,-11.7489581],[-40.4706095999999,-11.8025299999999],[-40.4900805999999,-11.8057004],[-40.4844294,-11.824598],[-40.6152097,-11.8349282999999],[-40.6288842,-11.8456515999999],[-40.6491738,-11.8367302],[-40.6656292,-11.7951945],[-40.6988077999999,-11.7975559],[-40.7978765999999,-11.7637382999999],[-40.7926414,-11.6944824],[-40.7290259,-11.5679909999999],[-40.7183999,-11.5685569],[-40.7167727,-11.5563834],[-40.6945999,-11.545107],[-40.6652951,-11.5621707999999],[-40.6258074,-11.5565369],[-40.6005797999999,-11.5656336],[-40.5983305,-11.5515176],[-40.5571535,-11.5783336],[-40.5234483999999,-11.5743894],[-40.5292742999999,-11.5915668],[-40.5227234,-11.6310875],[-40.4909732,-11.6310382999999],[-40.4905055999999,-11.6143279],[-40.466575,-11.6022189999999],[-40.4295061999999,-11.6186226999999],[-40.4069901,-11.6080802],[-40.3906852,-11.6161425],[-40.3858466999999,-11.6013020999999],[-40.370674198,-11.6162358],[-40.3822165,-11.6250219],[-40.3832186999999,-11.6440876999999],[-40.4012382,-11.6480465],[-40.4097965,-11.6714853]]]}},{"type":"Feature","id":"2917904","properties":{"codigoIbge":"2917904","municipio":"Jandaíra","cpr":"CPR-LN","cprs":["CPR-LN"],"opm":"51ª CIPM/CONDE","opms":["51ª CIPM/CONDE"],"cprExato":true,"opmExata":true,"somenteReferencia":false},"geometry":{"type":"Polygon","coordinates":[[[-37.4063283999999,-11.5365897999999],[-37.5095554,-11.7371848],[-37.5403737,-11.7723632],[-37.5403438,-11.751249],[-37.5266477,-11.7458164999999],[-37.5207859,-11.7263457999999],[-37.5206812,-11.7115436999999],[-37.5346056,-11.7098884],[-37.5321039,-11.7010228],[-37.5623259,-11.7038901],[-37.6243335,-11.6614197],[-37.6714267999999,-11.6715351999999],[-37.7134667,-11.6327242999999],[-37.7465591,-11.6318606999999],[-37.7491780999999,-11.6621335],[-37.7589642999999,-11.6419174],[-37.7806348,-11.6349663999999],[-37.8041555,-11.6133411],[-37.8032855,-11.6035767999999],[-37.8220102,-11.5974936],[-37.8288706,-11.5585986999999],[-37.7947058,-11.5187412999999],[-37.7704477999999,-11.5319989999999],[-37.7589745,-11.5253782999999],[-37.749361,-11.5386276999999],[-37.7318605,-11.5371726],[-37.7267661,-11.5535583999999],[-37.7116030999999,-11.5529476999999],[-37.7024599,-11.5401947],[-37.6999137999999,-11.5624152],[-37.6759509,-11.5684937999999],[-37.6502727,-11.516431],[-37.6436042999999,-11.5244154],[-37.6321192999999,-11.5182005],[-37.6157267999999,-11.538601],[-37.5814592,-11.5305589999999],[-37.5785501,-11.5521788999999],[-37.5682573,-11.5384288],[-37.5570683999999,-11.5514530999999],[-37.5200675999999,-11.5493035],[-37.5047504999999,-11.5249100999999],[-37.4554886999999,-11.5231383],[-37.3552553,-11.4436992999999],[-37.3411467,-11.4423365],[-37.4063283999999,-11.5365897999999]]]}},{"type":"Feature","id":"2933059","properties":{"codigoIbge":"2933059","municipio":"Várzea da Roça","cpr":"CPR-CH","cprs":["CPR-CH"],"opm":"91ª CIPM/CAPIM GROSSO","opms":["91ª CIPM/CAPIM GROSSO"],"cprExato":true,"opmExata":true,"somenteReferencia":false},"geometry":{"type":"Polygon","coordinates":[[[-39.9272905999999,-11.6656624],[-39.9197543929999,-11.6873853029999],[-39.9358849,-11.6973728999999],[-40.0387956,-11.6973892],[-40.0702813,-11.6629098],[-40.1375831999999,-11.6426784999999],[-40.1772754,-11.6425369999999],[-40.2342559099999,-11.60219921],[-40.225669785,-11.58953571],[-40.2308422,-11.5688226],[-40.2090942999999,-11.5458575],[-40.170561515,-11.528893715],[-40.1646646,-11.5148265999999],[-40.1494595199999,-11.5250708199999],[-40.1314457,-11.51538978],[-40.1075158899999,-11.5290647899999],[-40.10738098,-11.53888139],[-40.0954953799999,-11.53902958],[-40.0801834,-11.5279849099999],[-40.0287211099999,-11.5226093799999],[-40.0190755149999,-11.50323679],[-39.992675495,-11.5031163949999],[-39.968584103,-11.4908669],[-39.9623961,-11.6249746],[-39.9557301,-11.6498670999999],[-39.9272905999999,-11.6656624]]]}},{"type":"Feature","id":"2909703","properties":{"codigoIbge":"2909703","municipio":"Cristópolis","cpr":"CPR-O","cprs":["CPR-O"],"opm":"83ª CIPM/BARREIRAS","opms":["83ª CIPM/BARREIRAS"],"cprExato":true,"opmExata":true,"somenteReferencia":false},"geometry":{"type":"Polygon","coordinates":[[[-43.9715346999999,-12.2267517],[-43.9582407999999,-12.2382699999999],[-44.0497875999999,-12.2726752],[-44.0624333,-12.2562035999999],[-44.0810997999999,-12.2530609],[-44.2316532999999,-12.2593853],[-44.293337,-12.3050921],[-44.3384995,-12.3059893],[-44.3964248,-12.2877040999999],[-44.4645894999999,-12.3081298999999],[-44.4758974,-12.3035055999999],[-44.4807311,-12.3113585999999],[-44.4965099,-12.3015938],[-44.5233615,-12.3084909999999],[-44.5354058,-12.3014406999999],[-44.443481,-12.092953],[-44.3002104,-12.1074136],[-44.2948127,-12.1265969999999],[-44.2734940999999,-12.1277171999999],[-44.2681861,-12.1200188],[-44.2520767,-12.1283351],[-44.1743771,-12.0908211999999],[-44.1640406,-12.0608243999999],[-44.1494486,-12.0698054],[-44.1306408,-12.0661489999999],[-44.1136782,-12.0463965],[-44.1034392,-12.0617594],[-44.0845639,-12.0607542],[-44.0464181,-12.0782242999999],[-44.055663,-12.1066605],[-44.0800808,-12.1271149],[-44.0804525999999,-12.1566850999999],[-44.0518092999999,-12.1593822],[-44.0439186,-12.1821717999999],[-44.0103535,-12.1711108],[-43.987386,-12.1744034999999],[-43.9895756,-12.189894],[-43.9651095,-12.1824695999999],[-43.9715346999999,-12.2267517]]]}},{"type":"Feature","id":"2933000","properties":{"codigoIbge":"2933000","municipio":"Valente","cpr":"CPR-NE","cprs":["CPR-NE"],"opm":"16 BPM/SERRINHA","opms":["16 BPM/SERRINHA"],"cprExato":true,"opmExata":true,"somenteReferencia":false},"geometry":{"type":"Polygon","coordinates":[[[-39.2906452,-11.3716128999999],[-39.3994466,-11.4569996999999],[-39.4895466,-11.4762236999999],[-39.4899073999999,-11.4400959],[-39.5639308999999,-11.4013461],[-39.6091165,-11.3460853999999],[-39.4994948,-11.2901864],[-39.3319117,-11.3415034],[-39.3109243,-11.3671543999999],[-39.2732657999999,-11.3370418],[-39.2676102999999,-11.3780414999999],[-39.2754780999999,-11.3828452999999],[-39.2906452,-11.3716128999999]]]}},{"type":"Feature","id":"2917706","properties":{"codigoIbge":"2917706","municipio":"Jaguarari","cpr":"CPR-N","cprs":["CPR-N"],"opm":"6 BPM/SENHOR DO BONFIM","opms":["6 BPM/SENHOR DO BONFIM"],"cprExato":true,"opmExata":true,"somenteReferencia":false},"geometry":{"type":"Polygon","coordinates":[[[-40.2107601,-10.3256714],[-40.2311811,-10.3709789],[-40.2367637,-10.3426076],[-40.2278072999999,-10.3045936],[-40.247632,-10.2608938999999],[-40.2412618,-10.2421727],[-40.2553559999999,-10.2275519999999],[-40.2473044,-10.2037437999999],[-40.2761373,-10.1683818999999],[-40.2812469,-10.1422661],[-40.3510049,-10.1130557],[-40.3708966,-10.1407915],[-40.4172159,-10.1106703],[-40.4129483,-10.0967927999999],[-40.3942375999999,-10.0856873],[-40.3887834,-10.0621502999999],[-40.3466243,-10.0383929],[-40.3284504,-10.0136201999999],[-40.3189303999999,-9.98099989999997],[-40.3290383,-9.95909819999997],[-40.3138767,-9.92967039999996],[-40.3163865999999,-9.90790089999996],[-40.2860704999999,-9.94579509999994],[-40.2259581,-9.92134289999996],[-40.1824424,-9.88730119999997],[-39.9818821,-9.80464059999997],[-39.9122007,-9.78797009999994],[-39.9029083999999,-9.78167439999993],[-39.897959,-9.74065729999995],[-39.8839500999999,-9.74484669999993],[-39.8377727,-9.82834619999994],[-39.8232884999999,-9.82469729999997],[-39.7871127,-9.85241229999997],[-39.7803158999999,-9.87092119999994],[-39.7597435,-9.86800869999996],[-39.7449971999999,-9.88481809999996],[-39.7383561,-9.90268769999994],[-39.7493117999999,-9.95244749999995],[-39.7671113,-9.97026999999997],[-39.7840128999999,-9.94172689999994],[-39.8120829,-9.94373469999994],[-39.7981900999999,-9.97951069999993],[-39.8117137,-9.98415459999995],[-39.8072347999999,-10.0010485999999],[-39.8265443,-10.0109583],[-39.8273336999999,-10.0354970999999],[-39.843625,-10.0524488999999],[-39.8385337999999,-10.0738306],[-39.8581943999999,-10.0887806],[-39.868531,-10.1318229999999],[-39.9527381,-10.1466935999999],[-39.9640403999999,-10.1669186999999],[-39.9863362999999,-10.1789272999999],[-39.9989631,-10.2199219999999],[-40.0573618999999,-10.2746605999999],[-40.0228435999999,-10.3022963],[-40.0272679,-10.3182542],[-40.0926481,-10.3286835],[-40.1193125,-10.3436553999999],[-40.1359725999999,-10.3239214999999],[-40.171263,-10.3581202999999],[-40.2002871,-10.3433704],[-40.2107601,-10.3256714]]]}},{"type":"Feature","id":"2901353","properties":{"codigoIbge":"2901353","municipio":"Andorinha","cpr":"CPR-N","cprs":["CPR-N"],"opm":"6 BPM/SENHOR DO BONFIM","opms":["6 BPM/SENHOR DO BONFIM"],"cprExato":true,"opmExata":true,"somenteReferencia":false},"geometry":{"type":"Polygon","coordinates":[[[-39.7378138,-10.3431457999999],[-39.7312995,-10.4099211999999],[-39.7451285999999,-10.437902],[-39.7999854,-10.4223666],[-39.8027738,-10.4597224999999],[-39.8203397999999,-10.4616538],[-39.8364137999999,-10.4478804999999],[-39.8974292,-10.4790705999999],[-39.9093265,-10.5075052],[-39.9225936999999,-10.4953462],[-39.9304192,-10.5356623],[-39.9209466,-10.5589138],[-39.9329352999999,-10.5630131999999],[-39.9321959,-10.5521002999999],[-39.9481312,-10.5494937],[-39.9744463,-10.5085900999999],[-40.0107914,-10.4884430999999],[-40.0057509,-10.4627849999999],[-40.0289741999999,-10.44659],[-40.0138529,-10.4371161],[-40.0242395999999,-10.4232724999999],[-40.0179722,-10.3982839999999],[-40.03743,-10.3754468999999],[-40.0478244999999,-10.3752658],[-40.0567796999999,-10.3358789],[-40.057813,-10.3231266999999],[-40.0272679,-10.3182542],[-40.0228435999999,-10.3022963],[-40.0573618999999,-10.2746605999999],[-39.9989631,-10.2199219999999],[-39.9863362999999,-10.1789272999999],[-39.9461203,-10.1431987999999],[-39.868531,-10.1318229999999],[-39.8581943999999,-10.0887806],[-39.8385337999999,-10.0738306],[-39.843625,-10.0524488999999],[-39.8273336999999,-10.0354970999999],[-39.8265443,-10.0109583],[-39.8072347999999,-10.0010485999999],[-39.8117137,-9.98415459999995],[-39.7981900999999,-9.97951069999993],[-39.8074055,-9.93984499999993],[-39.7836698999999,-9.94200759999995],[-39.7608294999999,-9.98197699999997],[-39.7690385,-10.0009964],[-39.7582077,-10.0735892],[-39.7342954,-10.0892246],[-39.7286574999999,-10.1156025],[-39.7442512,-10.2427815999999],[-39.7168462999999,-10.2774558999999],[-39.7138481,-10.3175661999999],[-39.7378138,-10.3431457999999]]]}},{"type":"Feature","id":"2924678","properties":{"codigoIbge":"2924678","municipio":"Piraí do Norte","cpr":"CPR-R","cprs":["CPR-R"],"opm":"60ª CIPM/GANDU","opms":["60ª CIPM/GANDU"],"cprExato":true,"opmExata":true,"somenteReferencia":false},"geometry":{"type":"Polygon","coordinates":[[[-39.3175550999999,-13.7700328],[-39.3175163,-13.8294907],[-39.3557335,-13.8349871],[-39.3851425,-13.9045654999999],[-39.3995222,-13.9083709],[-39.4084544,-13.8891381999999],[-39.4224642,-13.9061571],[-39.4480502,-13.8916437],[-39.4320051,-13.8442901999999],[-39.4387325,-13.8022640999999],[-39.3798836,-13.7145042],[-39.3637423,-13.7340096],[-39.3186514999999,-13.7264478999999],[-39.2878092999999,-13.7369631],[-39.3083541,-13.7720255999999],[-39.3175550999999,-13.7700328]]]}},{"type":"Feature","id":"2917805","properties":{"codigoIbge":"2917805","municipio":"Jaguaripe","cpr":"CPR-R","cprs":["CPR-R"],"opm":"14 BPM/SANTO ANTÔNIO DE JESUS","opms":["14 BPM/SANTO ANTÔNIO DE JESUS"],"cprExato":true,"opmExata":true,"somenteReferencia":false},"geometry":{"type":"Polygon","coordinates":[[[-38.7983545,-13.1380308],[-38.8439026,-13.1615889],[-38.9084622999999,-13.2130981999999],[-38.9388317,-13.2056709],[-38.9573771999999,-13.2156932],[-38.9671496999999,-13.2250991999999],[-38.9645131999999,-13.2366158],[-38.9736503999999,-13.2349548999999],[-38.9899449,-13.2547853],[-39.0079567999999,-13.2259802],[-39.026651,-13.2449971999999],[-39.0752491,-13.2437694],[-39.0701189,-13.2596452],[-39.0921458,-13.248008],[-39.102425,-13.2585157],[-39.1150724999999,-13.2535047],[-39.1433708,-13.2335409],[-39.1434659999999,-13.224004],[-39.1707264999999,-13.233808],[-39.2041831999999,-13.1967106],[-39.2325792999999,-13.2081378],[-39.2454703,-13.1957267],[-39.2548669,-13.2029947999999],[-39.2526113,-13.1864935999999],[-39.2757855,-13.1803940999999],[-39.2799729,-13.1882122],[-39.2954801,-13.1665877999999],[-39.3119035999999,-13.1649866999999],[-39.2906032999999,-13.1379239],[-39.2483139999999,-13.1334244999999],[-39.2140601999999,-13.1072366999999],[-39.1799546999999,-13.1173223],[-39.1210672999999,-13.1089886],[-39.114967,-13.1342637],[-39.0929148,-13.144461],[-39.0454217,-13.1335293999999],[-39.035095,-13.1179605],[-39.0088157,-13.1275544],[-39.0075467999999,-13.1008108],[-38.9952029999999,-13.1065007],[-38.9781733,-13.0874967999999],[-38.9559859999999,-13.0901557999999],[-38.9533264,-13.0475425999999],[-38.9377674,-13.0321119999999],[-38.9335331999999,-13.0110821],[-38.9112613999999,-13.0242168],[-38.9116375999999,-12.9967114999999],[-38.8831547,-12.9972271999999],[-38.8926,-12.9627474],[-38.9144476069999,-12.9319067],[-38.88536601,-12.9463724],[-38.87280931,-12.9384738049999],[-38.8394294,-12.9446257],[-38.8298298999999,-12.9559743999999],[-38.8227414,-12.9476562999999],[-38.8351441,-12.9209840999999],[-38.8134985999999,-12.9168146],[-38.7940368,-12.9496338],[-38.75146,-12.9668507],[-38.7775597,-13.0001867],[-38.8012838,-13.0615354],[-38.7983545,-13.1380308]]]}},{"type":"Feature","id":"2924652","properties":{"codigoIbge":"2924652","municipio":"Pintadas","cpr":"CPR-CH","cprs":["CPR-CH"],"opm":"98ª CIPM/IPIRÁ","opms":["98ª CIPM/IPIRÁ"],"cprExato":true,"opmExata":true,"somenteReferencia":false},"geometry":{"type":"Polygon","coordinates":[[[-39.7451937,-11.8479733],[-39.7431331999999,-11.9030756],[-39.7295253999999,-11.9059207999999],[-39.7741184999999,-11.9153952999999],[-39.779978,-11.8986871999999],[-39.7916964999999,-11.9036171999999],[-39.8347183,-11.9717211],[-39.8427426,-11.9717016],[-39.8498221,-11.9944419999999],[-39.9048619,-12.0288310999999],[-39.9198944999999,-12.0157202999999],[-39.9231842999999,-11.9972207],[-39.9544299999999,-11.9850092],[-39.9561077,-11.9575068999999],[-40.0040754,-11.9368969999999],[-40.0474986,-11.8712308],[-40.0372194,-11.8542813],[-40.039058,-11.8326122999999],[-40.0154903,-11.8323612999999],[-40.0240704,-11.8136701],[-39.9948137,-11.7999611],[-39.9984798999999,-11.7798445],[-39.9085778849999,-11.7205959],[-39.8851467,-11.7401442],[-39.86318829,-11.74106469],[-39.864529505,-11.74823459],[-39.8406534,-11.75530979],[-39.84628759,-11.77394129],[-39.8265527099999,-11.7882799],[-39.8109125999999,-11.8246518],[-39.7931247,-11.8174003],[-39.7130981,-11.8238752999999],[-39.7451937,-11.8479733]]]}},{"type":"Feature","id":"2909604","properties":{"codigoIbge":"2909604","municipio":"Crisópolis","cpr":"CPR-LN","cprs":["CPR-LN"],"opm":"6ª CIPM/RIO REAL","opms":["6ª CIPM/RIO REAL"],"cprExato":true,"opmExata":true,"somenteReferencia":false},"geometry":{"type":"Polygon","coordinates":[[[-38.3017082,-11.6358617],[-38.2638325999999,-11.423965],[-38.238735,-11.3720817999999],[-38.2121473,-11.3512489999999],[-38.1777119,-11.3657899999999],[-38.121002,-11.4256708],[-38.0973405,-11.4304134999999],[-38.0881946,-11.4611146999999],[-38.0485007,-11.4973454999999],[-38.0555186999999,-11.529917],[-37.980094,-11.5946130999999],[-38.0334632,-11.6041291],[-38.0339466999999,-11.5939624],[-38.0520531999999,-11.5833522],[-38.066814,-11.5895083999999],[-38.0628111999999,-11.6115657999999],[-38.077727,-11.6065401],[-38.0895444999999,-11.6186114],[-38.1043546,-11.6185573999999],[-38.1490916,-11.6089483],[-38.1542095,-11.6355478999999],[-38.2235229,-11.6413188999999],[-38.2460129999999,-11.6255335999999],[-38.2744284,-11.6474426],[-38.2797581999999,-11.6386137],[-38.3017082,-11.6358617]]]}},{"type":"Feature","id":"2901403","properties":{"codigoIbge":"2901403","municipio":"Angical","cpr":"CPR-O","cprs":["CPR-O"],"opm":"84ª CIPM/BARREIRAS","opms":["84ª CIPM/BARREIRAS"],"cprExato":true,"opmExata":true,"somenteReferencia":false},"geometry":{"type":"Polygon","coordinates":[[[-44.6178368999999,-12.1407856],[-44.7020199,-12.1729382],[-44.7172737999999,-12.1248151999999],[-44.7287054999999,-12.1144588999999],[-44.7773597999999,-12.1144457],[-44.7874704,-12.1028254999999],[-44.7982810999999,-12.1052579999999],[-44.8165417,-12.1359492999999],[-44.8391908,-12.1476299],[-44.8414882,-12.1185975],[-44.8705497,-12.0627167],[-44.8992714999999,-12.0403463],[-44.9365452,-12.0325477],[-44.9295574,-12.0053384],[-44.90633,-12.0109558],[-44.8829507999999,-11.9873390999999],[-44.8774207,-11.9552497999999],[-44.8644487,-11.9506931999999],[-44.8705919999999,-11.9415938999999],[-44.8523193999999,-11.939286],[-44.8414966,-11.9206045999999],[-44.8292784,-11.9228755],[-44.8301633999999,-11.8923255],[-44.8164004999999,-11.8869713],[-44.8194417999999,-11.8812776999999],[-44.7639103,-11.8722602],[-44.7287759,-11.8463834999999],[-44.7271638,-11.8286785999999],[-44.7108643999999,-11.8205495999999],[-44.716853,-11.8093534999999],[-44.7041735999999,-11.8183215999999],[-44.7012164999999,-11.8075008],[-44.6856104,-11.8089163999999],[-44.6858776999999,-11.7854265],[-44.6606595,-11.7472822],[-44.3485398,-12.0805447],[-44.3453962,-12.1027129],[-44.443481,-12.092953],[-44.4660519999999,-12.1440828],[-44.579832,-12.1550942],[-44.6178368999999,-12.1407856]]]}},{"type":"Feature","id":"2932903","properties":{"codigoIbge":"2932903","municipio":"Valença","cpr":"CPR-R","cprs":["CPR-R"],"opm":"31 BPM/VALENÇA","opms":["31 BPM/VALENÇA"],"cprExato":true,"opmExata":true,"somenteReferencia":false},"geometry":{"type":"Polygon","coordinates":[[[-39.0705308999999,-13.4879354],[-39.0969092999999,-13.4726221999999],[-39.1165293,-13.484707],[-39.1580675,-13.4767577],[-39.1820051999999,-13.5139113999999],[-39.2103830999999,-13.5005798],[-39.2200437,-13.5098834999999],[-39.2137006999999,-13.5225833],[-39.2597739,-13.525494],[-39.2725657999999,-13.4791198999999],[-39.3028598999999,-13.4853383999999],[-39.3056043999999,-13.4646946999999],[-39.3242212,-13.4425555],[-39.3174311999999,-13.4032589999999],[-39.2970402999999,-13.3752335999999],[-39.3452789,-13.3716721],[-39.3613184,-13.3558816999999],[-39.3520662,-13.3380577999999],[-39.3862996,-13.3432579999999],[-39.410772,-13.3270492],[-39.4280184,-13.3303526999999],[-39.4283331,-13.3459781],[-39.4502661,-13.3722086999999],[-39.4651909,-13.3676859],[-39.4799824,-13.337593],[-39.4675857,-13.3295322],[-39.4778156,-13.2974272],[-39.4527340999999,-13.3017743999999],[-39.4459803999999,-13.2877942],[-39.4346088,-13.3020564],[-39.4288253,-13.2982458],[-39.4331113,-13.271363],[-39.4260988,-13.2659169],[-39.4368165,-13.2360257],[-39.4167753999999,-13.2427026],[-39.4039855,-13.2283882999999],[-39.3979308,-13.2396398],[-39.3812220999999,-13.2329743],[-39.3478509999999,-13.2522256],[-39.3344772999999,-13.2180746999999],[-39.3366842999999,-13.1989328],[-39.2986284999999,-13.2172942],[-39.290107,-13.2471007],[-39.2811088,-13.2438275],[-39.2688506,-13.2639293999999],[-39.2477691,-13.2659871999999],[-39.2324700999999,-13.2915004],[-39.2179247,-13.286605],[-39.2103988,-13.2954242],[-39.2043611999999,-13.2850655],[-39.2119739,-13.2656876],[-39.2200531999999,-13.2655722],[-39.2193521999999,-13.2398332],[-39.2070825,-13.2224395],[-39.1829729999999,-13.2406314999999],[-39.1434659999999,-13.224004],[-39.1433708,-13.2335409],[-39.1150724999999,-13.2535047],[-39.102425,-13.2585157],[-39.0921458,-13.248008],[-39.0707186,-13.2596737],[-39.0752491,-13.2437694],[-39.026651,-13.2449971999999],[-39.0079567999999,-13.2259802],[-38.9899449,-13.2547853],[-38.9736503999999,-13.2349548999999],[-38.9645131999999,-13.2366158],[-38.9671496999999,-13.2250991999999],[-38.9573771999999,-13.2156932],[-38.9388317,-13.2056709],[-38.9190298,-13.2130519999999],[-38.9468747999999,-13.2427433],[-38.9642102,-13.2919032999999],[-38.9667711,-13.3435936999999],[-38.9507535,-13.3899110999999],[-38.9891428,-13.3720936999999],[-39.0322497999999,-13.3794583],[-39.0703839,-13.4539422],[-39.0705308999999,-13.4879354]]]}},{"type":"Feature","id":"2917102","properties":{"codigoIbge":"2917102","municipio":"Itororó","cpr":"CPR-S","cprs":["CPR-S"],"opm":"8ª CIPM/ITAPETINGA","opms":["8ª CIPM/ITAPETINGA"],"cprExato":true,"opmExata":true,"somenteReferencia":false},"geometry":{"type":"Polygon","coordinates":[[[-40.0393304,-15.1253948],[-40.0613566,-15.1254678],[-40.0983654999999,-15.1030658999999],[-40.1103545999999,-15.0552511],[-40.1349931,-15.043577],[-40.1385076999999,-15.0082858],[-40.1015404999999,-15.0450365],[-40.0827234,-15.0293910999999],[-40.0906816999999,-15.0102524],[-40.0729648,-15.0043274],[-40.0480353,-14.9505239],[-40.0008958,-14.9749469999999],[-39.9765513999999,-14.9589131999999],[-39.8955758,-15.054201],[-39.8920098999999,-15.0983955],[-39.9187061,-15.0986900999999],[-39.9268829,-15.1119024],[-39.9390149,-15.104793],[-39.9437447999999,-15.1201965999999],[-39.9620748,-15.125641],[-39.9797181,-15.113288],[-40.0216088999999,-15.1095554],[-40.0393304,-15.1253948]]]}},{"type":"Feature","id":"2908903","properties":{"codigoIbge":"2908903","municipio":"Coração de Maria","cpr":"CPR-L","cprs":["CPR-L"],"opm":"97ª CIPM/IRARÁ","opms":["97ª CIPM/IRARÁ"],"cprExato":true,"opmExata":true,"somenteReferencia":false},"geometry":{"type":"Polygon","coordinates":[[[-38.8516006,-12.2814422],[-38.8505428999999,-12.2686944],[-38.8386715999999,-12.2628548],[-38.8415547,-12.243617],[-38.8515101,-12.2395296],[-38.8550569,-12.1929018],[-38.8662085999999,-12.1911684],[-38.8826584,-12.1607107],[-38.8813279999999,-12.1323432],[-38.8917304,-12.120536],[-38.8741237999999,-12.0957756999999],[-38.8551113999999,-12.1055484999999],[-38.7957628999999,-12.1051307],[-38.7633307,-12.1187555],[-38.7515162,-12.1669211],[-38.7330201999999,-12.1553908],[-38.6581603999999,-12.1929026],[-38.6593574,-12.2050383],[-38.6784610999999,-12.2206869999999],[-38.6983835,-12.2787157],[-38.6901323,-12.3036753],[-38.7113873,-12.3120769999999],[-38.7235666999999,-12.2847947],[-38.7455648,-12.2812286],[-38.7731486,-12.3100544],[-38.7881184,-12.3087126999999],[-38.7857683,-12.32506],[-38.8099665999999,-12.3388098999999],[-38.8516006,-12.2814422]]]}},{"type":"Feature","id":"2924702","properties":{"codigoIbge":"2924702","municipio":"Piripá","cpr":"CPR-SO","cprs":["CPR-SO"],"opm":"80ª CIPM/CANDIDO SALES","opms":["80ª CIPM/CANDIDO SALES"],"cprExato":true,"opmExata":true,"somenteReferencia":false},"geometry":{"type":"Polygon","coordinates":[[[-41.5931303999999,-15.051478],[-41.6519959,-15.0995885999999],[-41.6802996,-15.1007425999999],[-41.6884378999999,-15.0897623999999],[-41.7034469,-15.11518],[-41.7303769,-15.1132373],[-41.7600123,-15.1378811],[-41.8102656999999,-15.10142],[-41.8092425,-15.078293],[-41.8284366,-15.0516301],[-41.7888467999999,-15.0415684999999],[-41.8374047999999,-15.0199453],[-41.8251268,-14.9975307999999],[-41.8082276,-15.0063228999999],[-41.8024966999999,-14.9907248],[-41.7874424999999,-14.9894957],[-41.7809437,-14.9643925999999],[-41.7935757,-14.9251002],[-41.8252277,-14.9091604],[-41.8276754999999,-14.8889985],[-41.8083487,-14.8701791],[-41.7931465,-14.8685637],[-41.7956591,-14.8784148999999],[-41.7687261,-14.8832768],[-41.7640622,-14.8698110999999],[-41.7504180999999,-14.8655565],[-41.7498105,-14.8730777],[-41.7437198,-14.8662942999999],[-41.7349275999999,-14.8768641],[-41.7188462999999,-14.8770453999999],[-41.7195894,-14.8941558],[-41.6936021999999,-14.89631],[-41.6895883,-14.9134988],[-41.6550396,-14.9181207],[-41.6489336999999,-14.9116091],[-41.6450232999999,-14.9183992],[-41.6390656999999,-14.913733],[-41.6498424,-14.8990310999999],[-41.6322845999999,-14.9014761999999],[-41.6477290999999,-14.9375547999999],[-41.6339346999999,-14.9490142999999],[-41.6326179,-14.9719347999999],[-41.6006457999999,-14.9854230999999],[-41.5811178,-15.0188587],[-41.5931303999999,-15.051478]]]}},{"type":"Feature","id":"2900702","properties":{"codigoIbge":"2900702","municipio":"Alagoinhas","cpr":"CPR-LN","cprs":["CPR-LN"],"opm":"4 BPM/ALAGOINHAS","opms":["4 BPM/ALAGOINHAS"],"cprExato":true,"opmExata":true,"somenteReferencia":false},"geometry":{"type":"Polygon","coordinates":[[[-38.527279,-12.2750905],[-38.5208019999999,-12.2593044],[-38.5494365,-12.2447725],[-38.5866636,-12.1936765999999],[-38.4905216999999,-12.1612655],[-38.4914094,-12.1270026999999],[-38.4438711999999,-12.1043041999999],[-38.4342779999999,-12.0491992],[-38.4750078,-11.9490559],[-38.4693488,-11.9417759999999],[-38.4401548,-11.9310229],[-38.4117545999999,-11.937945],[-38.4037152,-11.9274240999999],[-38.3867392999999,-11.9320114999999],[-38.3611574999999,-11.9692181999999],[-38.3086810999999,-11.9551225],[-38.2730440999999,-11.9635122],[-38.2828365,-12.0395277],[-38.2737592,-12.1132602],[-38.2816799,-12.1333935],[-38.3045739,-12.1303837999999],[-38.3210149,-12.1737598],[-38.3230363,-12.2221562999999],[-38.355558,-12.2302258999999],[-38.3776993,-12.2186718999999],[-38.3941631,-12.2493623999999],[-38.4341123999999,-12.2688823999999],[-38.4593221,-12.2654984],[-38.4689069999999,-12.2851537],[-38.527279,-12.2750905]]]}},{"type":"Feature","id":"2933208","properties":{"codigoIbge":"2933208","municipio":"Vera Cruz","cpr":"CPR-R","cprs":["CPR-R"],"opm":"23 BPM/VERA CRUZ","opms":["23 BPM/VERA CRUZ"],"cprExato":true,"opmExata":true,"somenteReferencia":false},"geometry":{"type":"Polygon","coordinates":[[[-38.7603157,-13.1139790999999],[-38.7975435,-13.1374721],[-38.8049043999999,-13.1216593999999],[-38.8012838,-13.0615354],[-38.7775597,-13.0001867],[-38.7323944999999,-12.9480703999999],[-38.7229715,-12.9243868999999],[-38.6275967999999,-12.940491],[-38.6156832,-12.9325709999999],[-38.5611279999999,-12.9327360999999],[-38.5618444,-12.957884],[-38.5855859,-13.0126731999999],[-38.6433387,-13.0153131],[-38.6572126,-13.0335314],[-38.7126180999999,-13.0611023],[-38.7603157,-13.1139790999999]]]}},{"type":"Feature","id":"2900801","properties":{"codigoIbge":"2900801","municipio":"Alcobaça","cpr":"CPR-ES","cprs":["CPR-ES"],"opm":"88ª CIPM/ALCOBAÇA","opms":["88ª CIPM/ALCOBAÇA"],"cprExato":true,"opmExata":true,"somenteReferencia":false},"geometry":{"type":"Polygon","coordinates":[[[-39.4432389,-17.6579398],[-39.4611824999999,-17.6350783999999],[-39.4651205,-17.5924274999999],[-39.4899569,-17.5701084999999],[-39.5317219999999,-17.5789806999999],[-39.6046309,-17.557961],[-39.6073,-17.4110889],[-39.6294058,-17.3526393999999],[-39.6323201,-17.3136362999999],[-39.6165035,-17.2952129],[-39.6195574,-17.2816581],[-39.5625118999999,-17.2862784],[-39.5591494999999,-17.2583847999999],[-39.5450344,-17.2538336],[-39.5318799999999,-17.2777247],[-39.5077423,-17.2641861],[-39.4698064999999,-17.2673601],[-39.4147144,-17.3027092999999],[-39.3953309999999,-17.2981856],[-39.3756784,-17.3176392999999],[-39.3593223999999,-17.3191280999999],[-39.3525873999999,-17.3348956],[-39.3396003,-17.3314144],[-39.3371711,-17.3515424],[-39.2945941999999,-17.3613477],[-39.2845852999999,-17.377194],[-39.2602467,-17.3863193999999],[-39.2558096,-17.4083633999999],[-39.2350071,-17.4326384999999],[-39.2280125999999,-17.4278831999999],[-39.1917157,-17.4460066999999],[-39.1922810099999,-17.59124321],[-39.1373270999999,-17.6849779949999],[-39.2496712,-17.6367474099999],[-39.4432389,-17.6579398]]]}},{"type":"Feature","id":"2933307","properties":{"codigoIbge":"2933307","municipio":"Vitória da Conquista","cpr":"CPR-SO","cprs":["CPR-SO"],"opm":"","opms":["77ª, 78ª CIPM/VITÓRIA DA CONQUISTA","92ª CIPM/VITÓRIA DA CONQUISTA"],"cprExato":true,"opmExata":false,"somenteReferencia":false},"geometry":{"type":"Polygon","coordinates":[[[-40.9268623999999,-15.3903665999999],[-40.9277061999999,-15.4276528999999],[-40.9557412999999,-15.4651028],[-41.0025735,-15.4783143],[-41.0200578,-15.470098],[-41.0428057,-15.4744026],[-41.0560594999999,-15.4598361],[-41.0812266,-15.4584417999999],[-41.0973595,-15.4221605999999],[-41.1401708999999,-15.401781],[-41.1430247,-15.3855014],[-41.1332032,-15.3716891999999],[-41.1448002,-15.3451229999999],[-41.1448002,-15.304341],[-41.1584023999999,-15.3101646],[-41.158337,-15.2639452],[-41.1478222,-15.2320604999999],[-41.1639893999999,-15.1994164],[-41.1584018999999,-15.1853186],[-41.1288241999999,-15.1662873999999],[-41.1172749999999,-15.133272],[-41.0938427999999,-15.1141077999999],[-41.0871829,-15.0449889],[-41.1400429999999,-14.9635673],[-41.1357738,-14.9342500999999],[-41.1504674999999,-14.9204321],[-41.1515262999999,-14.9061737],[-41.1423588,-14.8824332],[-41.1531512,-14.8617098],[-41.1695379999999,-14.8625610999999],[-41.1721226,-14.8542193],[-40.9636618,-14.7887443],[-40.9587721999999,-14.6742894999999],[-40.6146151999999,-14.6709215999999],[-40.525519,-14.7563549],[-40.6760545,-14.8325298],[-40.7137576,-14.8770746],[-40.7235956,-14.8990656],[-40.7122054,-14.9394692],[-40.7402344,-15.0006663999999],[-40.7059546999999,-15.0144496],[-40.7001370999999,-15.0260372],[-40.7113929999999,-15.0467737999999],[-40.6971914,-15.0693578],[-40.8198861929999,-15.2026758069999],[-40.8475776999999,-15.2694099999999],[-40.817147695,-15.2834880099999],[-40.824972895,-15.2912105099999],[-40.818392885,-15.3022774899999],[-40.88215199,-15.293554515],[-40.9330648,-15.3377239],[-40.9413969999999,-15.3588746],[-40.9268623999999,-15.3903665999999]]]}},{"type":"Feature","id":"2925006","properties":{"codigoIbge":"2925006","municipio":"Planalto","cpr":"CPR-SO","cprs":["CPR-SO"],"opm":"79ª CIPM/POÇÕES","opms":["79ª CIPM/POÇÕES"],"cprExato":true,"opmExata":true,"somenteReferencia":false},"geometry":{"type":"Polygon","coordinates":[[[-40.3227697999999,-14.8028398],[-40.3111903999999,-14.840414],[-40.28225,-14.8557468999999],[-40.2829482999999,-14.8713801],[-40.274424,-14.8708447999999],[-40.29374,-14.9332676999999],[-40.3147465,-14.8844614],[-40.3276261,-14.8874529],[-40.3323905999999,-14.9093710999999],[-40.3683157,-14.9160168],[-40.3729708,-14.8749625999999],[-40.3894597999999,-14.8585866],[-40.4065429999999,-14.8578453],[-40.4443919999999,-14.8069159999999],[-40.525519,-14.7563549],[-40.6183796999999,-14.6636698999999],[-40.6331542999999,-14.6588705999999],[-40.6368032,-14.5783693],[-40.6478061999999,-14.5549038],[-40.6467575,-14.5469790999999],[-40.6207338,-14.5649834],[-40.5722886,-14.5421959],[-40.5300963,-14.5534107],[-40.5317242,-14.5398099],[-40.4894055,-14.5700014],[-40.4623546,-14.5776715],[-40.3685834,-14.6620927],[-40.3334037,-14.6793964999999],[-40.3323857999999,-14.7274383999999],[-40.3203697,-14.743082],[-40.3148505,-14.788067],[-40.3227697999999,-14.8028398]]]}},{"type":"Feature","id":"2908804","properties":{"codigoIbge":"2908804","municipio":"Contendas do Sincorá","cpr":"CPR-SO","cprs":["CPR-SO"],"opm":"24 BPM/BRUMADO","opms":["24 BPM/BRUMADO"],"cprExato":true,"opmExata":true,"somenteReferencia":false},"geometry":{"type":"Polygon","coordinates":[[[-40.9755919999999,-13.9578379],[-40.9795693,-13.9794365],[-41.0015663,-14.0089421],[-40.9782437,-14.0251987999999],[-41.0022997999999,-14.0457749],[-41.0301362,-14.0494045],[-41.0679077,-14.0263710999999],[-41.1213124999999,-14.0352023999999],[-41.1416341,-13.9766974],[-41.1515800999999,-13.9667878],[-41.1707398999999,-13.9673146],[-41.1746327,-13.9396642999999],[-41.1859549,-13.9419712],[-41.2156634999999,-13.9101739],[-41.2220008099999,-13.814001795],[-41.205144595,-13.8213989999999],[-41.2385712,-13.7819079999999],[-41.23446433,-13.71542919],[-41.1911246,-13.6951900999999],[-41.1792035,-13.6719201],[-41.154486,-13.6758637999999],[-41.1219265999999,-13.6381951],[-41.0809922999999,-13.6128340999999],[-41.0400056999999,-13.6158124],[-41.0323703,-13.6267611],[-41.0404604,-13.6444501],[-41.0268768,-13.6503433999999],[-41.0326094,-13.6605221],[-41.0180951999999,-13.6725228],[-41.0318483999999,-13.6883898999999],[-41.0248032,-13.7011773999999],[-41.0336761,-13.7137928],[-41.0245681,-13.7345564],[-41.0313942999999,-13.7462593999999],[-41.0245861999999,-13.7478525999999],[-41.0400859,-13.7737453],[-41.0112344,-13.7946363999999],[-40.990942,-13.7922222999999],[-40.9824022,-13.8380998],[-40.9637137999999,-13.8400404999999],[-40.9464548999999,-13.8795029999999],[-40.9213571,-13.8910126],[-40.9358417,-13.8977992],[-40.910515,-13.9069143999999],[-40.9246411,-13.9207266],[-40.9509664,-13.9070287],[-40.9630276,-13.921061],[-40.9600283,-13.9380952999999],[-40.9823850999999,-13.9462619],[-40.9755919999999,-13.9578379]]]}},{"type":"Feature","id":"2925105","properties":{"codigoIbge":"2925105","municipio":"Poções","cpr":"CPR-SO","cprs":["CPR-SO"],"opm":"79ª CIPM/POÇÕES","opms":["79ª CIPM/POÇÕES"],"cprExato":true,"opmExata":true,"somenteReferencia":false},"geometry":{"type":"Polygon","coordinates":[[[-40.3025502,-14.6948447],[-40.2982421999999,-14.7451174999999],[-40.3202474,-14.7439636999999],[-40.3323857999999,-14.7274383999999],[-40.3334037,-14.6793964999999],[-40.3685834,-14.6620927],[-40.4623546,-14.5776715],[-40.4894055,-14.5700014],[-40.5317242,-14.5398099],[-40.5300963,-14.5534107],[-40.5719877,-14.5421756],[-40.6203121,-14.5649276],[-40.6374463,-14.5596174999999],[-40.6509897999999,-14.5355026999999],[-40.6510794,-14.5136942],[-40.6762907999999,-14.4870976999999],[-40.6761956,-14.4692992999999],[-40.4938850999999,-14.4487913999999],[-40.4500035999999,-14.46406],[-40.4388602,-14.4543757],[-40.4340429,-14.4599866],[-40.4264643999999,-14.4462579],[-40.4151112,-14.4576354],[-40.4009629,-14.4407889],[-40.3986619,-14.3944357],[-40.3030926,-14.4241977],[-40.2888788999999,-14.4425338],[-40.2378487,-14.4419032],[-40.1923459999999,-14.4611015999999],[-40.1833822999999,-14.4796578999999],[-40.1657283,-14.4789602999999],[-40.1745008,-14.5095709],[-40.1878960999999,-14.5136484999999],[-40.1915453999999,-14.5400164],[-40.2037768,-14.5540329999999],[-40.2006274,-14.5685415999999],[-40.215523,-14.6014185],[-40.2100315,-14.6154653999999],[-40.2290824,-14.6449631999999],[-40.2209803,-14.6733942999999],[-40.2925465,-14.6574325999999],[-40.3025502,-14.6948447]]]}},{"type":"Feature","id":"2900603","properties":{"codigoIbge":"2900603","municipio":"Aiquara","cpr":"CPR-MRC","cprs":["CPR-MRC"],"opm":"55ª CIPM/IPIAÚ","opms":["55ª CIPM/IPIAÚ"],"cprExato":true,"opmExata":true,"somenteReferencia":false},"geometry":{"type":"Polygon","coordinates":[[[-39.9494983,-14.1521046],[-39.9400302999999,-14.0807383],[-39.9248021999999,-14.0819672],[-39.9016604,-14.0468387999999],[-39.9019519,-14.0285216],[-39.8742174999999,-14.0114513999999],[-39.8391442,-14.0198985],[-39.8079018999999,-14.0576129999999],[-39.7948701999999,-14.0611094],[-39.8082501,-14.0766474],[-39.8289195,-14.0760390999999],[-39.8122986,-14.1023685],[-39.8606053,-14.1461406999999],[-39.883073,-14.1420639],[-39.8852851999999,-14.1275658],[-39.9005531,-14.1717671],[-39.9138338999999,-14.1684857],[-39.9176446,-14.1836362999999],[-39.9385533999999,-14.1701252],[-39.9355097,-14.1546582999999],[-39.9494983,-14.1521046]]]}},{"type":"Feature","id":"2933257","properties":{"codigoIbge":"2933257","municipio":"Vereda","cpr":"CPR-ES","cprs":["CPR-ES"],"opm":"44ª CIPM/MEDEIROS NETO","opms":["44ª CIPM/MEDEIROS NETO"],"cprExato":true,"opmExata":true,"somenteReferencia":false},"geometry":{"type":"Polygon","coordinates":[[[-39.8556876,-17.2417940999999],[-39.8222686999999,-17.2366125],[-39.8258359,-17.2303884],[-39.8118979,-17.2217699],[-39.80065,-17.2304161],[-39.7695849,-17.2238439999999],[-39.7478652,-17.2073607999999],[-39.7184847,-17.2075824999999],[-39.6949741,-17.1761946],[-39.6600931999999,-17.1821135],[-39.6251255999999,-17.1598236],[-39.6016337999999,-17.1571109],[-39.5968945,-17.1783710999999],[-39.580368,-17.1827112],[-39.6199010999999,-17.2246405],[-39.6207851,-17.2471189],[-39.6358018,-17.2684374],[-39.6336628999999,-17.3139791999999],[-39.6516101999999,-17.3074733999999],[-39.6636417999999,-17.2832986999999],[-39.6893426,-17.2846005],[-39.6939940999999,-17.2721205999999],[-39.7326361999999,-17.2811627999999],[-39.7596958,-17.2661285999999],[-39.7774474999999,-17.2752831999999],[-39.7965467999999,-17.2617604],[-39.8373941999999,-17.2553938999999],[-39.8282775,-17.3039153999999],[-39.8377935999999,-17.3310256999999],[-39.8579033999999,-17.3387379],[-39.857918,-17.3627382],[-39.8896458,-17.3641],[-39.9252968,-17.3421739],[-39.9394885,-17.3495488],[-39.9540787999999,-17.3013713],[-39.9426966999999,-17.269756],[-39.9899758999999,-17.2452031],[-40.0002746,-17.2498454],[-40.0061064999999,-17.2323024],[-40.0171407999999,-17.2418645],[-40.0232933,-17.2336870999999],[-40.0363905,-17.2388195],[-40.0487591,-17.2666432999999],[-40.0770074,-17.2601655999999],[-40.0767173,-17.2735362],[-40.0985195,-17.2560703],[-40.1286774,-17.2542687],[-40.1390115,-17.2329538],[-40.1261443999999,-17.1874374],[-40.1374516,-17.1758943999999],[-40.1479715,-17.1813875],[-40.1531826999999,-17.1702875],[-40.1420077,-17.1622783],[-40.1503488,-17.1359007999999],[-40.1198426999999,-17.1116148999999],[-40.1197463999999,-17.0955038],[-40.1321839,-17.1022472],[-40.1444533,-17.0929472999999],[-40.1606619,-17.1079788],[-40.1646762,-17.0760572999999],[-40.1704624,-17.0703879],[-40.1811604,-17.0785036999999],[-40.1938187,-17.0694783],[-40.2107599,-17.0418610999999],[-40.2250784,-17.0355499],[-40.2257857,-17.0207005999999],[-40.2528975,-17.0155624999999],[-40.2749287999999,-16.9953869999999],[-40.2926603999999,-17.0075783999999],[-40.3279795999999,-16.9997261],[-40.3331438,-16.9829323],[-40.3540737,-16.9870672],[-40.3683761999999,-16.9640236],[-40.3930038,-16.9611679999999],[-40.4196157,-16.9219403],[-40.4077174999999,-16.898658],[-40.4013209999999,-16.8901529],[-40.3975482,-16.9430297],[-40.3222787999999,-16.9489245999999],[-40.2917095999999,-16.9631223],[-40.2292209999999,-16.9727136999999],[-40.1826919,-17.0155518999999],[-40.1768101,-17.0543832],[-40.1555031,-17.0772668],[-40.1172306,-17.0819324999999],[-40.0882819,-17.0621237999999],[-40.085588,-17.0787104999999],[-40.0684701,-17.088647],[-40.056836,-17.1137166999999],[-40.01598,-17.1318820999999],[-40.0126188999999,-17.1486125],[-39.9904885999999,-17.1563126],[-39.9933372,-17.1727384],[-39.9835457999999,-17.1882861],[-39.965994,-17.1933121],[-39.9557078999999,-17.2092822],[-39.9359041,-17.2009323999999],[-39.9308404999999,-17.2094428999999],[-39.9057218,-17.2127262],[-39.8983155999999,-17.2315639],[-39.8828611,-17.2266845999999],[-39.8556876,-17.2417940999999]]]}},{"type":"Feature","id":"2933109","properties":{"codigoIbge":"2933109","municipio":"Várzea do Poço","cpr":"CPR-CH","cprs":["CPR-CH"],"opm":"91ª CIPM/CAPIM GROSSO","opms":["91ª CIPM/CAPIM GROSSO"],"cprExato":true,"opmExata":true,"somenteReferencia":false},"geometry":{"type":"Polygon","coordinates":[[[-40.2542791129999,-11.5973159069999],[-40.267860995,-11.608696505],[-40.325968985,-11.6109310149999],[-40.33750959,-11.58722101],[-40.341236495,-11.6024275999999],[-40.370674198,-11.6162358],[-40.3838969,-11.5052908],[-40.3687376999999,-11.4818574999999],[-40.3088420999999,-11.4347734999999],[-40.2955990999999,-11.4533666999999],[-40.2939392,-11.4944004999999],[-40.2684585,-11.5319395],[-40.2550107,-11.5362289],[-40.2537086,-11.5494442999999],[-40.2398251,-11.5501052],[-40.2263801,-11.5642566999999],[-40.2310892149999,-11.60664531],[-40.24290251,-11.6121874899999],[-40.2542791129999,-11.5973159069999]]]}},{"type":"Feature","id":"2924900","properties":{"codigoIbge":"2924900","municipio":"Planaltino","cpr":"CPR-MRC","cprs":["CPR-MRC"],"opm":"93ª CIPM/MARACÁS","opms":["93ª CIPM/MARACÁS"],"cprExato":true,"opmExata":true,"somenteReferencia":false},"geometry":{"type":"Polygon","coordinates":[[[-40.1525738999999,-13.3077238],[-40.150638,-13.3372335],[-40.1649052,-13.3372714999999],[-40.2060905,-13.3120064],[-40.2243452,-13.3139542],[-40.2426436,-13.2869406],[-40.2620479,-13.2835977],[-40.2855405,-13.3156552],[-40.2778319,-13.3455976999999],[-40.4060514,-13.2902015],[-40.5254202,-13.1834261999999],[-40.5114902999999,-13.1764820999999],[-40.4686599999999,-13.1129505],[-40.4095695999999,-13.0873352999999],[-40.4010036,-13.0662627999999],[-40.3316328,-13.0914754999999],[-40.3459412999999,-13.0625469999999],[-40.3211444,-13.0403583999999],[-40.1991753,-13.048685],[-40.1779154,-13.0652957],[-40.1520566,-13.1069863999999],[-40.147575,-13.1408489],[-40.1381215,-13.1473506999999],[-40.1687041,-13.1693324999999],[-40.1534394,-13.1724431],[-40.1366671,-13.2338670999999],[-40.1376351,-13.2903494],[-40.1525738999999,-13.3077238]]]}},{"type":"Feature","id":"2917003","properties":{"codigoIbge":"2917003","municipio":"Itiúba","cpr":"CPR-NE","cprs":["CPR-NE"],"opm":"7ª CIPM/MONTE SANTO","opms":["7ª CIPM/MONTE SANTO"],"cprExato":true,"opmExata":true,"somenteReferencia":false},"geometry":{"type":"Polygon","coordinates":[[[-39.668269293,-10.9461808999999],[-39.7169019899999,-10.9535379],[-39.7183289129999,-10.965618487],[-39.73817381,-10.9510488949999],[-39.7744689049999,-10.9591096949999],[-39.7988478029999,-10.938828907],[-39.8253582049999,-10.9396192949999],[-39.826793505,-10.92754639],[-39.839470395,-10.9296497],[-39.8428689899999,-10.916033995],[-39.8615321,-10.9179660949999],[-39.8687012999999,-10.9034190049999],[-39.891169695,-10.89941261],[-39.9026555099999,-10.915848195],[-39.9235032999999,-10.91763249],[-39.9292131999999,-10.9032531999999],[-39.9467112,-10.9076117],[-39.9520077,-10.8913841],[-39.9669673,-10.8980561],[-39.9750306999999,-10.8876485],[-39.9990503999999,-10.8842182],[-39.9985296,-10.8753578999999],[-40.0191546999999,-10.884039],[-40.019038,-10.8677154],[-40.0588959999999,-10.8535864999999],[-40.0455921,-10.8002799999999],[-40.0279566999999,-10.7800581999999],[-40.036547,-10.7657728],[-40.0305648,-10.7346835999999],[-40.003935,-10.6723218],[-40.0157108,-10.6663604999999],[-39.9954023,-10.6317132999999],[-40.0176749999999,-10.6208225999999],[-39.9479545,-10.5496312],[-39.9322905999999,-10.5519869999999],[-39.9329352999999,-10.5630131999999],[-39.9209466,-10.5589138],[-39.9304192,-10.5356623],[-39.9225936999999,-10.4953462],[-39.9093265,-10.5075052],[-39.8974292,-10.4790705999999],[-39.8364137999999,-10.4478804999999],[-39.8203397999999,-10.4616538],[-39.8027738,-10.4597224999999],[-39.8037404,-10.4267359999999],[-39.7910866,-10.419928],[-39.7869094,-10.4299126],[-39.7496604999999,-10.4346494],[-39.7559037999999,-10.4733646999999],[-39.7636608,-10.4777154999999],[-39.7649501,-10.4977120999999],[-39.7561835999999,-10.5051761],[-39.7727063,-10.5517020999999],[-39.7483048999999,-10.6078004],[-39.7463931,-10.6399599],[-39.696157,-10.6743185999999],[-39.7006542,-10.7147667999999],[-39.7096473,-10.7204249],[-39.6948379999999,-10.7402708999999],[-39.6988559,-10.7535513999999],[-39.6829959999999,-10.7647971],[-39.6776589,-10.8038506999999],[-39.6635309,-10.8101015],[-39.6657936,-10.8381027],[-39.6369349999999,-10.8445394999999],[-39.6435028999999,-10.8578633],[-39.6259696,-10.8748760999999],[-39.6275726,-10.9149719],[-39.668269293,-10.9461808999999]]]}},{"type":"Feature","id":"2933174","properties":{"codigoIbge":"2933174","municipio":"Varzedo","cpr":"CPR-R","cprs":["CPR-R"],"opm":"14 BPM/SANTO ANTÔNIO DE JESUS","opms":["14 BPM/SANTO ANTÔNIO DE JESUS"],"cprExato":true,"opmExata":true,"somenteReferencia":false},"geometry":{"type":"Polygon","coordinates":[[[-39.3205207,-13.0371157],[-39.2876188,-13.0493059],[-39.284455,-13.0588819],[-39.2994257999999,-13.0657550999999],[-39.3180594999999,-13.0564143999999],[-39.3421087999999,-13.0604516999999],[-39.351506,-13.0437757999999],[-39.3818140999999,-13.0270729],[-39.4016458999999,-12.9967708999999],[-39.4432330999999,-12.9932494999999],[-39.4641119999999,-12.9600402],[-39.4629345,-12.8913079],[-39.4787011,-12.863582],[-39.475603,-12.8538669],[-39.4572246,-12.8455130999999],[-39.4269222,-12.8838514],[-39.3759284,-12.8875973],[-39.3511215,-12.9016391],[-39.3562395,-12.9192626],[-39.3229830999999,-12.9914818999999],[-39.3130063999999,-12.9948633999999],[-39.3095380999999,-13.0259217],[-39.3205207,-13.0371157]]]}},{"type":"Feature","id":"2917359","properties":{"codigoIbge":"2917359","municipio":"Jaborandi","cpr":"CPR-O","cprs":["CPR-O"],"opm":"30ª CIPM/SANTA MARIA DA VITÓRIA","opms":["30ª CIPM/SANTA MARIA DA VITÓRIA"],"cprExato":true,"opmExata":true,"somenteReferencia":false},"geometry":{"type":"Polygon","coordinates":[[[-46.0411979,-14.8264945999999],[-46.0186719,-14.8185496999999],[-46.0191571,-14.8030889],[-46.0008776999999,-14.7884334999999],[-46.007302,-14.7509790999999],[-45.9970579,-14.7413414],[-46.0046968,-14.7298362999999],[-45.9995840999999,-14.7086138999999],[-46.0055037,-14.688998],[-46.020865,-14.6910735],[-46.0279691,-14.6810075],[-46.0105164,-14.66219],[-45.989515,-14.6588449999999],[-45.9948143,-14.6396569],[-45.9843987,-14.6218787],[-45.9978884,-14.6035777],[-45.9852551,-14.5781325999999],[-45.9912772,-14.5547829999999],[-45.9753082999999,-14.5389297999999],[-46.0001362,-14.5227422999999],[-45.9960849999999,-14.4884059999999],[-46.0190031,-14.4720712],[-46.0000734,-14.4466222],[-46.0101837,-14.4256956999999],[-45.9758064,-14.434248],[-45.9326429,-14.4098592999999],[-45.9071552999999,-14.3551897999999],[-45.9151433,-14.3446448],[-45.9282322,-14.3502895999999],[-45.9422145999999,-14.3432549999999],[-45.9570512,-14.3213986],[-45.9625564999999,-14.2860365],[-45.9818404,-14.2735087999999],[-45.9975623,-14.2777558],[-45.9954281,-14.2561577],[-46.0264084999999,-14.2609082999999],[-46.0333003,-14.2476794],[-46.0529364999999,-14.244791],[-46.0604058,-14.2327005999999],[-46.0525646,-14.2044721],[-46.0610483,-14.1954845999999],[-46.1018829,-14.2083183],[-46.1006896,-14.1915086999999],[-46.1226647,-14.1906021],[-46.1110226,-14.1727112999999],[-46.1181409,-14.1599492999999],[-46.1321884,-14.1528501],[-46.1581406999999,-14.1605913999999],[-46.1859924999999,-14.1555916999999],[-46.1968285,-14.1301170999999],[-46.2243922,-14.1050276],[-46.2307248,-14.0595236999999],[-46.2130883999999,-14.0305577999999],[-46.2121208999999,-14.0101203999999],[-46.1686114999999,-13.9796974],[-46.121687,-13.977494],[-46.0881362,-13.954981],[-46.0673932,-13.9577199999999],[-46.0441458999999,-13.9504726],[-46.0306495999999,-13.9342106999999],[-46.009447,-13.9360126999999],[-45.9751823999999,-13.8991738999999],[-45.9536679,-13.9010562],[-45.9477219,-13.8849719999999],[-45.9040423,-13.8750196],[-45.8833961,-13.8416137999999],[-45.8620572,-13.827533],[-45.8257323,-13.8098466],[-45.8149589,-13.8133409],[-45.8041537999999,-13.7963597999999],[-45.7913454,-13.797433],[-45.7639839,-13.7729512],[-45.7144514,-13.7624246],[-45.6744439,-13.738785],[-45.5837236,-13.7681398],[-45.5216601,-13.7647183999999],[-45.4797462999999,-13.7382962999999],[-45.4355361,-13.7313915],[-45.3645624,-13.7363142],[-45.3370543,-13.7212268],[-45.3019528999999,-13.7342838],[-45.289678,-13.7485588],[-45.2760881,-13.7392538],[-45.2406372,-13.7449458],[-45.1949064,-13.7211447],[-45.1837413,-13.7048574999999],[-45.1344003,-13.6850307],[-45.1225626999999,-13.6657289999999],[-45.1171456,-13.6744537],[-44.8924984999999,-13.6713746999999],[-44.7239208,-13.5860198],[-44.668062,-13.53454628],[-44.6406491,-13.52973291],[-44.61589141,-13.54089991],[-44.5434299999999,-13.5196589999999],[-44.5065347999999,-13.5186811999999],[-44.5026417999999,-13.4671425999999],[-44.4927456,-13.4311231999999],[-44.4820958999999,-13.4223143],[-44.4681524,-13.4265071],[-44.4544693999999,-13.4170559999999],[-44.4321884,-13.4220675999999],[-44.4309646,-13.4318501999999],[-44.4027874999999,-13.4289330999999],[-44.3961070999999,-13.4174818],[-44.3822862,-13.4178118],[-44.3818246,-13.4086963999999],[-44.3703490999999,-13.4186774999999],[-44.3650658999999,-13.4080119],[-44.354819,-13.4180514],[-44.3519820999999,-13.411278],[-44.3377513999999,-13.4160196999999],[-44.3288360999999,-13.4083638999999],[-44.3316935999999,-13.3971043999999],[-44.3088422,-13.4058224999999],[-44.3008427999999,-13.3958906],[-44.2248767,-13.4276201],[-44.2338672,-13.441206],[-44.2445782999999,-13.4367056999999],[-44.2427554999999,-13.452686],[-44.2611017999999,-13.4578726999999],[-44.2691485999999,-13.4866589],[-44.2610513,-13.5095608999999],[-44.2810244999999,-13.5251021],[-44.2900954999999,-13.5598209],[-44.3159855,-13.5594475],[-44.3269455,-13.5811560999999],[-44.3493893,-13.5885751],[-44.3493614,-13.5988039],[-44.3804991,-13.5952336999999],[-44.42530292,-13.6223480899999],[-44.4531550899999,-13.6250763199999],[-44.4665697149999,-13.6440848899999],[-44.500190005,-13.65638089],[-44.501949695,-13.6663963949999],[-44.54197699,-13.67727998],[-44.570524005,-13.673202095],[-44.5801921999999,-13.68821051],[-44.5885789,-13.68434308],[-44.59534558,-13.70387612],[-44.63819058,-13.71240377],[-44.6510883949999,-13.7316901949999],[-44.65536559,-13.7237668949999],[-44.6765978,-13.7293498999999],[-44.6711614,-13.7355229],[-44.6976134999999,-13.7523859],[-44.7143695,-13.750195],[-44.7244741,-13.7666093],[-44.7817113,-13.7871390999999],[-44.7990295,-13.8005939999999],[-44.7951037999999,-13.8276863],[-44.8083096,-13.829216],[-44.8217552999999,-13.8502559999999],[-44.8339374,-13.8534235],[-44.8430236999999,-13.8821469],[-44.8679425,-13.8937839],[-44.8653631999999,-13.9035646999999],[-44.8875748999999,-13.9222071],[-44.9044866,-13.925739],[-44.9086268999999,-13.990897],[-44.9235649,-14.0146288],[-44.9404508,-14.0133288],[-44.9505667,-14.0324582],[-45.0106653,-14.0463119999999],[-45.0420829,-14.0611850999999],[-45.0491491,-14.0736165],[-45.0753597,-14.0762318],[-45.0999664,-14.09808],[-45.1068536999999,-14.1189502999999],[-45.1250204999999,-14.1108671],[-45.1915185999999,-14.126899],[-45.2028895,-14.149648],[-45.2219258,-14.1546140999999],[-45.2194269999999,-14.1674910999999],[-45.2415271,-14.1752458],[-45.2638709999999,-14.2001051999999],[-45.3019189,-14.209102],[-45.3045478999999,-14.2246541],[-45.317823,-14.2253339],[-45.3338275,-14.2459398],[-45.3748179999999,-14.2572587999999],[-45.3978954,-14.2942107],[-45.4113045999999,-14.2984926],[-45.4249227999999,-14.3293365],[-45.4548037,-14.3302277999999],[-45.4922654,-14.3556761999999],[-45.4965304,-14.3778386999999],[-45.5415048999999,-14.4142608],[-45.5590847999999,-14.4424812],[-45.6086232,-14.4780541],[-45.6234337999999,-14.5043423],[-45.6741173,-14.5184690999999],[-45.6840182999999,-14.5478843999999],[-45.7278649,-14.5713914999999],[-45.7466421999999,-14.6011645999999],[-45.8585831,-14.696386],[-45.9642064999999,-14.8109317999999],[-45.9961847,-14.8226458],[-46.0393784999999,-14.8752514999999],[-46.0252869,-14.8557564999999],[-46.0411979,-14.8264945999999]]]}},{"type":"Feature","id":"2933158","properties":{"codigoIbge":"2933158","municipio":"Várzea Nova","cpr":"CPR-CH","cprs":["CPR-CH"],"opm":"29 BPM/JACOBINA","opms":["29 BPM/JACOBINA"],"cprExato":true,"opmExata":true,"somenteReferencia":false},"geometry":{"type":"Polygon","coordinates":[[[-40.7272467999999,-11.247713],[-40.7457041,-11.2665688],[-40.8647348,-11.2608097],[-40.9461224999999,-11.2851257999999],[-41.1335525,-11.1533504999999],[-41.2445736,-11.1455789999999],[-41.2596955,-11.1208372999999],[-41.2895047,-11.1192753999999],[-41.316345,-11.0778399],[-41.3096485999999,-11.0261164],[-41.2817456,-10.9895119999999],[-41.2411918,-10.9915568],[-41.2338243999999,-10.9567041999999],[-41.1340595,-10.995531],[-41.1028755999999,-11.0247371],[-41.0886626999999,-11.0171305],[-40.9162865,-11.0234126999999],[-40.8006675999999,-11.112699],[-40.7272467999999,-11.247713]]]}},{"type":"Feature","id":"2917334","properties":{"codigoIbge":"2917334","municipio":"Iuiu","cpr":"CPR-MO","cprs":["CPR-MO"],"opm":"17 BPM/GUANAMBI","opms":["17 BPM/GUANAMBI"],"cprExato":true,"opmExata":true,"somenteReferencia":false},"geometry":{"type":"Polygon","coordinates":[[[-43.3737583,-14.361663],[-43.5302485999999,-14.8157505999999],[-43.5391991,-14.805736],[-43.5371739999999,-14.7835076],[-43.5737826,-14.7651632999999],[-43.5806163999999,-14.7508139],[-43.6112477,-14.7605487],[-43.6590308,-14.7448732999999],[-43.6732294999999,-14.7263556999999],[-43.6897438,-14.7282162999999],[-43.6871733999999,-14.7214074999999],[-43.7215083999999,-14.7281778],[-43.7120861999999,-14.7159402],[-43.6813069,-14.7085805999999],[-43.6753775,-14.6892998],[-43.6579012999999,-14.6746633],[-43.6588872999999,-14.6389128],[-43.6455642999999,-14.6214409],[-43.6268972,-14.549775],[-43.6519774,-14.5579989],[-43.6730909,-14.5437355999999],[-43.6631411,-14.5005798999999],[-43.6724452,-14.49459],[-43.6974162999999,-14.4222543999999],[-43.7198268999999,-14.4000091999999],[-43.7011221,-14.3554419],[-43.5960969999999,-14.2855344],[-43.5753483999999,-14.2838556999999],[-43.5790840999999,-14.2374958],[-43.5698887999999,-14.1819096999999],[-43.480716195,-14.1764545899999],[-43.4563218,-14.1661182],[-43.3737583,-14.361663]]]}},{"type":"Feature","id":"2932457","properties":{"codigoIbge":"2932457","municipio":"Umburanas","cpr":"CPR-CH","cprs":["CPR-CH"],"opm":"29 BPM/JACOBINA","opms":["29 BPM/JACOBINA"],"cprExato":true,"opmExata":true,"somenteReferencia":false},"geometry":{"type":"Polygon","coordinates":[[[-41.2807731,-10.7380861],[-41.4432317,-10.8018663999999],[-41.4410816,-10.7857476],[-41.4535026999999,-10.7900364999999],[-41.4789593,-10.7547],[-41.5353800999999,-10.734992],[-41.5754198999999,-10.7571801999999],[-41.5900535,-10.7416898999999],[-41.5899108,-10.7243437],[-41.5573835,-10.7025239999999],[-41.5460335,-10.6645715999999],[-41.5329702999999,-10.6794194999999],[-41.5038933,-10.6659993],[-41.4960799,-10.6515062999999],[-41.5058175,-10.6401238999999],[-41.4956518,-10.6183091],[-41.4852630999999,-10.6337103999999],[-41.4740983999999,-10.6299958],[-41.4570666,-10.5976904999999],[-41.4303571,-10.5894337],[-41.4272673,-10.5762801999999],[-41.3917691999999,-10.5677023],[-41.3973669,-10.5475766],[-41.3815221999999,-10.5187405],[-41.4530028,-10.4882721999999],[-41.4735944999999,-10.4636317],[-41.4492124,-10.4533294999999],[-41.4457085,-10.4414729],[-41.3772360999999,-10.4165422],[-41.3543199,-10.387797],[-41.3601657999999,-10.3691383999999],[-41.3329608,-10.3778313999999],[-41.3261186999999,-10.3540447999999],[-41.2865881,-10.3356987999999],[-41.2599561,-10.3516844],[-41.2510091,-10.4279357999999],[-41.2329007,-10.4364138],[-41.2220235,-10.4552886],[-41.2120944,-10.4568434999999],[-41.1752073,-10.4302321],[-41.1066617,-10.466665],[-41.0383262,-10.4513999],[-41.0187103,-10.4315121999999],[-41.0020896,-10.4512859],[-40.9671637,-10.4514389],[-40.9663063,-10.4762861999999],[-40.9460478999999,-10.4863215],[-40.9418411,-10.5093001999999],[-40.900452,-10.5175128999999],[-40.8836999,-10.4944351],[-40.8724324,-10.5005447],[-40.8952128,-10.5510479],[-40.9039162,-10.5444934],[-40.9221057,-10.5584941],[-40.9158227999999,-10.5633295],[-40.9342652999999,-10.6051363999999],[-41.1109992999999,-10.6576679999999],[-41.1144755999999,-10.6750281],[-41.0852082,-10.6707451],[-41.0790216,-10.6799655],[-41.0811631,-10.6957295],[-41.1027338,-10.7152887999999],[-41.1758010999999,-10.7234324999999],[-41.1954512,-10.6967948],[-41.1795461,-10.6490798],[-41.2810165,-10.6424810999999],[-41.3074088,-10.6807075999999],[-41.2807731,-10.7380861]]]}},{"type":"Feature","id":"2917409","properties":{"codigoIbge":"2917409","municipio":"Jacaraci","cpr":"CPR-MO","cprs":["CPR-MO"],"opm":"94ª CIPM/CAETITÉ","opms":["94ª CIPM/CAETITÉ"],"cprExato":true,"opmExata":true,"somenteReferencia":false},"geometry":{"type":"Polygon","coordinates":[[[-42.4629252,-14.9574064999999],[-42.4737484,-14.9677219],[-42.4790154999999,-15.0142448999999],[-42.4957414,-14.9948583999999],[-42.5316352999999,-14.9774854],[-42.5348824,-14.9665859999999],[-42.5606855,-14.9622972],[-42.5871895999999,-14.9302344],[-42.5989688999999,-14.9240978],[-42.6134372,-14.9377258],[-42.6240736,-14.934048],[-42.6093503,-14.8897916999999],[-42.5875053999999,-14.8656326999999],[-42.5751078,-14.8753763],[-42.5704001,-14.8474284],[-42.5539196999999,-14.8353825],[-42.5612958,-14.8265147999999],[-42.5492037999999,-14.8265795999999],[-42.5299874,-14.8079356],[-42.5294496999999,-14.7659341999999],[-42.4919247999999,-14.7502994999999],[-42.4876924,-14.7372096],[-42.4639109,-14.7419907999999],[-42.453112,-14.7582113],[-42.4370790999999,-14.760613],[-42.4219452,-14.7495736999999],[-42.4172025999999,-14.7233654],[-42.3797069,-14.7108919999999],[-42.37834,-14.6655570999999],[-42.3549139,-14.6257391999999],[-42.3372553999999,-14.6195059999999],[-42.311297,-14.6311329],[-42.2693447,-14.6312515999999],[-42.2477508969999,-14.6090353069999],[-42.2166327799999,-14.5981641999999],[-42.19485622,-14.6074573999999],[-42.1569064,-14.5970416],[-42.0856957,-14.6816631],[-42.0687553,-14.6747988],[-42.04934,-14.6936502],[-42.0688514999999,-14.7184483],[-42.0509883999999,-14.7482401],[-42.0565182999999,-14.7803688],[-42.0464911,-14.8045969999999],[-42.0595408,-14.8497788999999],[-42.0972619999999,-14.8190079999999],[-42.1351409,-14.8112596],[-42.1782535999999,-14.8191090999999],[-42.3462165,-14.8691479],[-42.3546830999999,-14.8763681],[-42.3530906,-14.9004477],[-42.3805563,-14.9479021],[-42.4629252,-14.9574064999999]]]}},{"type":"Feature","id":"2909208","properties":{"codigoIbge":"2909208","municipio":"Coronel João Sá","cpr":"CPR-NE","cprs":["CPR-NE"],"opm":"20 BPM/PAULO AFONSO","opms":["20 BPM/PAULO AFONSO"],"cprExato":true,"opmExata":true,"somenteReferencia":false},"geometry":{"type":"Polygon","coordinates":[[[-37.8529986,-10.4061682999999],[-37.8596092,-10.4271198],[-37.8477318,-10.4434917],[-37.9088985,-10.4486825999999],[-37.9153363999999,-10.4405452],[-37.907479,-10.4329342],[-37.9220493,-10.4227372],[-37.9205130999999,-10.4130759999999],[-37.935281,-10.4104642],[-37.9342854999999,-10.3958845999999],[-37.9543027999999,-10.3976903],[-37.9549086,-10.4066827999999],[-37.9667564,-10.3938828999999],[-37.9822025999999,-10.4000743],[-38.0011714999999,-10.3753383],[-38.0172075,-10.3764692999999],[-38.0201023,-10.3847767],[-38.0307584,-10.3721158],[-38.0383035,-10.3782404],[-38.0374664,-10.3406239999999],[-38.0547342,-10.3276329],[-38.0589937,-10.3110121],[-38.0509163,-10.2943241999999],[-38.0612232,-10.2879464],[-38.0548922999999,-10.276333],[-38.0706160999999,-10.2753261999999],[-38.0611689,-10.2618752],[-38.0724675,-10.245054],[-38.0649136,-10.2346246],[-38.0833368999999,-10.2292090999999],[-38.0936981999999,-10.2458912],[-38.0982241,-10.2373908],[-38.0879477999999,-10.2285676],[-38.1047904,-10.2229884999999],[-38.1095361,-10.2087083],[-38.0897173,-10.1479155],[-38.0441144,-10.1412169],[-38.0180452,-10.1234827],[-37.9653051999999,-10.1466604999999],[-37.9514247,-10.1616010999999],[-37.9171512999999,-10.1620050999999],[-37.8362847999999,-10.2295607999999],[-37.7930104,-10.2469141999999],[-37.7813619999999,-10.2759126],[-37.7451248,-10.3135839],[-37.7433128,-10.3383906999999],[-37.7851554,-10.3455695],[-37.7989971,-10.3633854],[-37.8390479999999,-10.3788203999999],[-37.8382657,-10.4026976],[-37.8529986,-10.4061682999999]]]}},{"type":"Feature","id":"2901007","properties":{"codigoIbge":"2901007","municipio":"Amargosa","cpr":"CPR-R","cprs":["CPR-R"],"opm":"99ª CIPM/AMARGOSA","opms":["99ª CIPM/AMARGOSA"],"cprExato":true,"opmExata":true,"somenteReferencia":false},"geometry":{"type":"Polygon","coordinates":[[[-39.5385391999999,-13.1236782999999],[-39.5490364999999,-13.1532927],[-39.5531389,-13.1408966999999],[-39.57535,-13.1526221],[-39.5981588,-13.0970667],[-39.6319027,-13.0956062999999],[-39.6530372999999,-13.1091135999999],[-39.7026562999999,-13.1122157],[-39.7672469,-13.0477046999999],[-39.8013091,-12.9839701999999],[-39.7832543,-12.9825198999999],[-39.7804060999999,-12.9948888],[-39.7553849999999,-12.9998110999999],[-39.7470544,-13.0129064],[-39.7108256999999,-12.9761349],[-39.6882682,-12.9999101999999],[-39.6660232,-12.9767469],[-39.6729506999999,-12.9655475],[-39.6670099999999,-12.9512056],[-39.6304752,-12.9303747],[-39.622813,-12.9132203999999],[-39.5461526,-12.9949162999999],[-39.5482559,-13.0062328999999],[-39.5167757999999,-13.0402895999999],[-39.5229145,-13.0469889],[-39.5128015999999,-13.0490186],[-39.5110984,-13.0694713],[-39.4875799,-13.0699751999999],[-39.4937255999999,-13.0777105999999],[-39.4722722999999,-13.1039756],[-39.4833614,-13.1053209],[-39.4697550999999,-13.1238397999999],[-39.4942915,-13.1114267],[-39.5385391999999,-13.1236782999999]]]}},{"type":"Feature","id":"2932507","properties":{"codigoIbge":"2932507","municipio":"Una","cpr":"CPR-S","cprs":["CPR-S"],"opm":"71ª CIPM/CANAVIEIRAS","opms":["71ª CIPM/CANAVIEIRAS"],"cprExato":true,"opmExata":true,"somenteReferencia":false},"geometry":{"type":"Polygon","coordinates":[[[-39.1099876,-15.3635555999999],[-39.1395876999999,-15.3762571999999],[-39.1639498,-15.3739257],[-39.2346659,-15.3551765999999],[-39.2537126999999,-15.3415603999999],[-39.253959,-15.3603044],[-39.2862004999999,-15.3412787999999],[-39.2931604999999,-15.3308564],[-39.2878228,-15.316589],[-39.3008656,-15.3041544],[-39.3148451,-15.3082125999999],[-39.3195195,-15.3302624],[-39.3402371,-15.3193606999999],[-39.3333739999999,-15.291172],[-39.2984585,-15.2772871],[-39.3202186999999,-15.2639086999999],[-39.3062791,-15.2606388],[-39.3087596999999,-15.2357924999999],[-39.2988755,-15.224783793],[-39.3084420929999,-15.216310407],[-39.2983020099999,-15.2034190099999],[-39.31460522,-15.1577501099999],[-39.330680905,-15.15608909],[-39.3243133999999,-15.14361611],[-39.329587207,-15.113089793],[-39.29972458,-15.09325288],[-39.29471791,-15.07250148],[-39.27229792,-15.08395839],[-39.2360581,-15.0484122],[-39.2194031,-15.0555297999999],[-39.2058517,-15.0468207],[-39.1774212,-15.049609],[-39.1588313999999,-15.0588296999999],[-39.1316495,-15.0358014],[-39.1193084999999,-15.0570885],[-39.0815668,-15.0800561999999],[-39.0826018,-15.0968224],[-39.0699023,-15.0963422999999],[-39.0629969,-15.1122639],[-39.043289,-15.1116403],[-39.0190984,-15.0899987999999],[-39.0087619999999,-15.0963869999999],[-38.9963256,-15.0851519],[-38.993062,-15.2941552999999],[-38.9732185,-15.3855024],[-38.9876965,-15.3837397],[-38.9916259999999,-15.3916732],[-39.0036995999999,-15.3715157999999],[-39.0166045,-15.3909239999999],[-39.0810347,-15.3630982],[-39.1025668,-15.3709486],[-39.1099876,-15.3635555999999]]]}},{"type":"Feature","id":"2917201","properties":{"codigoIbge":"2917201","municipio":"Ituaçu","cpr":"CPR-SO","cprs":["CPR-SO"],"opm":"24 BPM/BRUMADO","opms":["24 BPM/BRUMADO"],"cprExato":true,"opmExata":true,"somenteReferencia":false},"geometry":{"type":"Polygon","coordinates":[[[-41.2780051,-13.9188154],[-41.2801787999999,-13.9833159],[-41.2974401,-13.9995345],[-41.2851377,-14.0397346],[-41.2940816999999,-14.0508747],[-41.2798235999999,-14.0748925999999],[-41.2912805999999,-14.0905981],[-41.3043283,-14.0823344999999],[-41.3149835,-14.087641],[-41.3599290999999,-14.0519644],[-41.3782543,-14.0440776999999],[-41.3901817,-14.0500496999999],[-41.4263877999999,-14.0228246999999],[-41.4415931999999,-14.0219445],[-41.4488832,-14.0042478999999],[-41.4637488,-14.0014030999999],[-41.4659316999999,-13.9712966],[-41.4755332,-13.9696223999999],[-41.4667987999999,-13.9613325999999],[-41.481983,-13.950342],[-41.4732648999999,-13.9430929],[-41.4841053,-13.9364576999999],[-41.4795692,-13.9296919],[-41.5016773,-13.924112],[-41.4921419,-13.9131199999999],[-41.5077231999999,-13.9025472],[-41.5093934999999,-13.8703467999999],[-41.519419,-13.8664790999999],[-41.5137652,-13.8548602999999],[-41.5177075,-13.8339576],[-41.5282152,-13.8276483],[-41.522972,-13.8146613],[-41.5419949,-13.8025704999999],[-41.531291,-13.7818172],[-41.5433462,-13.7778135],[-41.5451492,-13.7618097],[-41.5772423,-13.7520941],[-41.5776035,-13.7267299],[-41.5902930999999,-13.7240413],[-41.5874464,-13.7078832],[-41.6001027999999,-13.7076653999999],[-41.5930577999999,-13.6901033999999],[-41.6080636,-13.6601780999999],[-41.4745234,-13.6603097999999],[-41.4318787999999,-13.6683555999999],[-41.4238156,-13.6616955],[-41.4123400999999,-13.6739607],[-41.3681829999999,-13.6727835999999],[-41.3293259,-13.6996055],[-41.2939186999999,-13.7076547],[-41.3022892,-13.6849546],[-41.2877242,-13.6810778],[-41.24918101,-13.7181419949999],[-41.2213127049999,-13.694641695],[-41.2176152069999,-13.7051565969999],[-41.23446433,-13.71542919],[-41.24157352,-13.74002859],[-41.2384208999999,-13.78234409],[-41.205144595,-13.8213989999999],[-41.2220008099999,-13.814001795],[-41.2156634999999,-13.9101739],[-41.2390282,-13.8918100999999],[-41.2663223,-13.9019891999999],[-41.2780051,-13.9188154]]]}},{"type":"Feature","id":"2924306","properties":{"codigoIbge":"2924306","municipio":"Piatã","cpr":"CPR-CH","cprs":["CPR-CH"],"opm":"29ª CIPM/SEABRA","opms":["29ª CIPM/SEABRA"],"cprExato":true,"opmExata":true,"somenteReferencia":false},"geometry":{"type":"Polygon","coordinates":[[[-41.6902671999999,-13.2162516],[-41.7909566,-13.2798817],[-41.8577824,-13.1892329999999],[-41.8748413,-13.2136447999999],[-41.8882583,-13.210792],[-41.9018651,-13.2219272],[-41.9186587,-13.2490948],[-41.9125662,-13.2640602],[-41.9744575999999,-13.2414995999999],[-42.0148579999999,-13.1888387],[-42.0313973999999,-13.1761534999999],[-42.0591499999999,-13.1814079],[-42.0731175999999,-13.1520523],[-42.10365631,-13.1327272099999],[-42.110117605,-13.0817777],[-42.1028555949999,-13.0678534849999],[-42.1252934999999,-13.0183372],[-42.1239446,-13.0004714999999],[-42.0950907,-13.0022264999999],[-42.0914491,-12.9796446999999],[-42.0764894,-12.9804109],[-42.0667113,-12.952378],[-42.0501295999999,-12.9431567999999],[-42.0528571999999,-12.9122235],[-42.0135392999999,-12.9202063999999],[-42.0245639,-12.8893755],[-42.0184548,-12.8561122999999],[-41.9936837,-12.8557069999999],[-41.978011,-12.8303784999999],[-41.9147702,-12.8190069999999],[-41.8949229999999,-12.8036607],[-41.8574632,-12.8250977],[-41.8297904,-12.8142912],[-41.8129241,-12.8208599],[-41.7978247999999,-12.8085801999999],[-41.6845349,-13.0117635],[-41.6635949,-13.0711567],[-41.6489438999999,-13.0807108999999],[-41.6262525,-13.129857],[-41.6401865999999,-13.1503504],[-41.6350730999999,-13.1589926],[-41.6766847,-13.1795675999999],[-41.6736415999999,-13.1930528],[-41.6902671999999,-13.2162516]]]}},{"type":"Feature","id":"2909000","properties":{"codigoIbge":"2909000","municipio":"Cordeiros","cpr":"CPR-SO","cprs":["CPR-SO"],"opm":"80ª CIPM/CANDIDO SALES","opms":["80ª CIPM/CANDIDO SALES"],"cprExato":true,"opmExata":true,"somenteReferencia":false},"geometry":{"type":"Polygon","coordinates":[[[-41.8704306,-15.1151801],[-41.8970388,-15.1518993],[-41.9266274,-15.1607913],[-41.9325365,-15.1745017],[-41.9534343999999,-15.1756645],[-41.9877935,-15.1683288999999],[-41.9946916,-15.1588745],[-42.0485222999999,-15.1707345],[-42.0700636999999,-15.1407877],[-41.9856498999999,-15.0664378],[-41.9742242999999,-15.0306201],[-41.9786377999999,-14.9900572999999],[-41.9316363999999,-14.9456850999999],[-41.9230916,-14.9279079],[-41.9304220999999,-14.9250640999999],[-41.9272601,-14.9132306],[-41.8991197999999,-14.9061472999999],[-41.8889953999999,-14.8901155999999],[-41.8808478,-14.8950383],[-41.8819844999999,-14.8872895],[-41.8657166,-14.8996056],[-41.855809,-14.8888284],[-41.8450407,-14.8980797999999],[-41.8297974,-14.8926761999999],[-41.8172951,-14.9163048],[-41.7935757,-14.9251002],[-41.7809591,-14.9630602],[-41.7874424999999,-14.9894957],[-41.8024966999999,-14.9907248],[-41.806202,-15.0053775],[-41.8228425,-14.996817],[-41.8354060999999,-15.0067392999999],[-41.8374047999999,-15.0199453],[-41.8277679999999,-15.029368],[-41.7888467999999,-15.0415684999999],[-41.8284366,-15.0516301],[-41.8092425,-15.078293],[-41.8102656999999,-15.10142],[-41.8483105,-15.1168420999999],[-41.8704306,-15.1151801]]]}},{"type":"Feature","id":"2917300","properties":{"codigoIbge":"2917300","municipio":"Ituberá","cpr":"CPR-R","cprs":["CPR-R"],"opm":"31 BPM/VALENÇA","opms":["31 BPM/VALENÇA"],"cprExato":true,"opmExata":true,"somenteReferencia":false},"geometry":{"type":"Polygon","coordinates":[[[-39.1812709,-13.8004663999999],[-39.2544384999999,-13.8135578],[-39.2580277,-13.8414324999999],[-39.2831004,-13.8451762999999],[-39.3175163,-13.8294907],[-39.3175550999999,-13.7700328],[-39.3083541,-13.7720255999999],[-39.2731646999999,-13.7116280999999],[-39.2323941999999,-13.6971313999999],[-39.2285755999999,-13.6820729],[-39.1333787,-13.6508408999999],[-39.0790766,-13.6796130999999],[-39.0584866,-13.7049322999999],[-39.0469942,-13.6960301999999],[-39.0234604999999,-13.7105463],[-38.9945463,-13.7077242],[-38.9817924,-13.6964886],[-39.0003368,-13.7757142],[-38.9721506999999,-13.8424461999999],[-38.9797388,-13.8468799],[-39.0134770999999,-13.8460238],[-39.03743,-13.8318006],[-39.0708781,-13.7597352],[-39.1013930999999,-13.7492128],[-39.12107,-13.7175404],[-39.1490913,-13.7517506],[-39.1576557,-13.7823397],[-39.1760513,-13.7849901],[-39.1812709,-13.8004663999999]]]}},{"type":"Feature","id":"2909109","properties":{"codigoIbge":"2909109","municipio":"Coribe","cpr":"CPR-O","cprs":["CPR-O"],"opm":"30ª CIPM/SANTA MARIA DA VITÓRIA","opms":["30ª CIPM/SANTA MARIA DA VITÓRIA"],"cprExato":true,"opmExata":true,"somenteReferencia":false},"geometry":{"type":"Polygon","coordinates":[[[-44.2295935999999,-13.9582472],[-44.252834,-13.9716336999999],[-44.2502031,-13.9933235999999],[-44.2688057,-14.0055247999999],[-44.2737938999999,-14.0281472999999],[-44.3086362,-14.0430643],[-44.3665272,-14.0476937],[-44.468058,-14.0342143],[-44.6621057,-13.8915183],[-44.7119529,-13.8892114],[-44.7260314,-13.8711824],[-44.7489904999999,-13.8662629],[-44.7664109,-13.8409081],[-44.7963508,-13.8251604],[-44.7990295,-13.8005939999999],[-44.7221137999999,-13.7652527999999],[-44.7143695,-13.750195],[-44.6976134999999,-13.7523859],[-44.6711614,-13.7355229],[-44.6765978,-13.7293498999999],[-44.65536559,-13.7237668949999],[-44.6510883949999,-13.7316901949999],[-44.63819058,-13.71240377],[-44.59534558,-13.70387612],[-44.5885789,-13.68434308],[-44.5801921999999,-13.68821051],[-44.570524005,-13.673202095],[-44.54197699,-13.67727998],[-44.501949695,-13.6663963949999],[-44.500190005,-13.65638089],[-44.4665697149999,-13.6440848899999],[-44.4531550899999,-13.6250763199999],[-44.42530292,-13.6223480899999],[-44.3804991,-13.5952336999999],[-44.3493614,-13.5988039],[-44.3493893,-13.5885751],[-44.3269455,-13.5811560999999],[-44.3159855,-13.5594475],[-44.310818,-13.5649324999999],[-44.3089605,-13.5566166999999],[-44.2852981,-13.5555034],[-44.2770022,-13.5181903],[-44.2532712,-13.5109866],[-44.2393317999999,-13.5886232999999],[-44.1881668,-13.6582223999999],[-44.1801275999999,-13.6840437999999],[-44.1442958,-13.6897226],[-44.0290452,-13.7926621999999],[-44.0204634,-13.8127415],[-44.0328347,-13.8041885],[-44.0165516,-13.8258541],[-44.0275149,-13.8306562999999],[-44.0263216,-13.8361242],[-44.0148417999999,-13.8273819999999],[-44.0033539,-13.831317],[-44.0042850999999,-13.8445427999999],[-44.0136721,-13.8436012999999],[-44.0094291999999,-13.8531925],[-44.0279659,-13.8557026],[-44.0317666999999,-13.8890018],[-44.0482059,-13.8663761999999],[-44.0728614,-13.8695054999999],[-44.0554792,-13.8741178999999],[-44.0494203,-13.8977444],[-44.0312415999999,-13.8977310999999],[-44.0294382,-13.9077121999999],[-44.0376282999999,-13.903836],[-44.0555661,-13.9161248999999],[-44.0522889,-13.9306574999999],[-44.0588169,-13.9242839999999],[-44.0674531999999,-13.9285892],[-44.0579195,-13.9473098999999],[-44.0703341,-13.9428086],[-44.0720547,-13.9502542],[-44.0746609,-13.9373267],[-44.0855362999999,-13.9386153],[-44.0846705,-13.9144909999999],[-44.0771496999999,-13.9145996999999],[-44.0917706,-13.9078812],[-44.0905238,-13.9258012999999],[-44.1107949,-13.9486838],[-44.1020025999999,-13.9624635],[-44.107251,-13.985091],[-44.154849,-13.9497026],[-44.1879549999999,-13.9442744999999],[-44.1951295,-13.9263908],[-44.2316061999999,-13.94267],[-44.2295935999999,-13.9582472]]]}},{"type":"Feature","id":"2932309","properties":{"codigoIbge":"2932309","municipio":"Ubatã","cpr":"CPR-S","cprs":["CPR-S"],"opm":"61ª CIPM/UBAITABA","opms":["61ª CIPM/UBAITABA"],"cprExato":true,"opmExata":true,"somenteReferencia":false},"geometry":{"type":"Polygon","coordinates":[[[-39.5158504,-14.2175927],[-39.5463229,-14.2101016999999],[-39.5667440999999,-14.2398019],[-39.5784202999999,-14.2129833999999],[-39.5691581999999,-14.2021133],[-39.5731244999999,-14.1815374999999],[-39.5611595,-14.1473200999999],[-39.5471249,-14.1442987999999],[-39.5403444,-14.1306546],[-39.5541678,-14.1142315],[-39.5466752,-14.0635832999999],[-39.5266736,-14.0516817999999],[-39.5315636,-14.0448693],[-39.5188914999999,-14.0093750999999],[-39.5324803,-14.0054458999999],[-39.5456594,-13.9600804999999],[-39.5199863999999,-13.9656532],[-39.5097062999999,-13.9503298999999],[-39.5164892999999,-13.9338797],[-39.4983942,-13.9322127],[-39.4877915,-13.9347713999999],[-39.4920003999999,-13.9704374],[-39.4792520999999,-13.9825541],[-39.4927709999999,-14.0141712],[-39.4861648999999,-14.0271248],[-39.5060379,-14.0417887999999],[-39.5046346999999,-14.0536518],[-39.4883397999999,-14.0561946],[-39.5077678,-14.0923725],[-39.4943749,-14.0962643],[-39.4862676,-14.0869443999999],[-39.4707816,-14.1080742],[-39.4869662,-14.1199381],[-39.5158504,-14.2175927]]]}},{"type":"Feature","id":"2924108","properties":{"codigoIbge":"2924108","municipio":"Pedrão","cpr":"CPR-LN","cprs":["CPR-LN"],"opm":"4 BPM/ALAGOINHAS","opms":["4 BPM/ALAGOINHAS"],"cprExato":true,"opmExata":true,"somenteReferencia":false},"geometry":{"type":"Polygon","coordinates":[[[-38.5704631,-12.1252588999999],[-38.5846878999999,-12.1903437999999],[-38.5955633,-12.1956458],[-38.6151034,-12.1768514999999],[-38.6123128999999,-12.1664094999999],[-38.6321842999999,-12.1701318],[-38.6581603999999,-12.1929026],[-38.7330201999999,-12.1553908],[-38.7003192,-12.138798],[-38.6577252,-12.0532732999999],[-38.6036528,-12.0823650999999],[-38.5759912,-12.0866091],[-38.5704631,-12.1252588999999]]]}},{"type":"Feature","id":"2900900","properties":{"codigoIbge":"2900900","municipio":"Almadina","cpr":"CPR-S","cprs":["CPR-S"],"opm":"15 BPM/ITABUNA","opms":["15 BPM/ITABUNA"],"cprExato":true,"opmExata":true,"somenteReferencia":false},"geometry":{"type":"Polygon","coordinates":[[[-39.5698624,-14.722452],[-39.5825775,-14.783155],[-39.6189062,-14.7888725],[-39.7543087,-14.7163717],[-39.7457290999999,-14.6579072],[-39.7294087,-14.6378078],[-39.7204427999999,-14.6031510999999],[-39.6981122,-14.6051194],[-39.6196816999999,-14.6620895999999],[-39.5698624,-14.722452]]]}},{"type":"Feature","id":"2932408","properties":{"codigoIbge":"2932408","municipio":"Uibaí","cpr":"CPR-CN","cprs":["CPR-CN"],"opm":"7 BPM/IRECÊ","opms":["7 BPM/IRECÊ"],"cprExato":true,"opmExata":true,"somenteReferencia":false},"geometry":{"type":"Polygon","coordinates":[[[-42.1695898,-11.4572269],[-42.1587608,-11.4512774999999],[-42.1566774999999,-11.4309509999999],[-42.1601575999999,-11.4039288999999],[-42.1755836,-11.3971900999999],[-42.1797931999999,-11.3477404999999],[-42.2238608,-11.3047882999999],[-42.2402905,-11.2612328],[-42.1513442999999,-11.2370078],[-42.1369425999999,-11.2454842],[-42.107325385,-11.221788095],[-42.0542864999999,-11.2333909999999],[-42.049034293,-11.3310539999999],[-42.0255791,-11.3874607999999],[-41.9782475,-11.4277455],[-42.0077755999999,-11.4570537],[-42.0677853,-11.5956803999999],[-42.0859455,-11.5222476],[-42.1179852,-11.5248046999999],[-42.1262282,-11.4941603],[-42.1640803,-11.4802265],[-42.1695898,-11.4572269]]]}},{"type":"Feature","id":"2916609","properties":{"codigoIbge":"2916609","municipio":"Itapitanga","cpr":"CPR-S","cprs":["CPR-S"],"opm":"15 BPM/ITABUNA","opms":["15 BPM/ITABUNA"],"cprExato":true,"opmExata":true,"somenteReferencia":false},"geometry":{"type":"Polygon","coordinates":[[[-39.550592497,-14.5617583019999],[-39.7349551,-14.5561870999999],[-39.7318045,-14.5090284999999],[-39.7030976999999,-14.4346323999999],[-39.7161523,-14.4119135999999],[-39.6968699999999,-14.3698044],[-39.5904118999999,-14.3953294],[-39.5357857,-14.3928083],[-39.5262984999999,-14.4121590999999],[-39.4965559999999,-14.4112554],[-39.4899105,-14.3985966],[-39.475905005,-14.3958537099999],[-39.4762954999999,-14.409153795],[-39.514397705,-14.456214995],[-39.5121215949999,-14.48329969],[-39.550592497,-14.5617583019999]]]}},{"type":"Feature","id":"2924207","properties":{"codigoIbge":"2924207","municipio":"Pedro Alexandre","cpr":"CPR-NE","cprs":["CPR-NE"],"opm":"20 BPM/PAULO AFONSO","opms":["20 BPM/PAULO AFONSO"],"cprExato":true,"opmExata":true,"somenteReferencia":false},"geometry":{"type":"Polygon","coordinates":[[[-37.7686619999999,-10.2891961],[-37.7930104,-10.2469141999999],[-37.8362847999999,-10.2295607999999],[-37.906057,-10.1684117999999],[-37.9518371999999,-10.1614402],[-37.9653051999999,-10.1466604999999],[-38.0180452,-10.1234827],[-38.0441144,-10.1412169],[-38.0897173,-10.1479155],[-38.088498,-10.1093397],[-38.0778687,-10.1004253999999],[-38.0877217,-10.0458982],[-38.1089598,-10.0030103999999],[-38.0998511999999,-9.96788859999998],[-38.1185179999999,-9.95340959999993],[-38.1329574,-9.95482059999995],[-38.1403185999999,-9.94124059999996],[-38.1143597,-9.91986349999996],[-38.1022397,-9.88248209999995],[-38.0831534,-9.89684519999997],[-38.0034676,-9.90469179999997],[-37.9754164,-9.93673179999996],[-37.9554323999999,-9.94299989999996],[-37.9370349,-9.93972979999995],[-37.9076252,-9.91088049999996],[-37.9011877999999,-9.92112809999998],[-37.9127912,-9.93713129999998],[-37.8957932,-9.94213239999993],[-37.8960726,-9.95428339999995],[-37.8760988,-9.97695579999993],[-37.8472437,-9.99428099999994],[-37.8248134999999,-10.0234563],[-37.8259677999999,-10.0365836],[-37.790902,-10.032705],[-37.7826446,-10.043599],[-37.8020145,-10.1124474],[-37.7779303999999,-10.1341413],[-37.7822308999999,-10.1855917],[-37.7656810999999,-10.1960448999999],[-37.7470908,-10.2380727],[-37.7656795,-10.2518674],[-37.7488597,-10.2643236],[-37.75111,-10.2903689],[-37.7686619999999,-10.2891961]]]}},{"type":"Feature","id":"2908408","properties":{"codigoIbge":"2908408","municipio":"Conceição do Coité","cpr":"CPR-NE","cprs":["CPR-NE"],"opm":"16 BPM/SERRINHA","opms":["16 BPM/SERRINHA"],"cprExato":true,"opmExata":true,"somenteReferencia":false},"geometry":{"type":"Polygon","coordinates":[[[-39.1516937,-11.6781953999999],[-39.2138762,-11.7199588999999],[-39.2330853,-11.7638822],[-39.3626896,-11.6467928],[-39.4864087,-11.6012003],[-39.4307709,-11.5824170999999],[-39.3464997999999,-11.506406],[-39.2852295,-11.3746608],[-39.2745553,-11.3830768],[-39.2676102999999,-11.3780414999999],[-39.2732147,-11.3370201],[-39.2273066999999,-11.3392104],[-39.2336098,-11.3231302],[-39.2054568,-11.2736844999999],[-39.2013162,-11.2800976],[-39.1825406,-11.2690211],[-39.1712458,-11.2805134999999],[-39.1580443999999,-11.2704558999999],[-39.1552487,-11.2820704],[-39.1294859999999,-11.3000620999999],[-39.1365211999999,-11.3225988],[-39.1247478,-11.3405614],[-39.1195213,-11.4064420999999],[-39.1576188999999,-11.5290964],[-39.1458906,-11.5376949],[-39.1453883999999,-11.5740597],[-39.1610575,-11.6229096],[-39.1516937,-11.6781953999999]]]}},{"type":"Feature","id":"2900207","properties":{"codigoIbge":"2900207","municipio":"Abaré","cpr":"CPR-N","cprs":["CPR-N"],"opm":"45ª CIPM/CURAÇA","opms":["45ª CIPM/CURAÇA"],"cprExato":true,"opmExata":true,"somenteReferencia":false},"geometry":{"type":"Polygon","coordinates":[[[-39.2711105999999,-8.94410869999996],[-39.2647009,-8.98904289999996],[-39.2801031,-9.01129399999996],[-39.2799077999999,-9.03060249999993],[-39.3148199,-9.06037919999994],[-39.3268704,-9.10980629999995],[-39.3410119,-9.12601359999996],[-39.3426709,-9.15445819999997],[-39.4081684999999,-9.13314429999997],[-39.4684680999999,-8.97620279999995],[-39.4915769,-8.83585589999996],[-39.373572,-8.56327139999996],[-39.3592083999999,-8.54644839999997],[-39.3423069999999,-8.55967709999993],[-39.2932155999999,-8.56062919999994],[-39.2751598,-8.57682499999993],[-39.2677439,-8.60884579999993],[-39.24188,-8.63630739999996],[-39.2454926,-8.68410589999996],[-39.2285219,-8.71031529999993],[-39.1809957999999,-8.70630089999997],[-39.1687128,-8.69150449999995],[-39.1486351999999,-8.71091929999994],[-39.0645385999999,-8.73163019999993],[-39.1055077999999,-8.84617749999995],[-39.2711105999999,-8.94410869999996]]]}},{"type":"Feature","id":"2932705","properties":{"codigoIbge":"2932705","municipio":"Uruçuca","cpr":"CPR-S","cprs":["CPR-S"],"opm":"72ª CIPM/ITACARÉ","opms":["72ª CIPM/ITACARÉ"],"cprExato":true,"opmExata":true,"somenteReferencia":false},"geometry":{"type":"Polygon","coordinates":[[[-39.1922261,-14.6029895],[-39.2721453,-14.6380273999999],[-39.3530494999999,-14.6257467],[-39.3646361999999,-14.6093935],[-39.3603562,-14.5742670999999],[-39.400884095,-14.5543896049999],[-39.381379105,-14.5145720849999],[-39.3919036099999,-14.5230645999999],[-39.399377815,-14.5162837899999],[-39.3861963099999,-14.5082106099999],[-39.38209749,-14.4983946099999],[-39.3902773899999,-14.4937819799999],[-39.3720737849999,-14.478840695],[-39.364292607,-14.450181593],[-39.1317069999999,-14.4888989],[-39.1228682,-14.4643024],[-39.0949668,-14.4501776999999],[-39.0930734999999,-14.4333500999999],[-39.0616060999999,-14.4189028],[-39.0452356,-14.4001223999999],[-39.0423554,-14.4201557],[-39.0177123999999,-14.4184529999999],[-39.0343372,-14.5152646999999],[-39.0435204,-14.4972908],[-39.0736512,-14.5202560999999],[-39.1452542,-14.5298958999999],[-39.1393575,-14.541129],[-39.1766646999999,-14.5687315],[-39.1922261,-14.6029895]]]}},{"type":"Feature","id":"2924504","properties":{"codigoIbge":"2924504","municipio":"Pindaí","cpr":"CPR-MO","cprs":["CPR-MO"],"opm":"17 BPM/GUANAMBI","opms":["17 BPM/GUANAMBI"],"cprExato":true,"opmExata":true,"somenteReferencia":false},"geometry":{"type":"Polygon","coordinates":[[[-42.5862308,-14.4845956999999],[-42.5796177,-14.4906789],[-42.586709,-14.5083839],[-42.5695229,-14.5153349],[-42.5859661,-14.5368983],[-42.6070366,-14.5448201999999],[-42.6284692999999,-14.5406267],[-42.6404011,-14.571585],[-42.6709589,-14.5916473999999],[-42.7287909999999,-14.5926130999999],[-42.7413493999999,-14.6148102],[-42.7652077,-14.6133351999999],[-42.7879207,-14.6569714999999],[-42.8052383,-14.6568248],[-42.7934028,-14.6272185],[-42.7961286,-14.6040409999999],[-42.81796,-14.5702439],[-42.8353605999999,-14.5617194],[-42.7521060999999,-14.4124239],[-42.7092067999999,-14.3885789999999],[-42.6196123,-14.2964876],[-42.5344713,-14.3704624],[-42.5337931999999,-14.3984591],[-42.5242349,-14.409748],[-42.5482163,-14.4094681],[-42.5452182,-14.4251012],[-42.5564093,-14.4481820999999],[-42.5787971,-14.4504532],[-42.5862308,-14.4845956999999]]]}},{"type":"Feature","id":"2932804","properties":{"codigoIbge":"2932804","municipio":"Utinga","cpr":"CPR-CH","cprs":["CPR-CH"],"opm":"42ª CIPM/LENÇÓIS","opms":["42ª CIPM/LENÇÓIS"],"cprExato":true,"opmExata":true,"somenteReferencia":false},"geometry":{"type":"Polygon","coordinates":[[[-40.9089696999999,-12.0595764999999],[-40.8735935,-12.1257414],[-40.8940104,-12.1549166],[-40.9721215,-12.1290508],[-40.9972642,-12.1486808],[-41.0408758,-12.1476011999999],[-41.1208076,-12.1135085],[-41.2291481,-12.1373988],[-41.2247824999999,-12.1247986999999],[-41.2369735999999,-12.1140106999999],[-41.217774,-12.0838236999999],[-41.2294535,-12.0777340999999],[-41.2312962999999,-12.0401947999999],[-41.2158426999999,-12.0179815],[-41.1955942,-12.0117466],[-41.1883898999999,-11.9715869],[-41.2233297,-11.9186528],[-41.0998987999999,-11.9568131999999],[-41.1093858999999,-11.9449071999999],[-41.0861161,-11.9191830999999],[-41.06353,-11.9317196],[-41.0248882999999,-12.0022420999999],[-40.9725253999999,-12.0164164999999],[-40.9205239999999,-12.0143719],[-40.8970770999999,-11.9902822],[-40.9089696999999,-12.0595764999999]]]}},{"type":"Feature","id":"2924603","properties":{"codigoIbge":"2924603","municipio":"Pindobaçu","cpr":"CPR-N","cprs":["CPR-N"],"opm":"54ª CIPM/CAMPO FORMOSO","opms":["54ª CIPM/CAMPO FORMOSO"],"cprExato":true,"opmExata":true,"somenteReferencia":false},"geometry":{"type":"Polygon","coordinates":[[[-40.2057703,-10.8139945],[-40.2153456,-10.8375895],[-40.2304971999999,-10.8339351999999],[-40.2387553,-10.8491498],[-40.2571662,-10.8420078999999],[-40.2597852,-10.8534074],[-40.2887082,-10.8349099],[-40.2856156,-10.813637],[-40.3136847,-10.8239695],[-40.3332427999999,-10.8134034999999],[-40.3385014999999,-10.8294281],[-40.3500549,-10.8073338999999],[-40.4091832999999,-10.7955780999999],[-40.4453994,-10.7521376],[-40.4756877,-10.7636783999999],[-40.4851975999999,-10.7458252],[-40.4708125,-10.7151818999999],[-40.4784825999999,-10.6907553],[-40.4619941,-10.6728869999999],[-40.3949577,-10.6506386999999],[-40.3894531,-10.6344812],[-40.4023225,-10.6292611],[-40.3943174,-10.5900692],[-40.3627949999999,-10.5893697999999],[-40.3308549,-10.6062798999999],[-40.2952921,-10.6081536],[-40.2705238999999,-10.6340412],[-40.2825943999999,-10.6716832],[-40.2775872,-10.6849667],[-40.2679383999999,-10.6853839],[-40.2728347999999,-10.6987237999999],[-40.2606812,-10.7046207],[-40.2533488999999,-10.7421932],[-40.2259842999999,-10.7387297999999],[-40.2175755,-10.7592607],[-40.2229869,-10.7700576],[-40.2085291,-10.7898382],[-40.2138826999999,-10.8093774],[-40.2057703,-10.8139945]]]}},{"type":"Feature","id":"2932606","properties":{"codigoIbge":"2932606","municipio":"Urandi","cpr":"CPR-MO","cprs":["CPR-MO"],"opm":"17 BPM/GUANAMBI","opms":["17 BPM/GUANAMBI"],"cprExato":true,"opmExata":true,"somenteReferencia":false},"geometry":{"type":"Polygon","coordinates":[[[-42.6101561999999,-14.8912207],[-42.6264917,-14.9451462],[-42.6552161,-14.9242533999999],[-42.6596936,-14.9104383],[-42.6637971,-14.9163070999999],[-42.6954109,-14.9004178],[-42.7041634999999,-14.8828283],[-42.7359398999999,-14.8774238999999],[-42.7551377999999,-14.8464213999999],[-42.790992,-14.8393791],[-42.8184497,-14.8220683],[-42.8723911,-14.7753628999999],[-42.8720802,-14.7646945999999],[-42.8521142,-14.7638641999999],[-42.8052383,-14.6568248],[-42.7872399999999,-14.6562711],[-42.7648861,-14.6130158999999],[-42.7413493999999,-14.6148102],[-42.7281346,-14.5923870999999],[-42.6569454999999,-14.5860916],[-42.6555023,-14.5766836],[-42.6404011,-14.571585],[-42.6284692999999,-14.5406267],[-42.5861722,-14.5370513],[-42.5697029,-14.5138868],[-42.5572794999999,-14.5256203],[-42.5646652999999,-14.5433441],[-42.5830617999999,-14.5518438999999],[-42.5835187,-14.5885772],[-42.5759568999999,-14.6072480999999],[-42.5523292,-14.6163854],[-42.5819688999999,-14.7694681999999],[-42.5706134,-14.7714084999999],[-42.5729036,-14.8012763999999],[-42.5539196999999,-14.8353825],[-42.5704001,-14.8474284],[-42.5751078,-14.8753763],[-42.5875053999999,-14.8656326999999],[-42.6101561999999,-14.8912207]]]}},{"type":"Feature","id":"2924405","properties":{"codigoIbge":"2924405","municipio":"Pilão Arcado","cpr":"CPR-N","cprs":["CPR-N"],"opm":"25ª CIPM/CASA NOVA","opms":["25ª CIPM/CASA NOVA"],"cprExato":true,"opmExata":true,"somenteReferencia":false},"geometry":{"type":"Polygon","coordinates":[[[-43.7219956,-10.3546929],[-43.7707923,-10.3930880999999],[-43.9158894,-10.3930847999999],[-43.8950960999999,-10.3544906999999],[-43.8369216,-10.302205],[-43.8372651,-10.2500681999999],[-43.7978479,-10.2088431999999],[-43.7748708,-10.1683025],[-43.7660344999999,-10.0800571],[-43.729928,-10.0722554999999],[-43.6929148999999,-10.0773953999999],[-43.6902815,-10.0446350999999],[-43.6694806,-10.0307551999999],[-43.6621314,-10.0095441999999],[-43.6663439,-9.98954019999996],[-43.7029527,-9.96611249999995],[-43.6904539999999,-9.92949919999995],[-43.7090353,-9.91321949999997],[-43.6946225,-9.89125179999996],[-43.6774485,-9.88652779999995],[-43.653245,-9.83905529999993],[-43.693461,-9.80525769999997],[-43.7178178,-9.80242179999993],[-43.7849217999999,-9.76238499999994],[-43.7976626999999,-9.72768039999994],[-43.7972602999999,-9.69649729999998],[-43.8419522,-9.63742759999997],[-43.8339779999999,-9.61792969999993],[-43.8426512,-9.61266979999994],[-43.8513508999999,-9.55212919999997],[-43.818433,-9.49424189999996],[-43.7782905,-9.44870089999995],[-43.685759,-9.41779379999997],[-43.6060153,-9.35157149999998],[-43.5452119,-9.40971089999994],[-43.5113087,-9.42908029999995],[-43.4928193,-9.45724769999993],[-43.4705888,-9.52981519999997],[-43.4077281,-9.62458289999995],[-43.3772367,-9.73221769999998],[-43.1833993,-9.72449829999994],[-42.9167995999999,-9.82690169999995],[-42.8375464,-9.74618839999994],[-42.7618234,-9.72138569499998],[-42.753651495,-9.70216790499995],[-42.72907631,-9.68485859999993],[-42.7362208,-9.67774410999994],[-42.7232708,-9.65635139999995],[-42.700875385,-9.64562549999994],[-42.68545691,-9.65948648999995],[-42.66374927,-9.71471317999993],[-42.6637990799999,-9.73888641999997],[-42.61773088,-9.72205851999996],[-42.5233156099999,-9.81226892999996],[-42.5068550999999,-9.85849550999995],[-42.4761842999999,-9.87677798499993],[-42.43901561,-9.87640410499995],[-42.43168459,-9.88921099499993],[-42.4047452099999,-9.89532290999995],[-42.3930837,-9.91401619999993],[-42.3537631999999,-9.91079709999997],[-42.2264969999999,-10.028894],[-42.2575773999999,-10.0542287],[-42.2924996,-10.0534327],[-42.3550294999999,-10.0322366999999],[-42.3931587,-10.0517618],[-42.4115786,-10.0733131],[-42.4354691999999,-10.130306],[-42.4176572,-10.1506767],[-42.4040219,-10.1899976],[-42.4046466999999,-10.2530793],[-42.4348671,-10.2693432999999],[-42.4562597999999,-10.3003601999999],[-42.4544361,-10.3442608],[-42.4644863,-10.3821943999999],[-42.5699992999999,-10.4703512999999],[-42.5816748999999,-10.5375304],[-42.619205,-10.5686436],[-43.2792555999999,-10.2369944],[-43.4703886999999,-10.2344133],[-43.5050098999999,-10.2488089999999],[-43.5854828,-10.2484449],[-43.6062072999999,-10.2776383],[-43.6230538999999,-10.2830635],[-43.6324385,-10.3032848999999],[-43.6521286,-10.3060212999999],[-43.6646802,-10.3239862],[-43.6542701,-10.3459961999999],[-43.6630016999999,-10.3759034999999],[-43.7219956,-10.3546929]]]}},{"type":"Feature","id":"2916500","properties":{"codigoIbge":"2916500","municipio":"Itapicuru","cpr":"CPR-LN","cprs":["CPR-LN"],"opm":"6ª CIPM/RIO REAL","opms":["6ª CIPM/RIO REAL"],"cprExato":true,"opmExata":true,"somenteReferencia":false},"geometry":{"type":"Polygon","coordinates":[[[-38.0365659,-11.3901195999999],[-38.0257771,-11.3985767],[-38.0347469,-11.4174561999999],[-38.0794389,-11.4408665999999],[-38.0796932,-11.4640974],[-38.0874047,-11.4616551],[-38.0973405,-11.4304134999999],[-38.121002,-11.4256708],[-38.1792844,-11.3645653999999],[-38.2574165999999,-11.3200838],[-38.3077097999999,-11.310166],[-38.3446877,-11.263686],[-38.3732216999999,-11.2640832],[-38.4437685999999,-11.1756986999999],[-38.4355762,-11.1156880999999],[-38.3220782999999,-11.0720564],[-38.2447523,-10.9206995],[-38.2111535999999,-10.9315389999999],[-38.2038615,-10.9225648999999],[-38.2008382999999,-10.9385611],[-38.1806156,-10.9427671999999],[-38.1865420999999,-10.9642064999999],[-38.1736440999999,-10.9859532999999],[-38.1299112,-11.0189146],[-38.1205467999999,-11.0071072],[-38.1020358,-11.0158420999999],[-38.1024196,-11.0439828999999],[-38.0751149,-11.0770939],[-38.0932802,-11.1039689999999],[-38.0884012,-11.1162558999999],[-38.0656188,-11.1229761],[-38.0712200999999,-11.143546],[-38.0571806999999,-11.1720852999999],[-38.0468815,-11.1816385],[-38.0233545,-11.177767],[-38.0029486999999,-11.1938239999999],[-37.9737486,-11.1936888],[-37.9814191999999,-11.1984691],[-37.9774626,-11.2215879],[-37.9937153,-11.2396408],[-37.9836405999999,-11.2482879999999],[-37.9958538,-11.2594759999999],[-37.9867422999999,-11.2720959],[-38.0147469999999,-11.2855117],[-38.0028346,-11.2934213],[-37.9902018,-11.3203217],[-37.9984794,-11.3225194999999],[-37.9873881,-11.3314554999999],[-38.0365659,-11.3901195999999]]]}},{"type":"Feature","id":"2908309","properties":{"codigoIbge":"2908309","municipio":"Conceição do Almeida","cpr":"CPR-R","cprs":["CPR-R"],"opm":"14 BPM/SANTO ANTÔNIO DE JESUS","opms":["14 BPM/SANTO ANTÔNIO DE JESUS"],"cprExato":true,"opmExata":true,"somenteReferencia":false},"geometry":{"type":"Polygon","coordinates":[[[-39.2551344,-12.9513989],[-39.3157565,-12.9446373],[-39.3262581,-12.9773658999999],[-39.3562395,-12.9192626],[-39.3405862,-12.8681164999999],[-39.3428643999999,-12.828629],[-39.2977018999999,-12.8217860999999],[-39.2851467,-12.8428072999999],[-39.2679338,-12.8453729],[-39.2650618,-12.8341305],[-39.2213606,-12.8084385],[-39.2197022,-12.7870308999999],[-39.1915074999999,-12.7536464999999],[-39.1652346,-12.7588145999999],[-39.1445636,-12.7412345999999],[-39.1380955999999,-12.7767377],[-39.1175117999999,-12.7984885],[-39.1192432999999,-12.8173662999999],[-39.149323,-12.8262301],[-39.1840951999999,-12.8726705999999],[-39.2021915,-12.8751128],[-39.2166779999999,-12.8645318],[-39.2160435,-12.9072659],[-39.2288654,-12.9135965999999],[-39.2238388,-12.9395081],[-39.2305345999999,-12.9447699999999],[-39.2528902999999,-12.9348502],[-39.2551344,-12.9513989]]]}},{"type":"Feature","id":"2916856","properties":{"codigoIbge":"2916856","municipio":"Itatim","cpr":"CPR-CH","cprs":["CPR-CH"],"opm":"11 BPM/ITABERABA","opms":["11 BPM/ITABERABA"],"cprExato":true,"opmExata":true,"somenteReferencia":false},"geometry":{"type":"Polygon","coordinates":[[[-39.6734895,-12.753476],[-39.6787497999999,-12.8872592],[-39.7126842,-12.8621418999999],[-39.7274652,-12.8769852],[-39.7702661,-12.8550958],[-39.7903032999999,-12.8269908],[-39.7991653,-12.841242],[-39.8148512,-12.8335741],[-39.8556988,-12.7956004],[-39.7973021,-12.7049370999999],[-39.8059087,-12.6864565],[-39.7870253999999,-12.6149462],[-39.7918119,-12.5576306],[-39.7635938,-12.5482752],[-39.7473423,-12.5639153],[-39.7279937,-12.5526403],[-39.6933759,-12.5617273999999],[-39.6629182999999,-12.5567920999999],[-39.6409719,-12.5680237999999],[-39.6351184,-12.5828423],[-39.6708907,-12.6353176],[-39.6510989,-12.6688417999999],[-39.660241,-12.6939968999999],[-39.6343530999999,-12.7402705],[-39.6528231,-12.7619796],[-39.6734895,-12.753476]]]}},{"type":"Feature","id":"2900108","properties":{"codigoIbge":"2900108","municipio":"Abaíra","cpr":"CPR-CH","cprs":["CPR-CH"],"opm":"29ª CIPM/SEABRA","opms":["29ª CIPM/SEABRA"],"cprExato":true,"opmExata":true,"somenteReferencia":false},"geometry":{"type":"Polygon","coordinates":[[[-41.6087765,-13.3228435999999],[-41.6023731999999,-13.4160896999999],[-41.6095773,-13.4281533],[-41.6767649999999,-13.3651743],[-41.6681027,-13.3603307],[-41.6718776,-13.3529943999999],[-41.7076693999999,-13.3698562],[-41.7134834,-13.3522528999999],[-41.7249019999999,-13.357048],[-41.7464227999999,-13.3246862999999],[-41.7914355,-13.3731033],[-41.7955329,-13.4238918],[-41.8705614,-13.3638442999999],[-41.8694866,-13.345968],[-41.9091362999999,-13.3114484],[-41.900416,-13.3039613],[-41.9185017,-13.2486522999999],[-41.9016659,-13.2216900999999],[-41.8882583,-13.210792],[-41.8748413,-13.2136447999999],[-41.8575822,-13.1892561999999],[-41.7890796,-13.2805759999999],[-41.7347053999999,-13.2528086],[-41.7256786,-13.235584],[-41.6902671999999,-13.2162516],[-41.6736415999999,-13.1930528],[-41.6766847,-13.1795675999999],[-41.6535709999999,-13.1683659],[-41.6046999,-13.2196334999999],[-41.5923314999999,-13.2531858999999],[-41.5902833,-13.2686977],[-41.6024552,-13.2717418999999],[-41.5949666999999,-13.2961013],[-41.6087765,-13.3228435999999]]]}},{"type":"Feature","id":"2916807","properties":{"codigoIbge":"2916807","municipio":"Itarantim","cpr":"CPR-S","cprs":["CPR-S"],"opm":"8ª CIPM/ITAPETINGA","opms":["8ª CIPM/ITAPETINGA"],"cprExato":true,"opmExata":true,"somenteReferencia":false},"geometry":{"type":"Polygon","coordinates":[[[-39.9411588,-15.9075801999999],[-39.9090952,-15.9466434999999],[-39.8916032999999,-15.9576805999999],[-39.8709067,-15.9528223999999],[-39.8507332999999,-15.9650088999999],[-39.8455236,-15.979843],[-39.8668365,-15.9970617999999],[-39.9102435,-16.0014209999999],[-39.9557464,-15.9914282999999],[-39.9639599999999,-16.0053316999999],[-39.9920504,-15.9950013],[-40.0044364999999,-16.0018382],[-40.0009691,-15.9946755999999],[-40.0136907,-15.9840065],[-40.0225798,-15.990447],[-40.0314638999999,-15.9732753],[-40.0455535999999,-15.9727462],[-40.0457734999999,-15.9623563],[-40.0661947,-15.9602083],[-40.0591334,-15.9531787999999],[-40.0661332,-15.9397648],[-40.0788302,-15.9409238],[-40.0688504999999,-15.933914],[-40.0657169,-15.910828],[-40.0809078,-15.9240976999999],[-40.0849966,-15.8971205999999],[-40.1102162,-15.9125799999999],[-40.1405723,-15.8988884],[-40.1493,-15.9053675],[-40.1564612,-15.8995356],[-40.1647447,-15.9102313],[-40.1754033999999,-15.9039916999999],[-40.1638854,-15.8872451],[-40.1661041999999,-15.8683771999999],[-40.200074,-15.8625097999999],[-40.2368304999999,-15.8014396],[-40.2421659,-15.7826357],[-40.2328821999999,-15.7563903],[-40.1987553,-15.7592776999999],[-40.1951084999999,-15.7273726],[-40.1771897,-15.72603],[-40.1884163,-15.7077558999999],[-40.1671608,-15.6425432],[-40.1746547,-15.6215271999999],[-40.1339331999999,-15.5966342999999],[-40.1336168999999,-15.514495],[-40.1846863,-15.4790872],[-40.1986833,-15.4424061999999],[-40.1446258,-15.3950004],[-40.1660074,-15.3706883999999],[-40.1595437999999,-15.3616797],[-40.1009149999999,-15.3626537],[-40.1014666999999,-15.3800605],[-40.0871281,-15.3832952999999],[-40.0922959,-15.3986700999999],[-40.0764583,-15.38508],[-40.0660508,-15.3927361999999],[-40.0441157999999,-15.3885658],[-40.0300101,-15.4157736999999],[-40.0327478999999,-15.4364115],[-40.013326685,-15.42405831],[-39.98420019,-15.42156871],[-39.9619934049999,-15.4310970949999],[-39.97363009,-15.4464812849999],[-39.96900289,-15.4519812999999],[-39.93017329,-15.4391010099999],[-39.9454990099999,-15.4647775999999],[-39.9235669299999,-15.46499098],[-39.9457485999999,-15.4813736199999],[-39.95952691,-15.4805216199999],[-39.9531140199999,-15.4926083],[-39.9619406899999,-15.49491232],[-39.9576894099999,-15.5069925199999],[-39.97062182,-15.5072681099999],[-39.9639663099999,-15.52842921],[-39.9707464799999,-15.5483283999999],[-39.9515565999999,-15.5669053999999],[-39.93431328,-15.56229142],[-39.89455322,-15.61188988],[-39.8983692199999,-15.62386852],[-39.88926652,-15.63535381],[-39.935902805,-15.68219879],[-39.91801759,-15.735586095],[-39.9103987999999,-15.7343392949999],[-39.91914651,-15.77456781],[-39.91310501,-15.8040583],[-39.92370579,-15.8297148099999],[-39.9224685999999,-15.8524606999999],[-39.9101244999999,-15.8543768],[-39.9278204999999,-15.8839254],[-39.9510428999999,-15.8711767999999],[-39.9411588,-15.9075801999999]]]}},{"type":"Feature","id":"2916906","properties":{"codigoIbge":"2916906","municipio":"Itiruçu","cpr":"CPR-MRC","cprs":["CPR-MRC"],"opm":"93ª CIPM/MARACÁS","opms":["93ª CIPM/MARACÁS"],"cprExato":true,"opmExata":true,"somenteReferencia":false},"geometry":{"type":"Polygon","coordinates":[[[-40.1783945999999,-13.5807189999999],[-40.1755451,-13.5681233999999],[-40.1907626,-13.5382946],[-40.2174095,-13.5426878],[-40.2349174,-13.534144],[-40.2113241,-13.5227533],[-40.2152359999999,-13.5032299],[-40.1987890999999,-13.4991181999999],[-40.1976751999999,-13.4897758999999],[-40.2137130999999,-13.43522],[-40.2317997,-13.4074990999999],[-40.223937,-13.3806236],[-40.2010864,-13.3850772],[-40.2154813999999,-13.3586973999999],[-40.1776679,-13.3648284999999],[-40.1821469,-13.3515303999999],[-40.150638,-13.3372335],[-40.1201505,-13.4099729],[-40.0942464999999,-13.4307663],[-40.0716937,-13.4954966],[-40.1057001,-13.523966],[-40.1217674,-13.5267949999999],[-40.1102132999999,-13.5842028],[-40.1114342,-13.6376680999999],[-40.0968523999999,-13.6686827],[-40.1183834999999,-13.6689850999999],[-40.14904,-13.6383612999999],[-40.1783945999999,-13.5807189999999]]]}},{"type":"Feature","id":"2908705","properties":{"codigoIbge":"2908705","municipio":"Condeúba","cpr":"CPR-SO","cprs":["CPR-SO"],"opm":"80ª CIPM/CANDIDO SALES","opms":["80ª CIPM/CANDIDO SALES"],"cprExato":true,"opmExata":true,"somenteReferencia":false},"geometry":{"type":"Polygon","coordinates":[[[-41.9742242999999,-15.0306201],[-41.9918273,-15.0737414999999],[-42.0316721,-15.0995397],[-42.0700636999999,-15.1407877],[-42.0485222999999,-15.1707345],[-42.0865673,-15.1870688],[-42.1249903,-15.1347445],[-42.1514946999999,-15.1182742],[-42.1533473,-15.0993589],[-42.1733197999999,-15.085954],[-42.1925990999999,-15.1031184],[-42.2274310999999,-15.0992664],[-42.2647964999999,-15.1251786],[-42.2930567,-15.0869211999999],[-42.2772007999999,-15.0539011],[-42.2253411,-15.0458475],[-42.2116508999999,-15.0290484],[-42.2024590999999,-15.0002737],[-42.2366953,-14.9605549999999],[-42.2390253999999,-14.942214],[-42.1979246999999,-14.8575496],[-42.1750041,-14.8338411],[-42.1764234999999,-14.8220577],[-42.1351409,-14.8112596],[-42.0962006,-14.8193062],[-42.0648785999999,-14.8503276],[-42.0545686999999,-14.8425364],[-42.0464851,-14.8050403],[-42.0565182999999,-14.7803688],[-42.0507873999999,-14.7496553999999],[-42.0688514999999,-14.7184483],[-42.0507676999999,-14.7029300999999],[-42.0515382999999,-14.6741805],[-42.0304776999999,-14.661127],[-41.9978798,-14.6602490999999],[-42.0078887,-14.6801649999999],[-41.9701568,-14.6963226999999],[-41.9641698,-14.7086146999999],[-41.9266421,-14.7042043],[-41.9253044,-14.7401652],[-41.9010155999999,-14.7389178999999],[-41.8683956,-14.7793214],[-41.8289748999999,-14.7938973],[-41.8063423999999,-14.8612431],[-41.8098193,-14.8794746999999],[-41.8337313,-14.8962141],[-41.855809,-14.8888284],[-41.8657166,-14.8996056],[-41.8819844999999,-14.8872895],[-41.8808478,-14.8950383],[-41.8889953999999,-14.8901155999999],[-41.8991197999999,-14.9061472999999],[-41.9272601,-14.9132306],[-41.9304220999999,-14.9250640999999],[-41.9230916,-14.9279079],[-41.9316363999999,-14.9456850999999],[-41.9786377999999,-14.9900572999999],[-41.9742242999999,-15.0306201]]]}},{"type":"Feature","id":"2900504","properties":{"codigoIbge":"2900504","municipio":"Érico Cardoso","cpr":"CPR-SO","cprs":["CPR-SO"],"opm":"46ª CIPM/LIVRAMENTO DE NOSSA SRA","opms":["46ª CIPM/LIVRAMENTO DE NOSSA SRA"],"cprExato":true,"opmExata":true,"somenteReferencia":false},"geometry":{"type":"Polygon","coordinates":[[[-41.9512351,-13.4975527],[-41.9637582999999,-13.5242097999999],[-41.9882464999999,-13.5473714999999],[-42.0004539999999,-13.5396671],[-42.0077565999999,-13.5652319],[-42.022185,-13.5632252],[-42.0189624999999,-13.6244844],[-42.0406321999999,-13.5839624999999],[-42.0726753,-13.5678588],[-42.0943889,-13.5195907999999],[-42.1627218,-13.4734275],[-42.1745642999999,-13.4249012999999],[-42.2127032,-13.4133881],[-42.1969556999999,-13.3783357],[-42.1728765,-13.3721904999999],[-42.1980935999999,-13.2578262],[-42.180353,-13.2271249999999],[-42.1581540999999,-13.2266590999999],[-42.1312578,-13.2577812],[-42.0964337,-13.2610652999999],[-42.0327589999999,-13.2945468999999],[-42.0086552999999,-13.2870555],[-41.9970665,-13.3045220999999],[-41.9835454,-13.3062517999999],[-41.9752617,-13.2969274],[-41.9091362999999,-13.3114484],[-41.9159941999999,-13.3341487],[-41.9475849999999,-13.3433866999999],[-41.9491624,-13.4026845999999],[-41.9686303,-13.4647896999999],[-41.9688322,-13.4872179],[-41.9512351,-13.4975527]]]}},{"type":"Feature","id":"2932002","properties":{"codigoIbge":"2932002","municipio":"Uauá","cpr":"CPR-N","cprs":["CPR-N"],"opm":"45ª CIPM/CURAÇA","opms":["45ª CIPM/CURAÇA"],"cprExato":true,"opmExata":true,"somenteReferencia":false},"geometry":{"type":"Polygon","coordinates":[[[-39.2634019,-10.0870834999999],[-39.2554089,-10.1469264999999],[-39.2668262999999,-10.1926783],[-39.3242296999999,-10.1881303],[-39.3222574,-10.1965119],[-39.3714093,-10.1717752],[-39.4549001999999,-10.1723668999999],[-39.5257417,-10.1884332],[-39.5351514,-10.1556754],[-39.5543536,-10.1518440999999],[-39.5643401999999,-10.1217412999999],[-39.5597018,-10.1067682],[-39.5886331999999,-10.1250646999999],[-39.6365656999999,-10.1213847999999],[-39.6536326999999,-10.1000698],[-39.7159495999999,-10.0674468],[-39.7373846,-10.0643889999999],[-39.7342954,-10.0892246],[-39.7412816999999,-10.0865964],[-39.7582077,-10.0735892],[-39.7690385,-10.0009964],[-39.7598027,-9.99174699999998],[-39.7671113,-9.97026999999997],[-39.7493117999999,-9.95244749999995],[-39.7382949,-9.90109639999997],[-39.7597435,-9.86800869999996],[-39.7803158999999,-9.87092119999994],[-39.7957646999999,-9.84381029999997],[-39.6628186,-9.75066299999997],[-39.6561897,-9.74055379999993],[-39.6689216,-9.72916859999998],[-39.6441020999999,-9.70682859999994],[-39.6000655,-9.69964459999994],[-39.3595759,-9.61568899999997],[-39.3308223999999,-9.59436259999995],[-39.2871759999999,-9.63395729999996],[-39.2703334999999,-9.63045449999993],[-39.2639543,-9.64070129999993],[-39.2213328999999,-9.63531929999994],[-39.2116209,-9.64569059999997],[-39.2361475,-9.71930799999996],[-39.2137352,-9.76528689999998],[-39.221618,-9.79208829999993],[-39.1998945999999,-9.83314189999993],[-39.207511,-9.85283829999997],[-39.2021697,-9.97277819999994],[-39.2205524999999,-10.0248657],[-39.2366526,-10.033408],[-39.2634019,-10.0870834999999]]]}},{"type":"Feature","id":"2916708","properties":{"codigoIbge":"2916708","municipio":"Itaquara","cpr":"CPR-MRC","cprs":["CPR-MRC"],"opm":"19 BPM/JEQUIÉ","opms":["19 BPM/JEQUIÉ"],"cprExato":true,"opmExata":true,"somenteReferencia":false},"geometry":{"type":"Polygon","coordinates":[[[-39.7728787,-13.5176890999999],[-39.8135796,-13.5635698],[-39.8881737999999,-13.5152239],[-39.8914968999999,-13.5280385],[-39.9244232,-13.5291958],[-39.9307795999999,-13.4960986999999],[-40.005889,-13.4735006],[-39.9870698999999,-13.4075169999999],[-39.9953174,-13.3645642999999],[-39.9816116,-13.3443925],[-39.9825635,-13.3160040999999],[-39.9541199,-13.3150767],[-39.8773563999999,-13.3913254999999],[-39.8453516,-13.4395244],[-39.7940672999999,-13.4565249],[-39.7852994,-13.4768907],[-39.7715712999999,-13.4834562999999],[-39.7728787,-13.5176890999999]]]}},{"type":"Feature","id":"2900355","properties":{"codigoIbge":"2900355","municipio":"Adustina","cpr":"CPR-NE","cprs":["CPR-NE"],"opm":"21ª CIPM/CIPÓ","opms":["21ª CIPM/CIPÓ"],"cprExato":true,"opmExata":true,"somenteReferencia":false},"geometry":{"type":"Polygon","coordinates":[[[-38.1449185,-10.7180438],[-38.130079,-10.5790994999999],[-38.1497989,-10.4572836999999],[-38.106393995,-10.4539639],[-38.095675695,-10.440749205],[-38.0727637099999,-10.4354911049999],[-38.0259131949999,-10.45130721],[-37.996248895,-10.4328627049999],[-37.9374766,-10.4472182],[-37.9147513999999,-10.4422782],[-37.9066599,-10.4534983999999],[-37.9217571,-10.4740788],[-37.9108828,-10.4850668],[-37.9305714,-10.4968956],[-37.9129695999999,-10.5019828],[-37.907856,-10.5135165],[-37.9162166,-10.5434306],[-37.9027363,-10.5506907],[-37.9206690999999,-10.5714169],[-37.917989,-10.5840100999999],[-37.984431215,-10.6388113099999],[-37.987474995,-10.6477655049999],[-37.9786660039999,-10.6519953019999],[-38.0166637,-10.6953665],[-38.0677919999999,-10.7156658],[-38.1449185,-10.7180438]]]}},{"type":"Feature","id":"2923803","properties":{"codigoIbge":"2923803","municipio":"Paripiranga","cpr":"CPR-NE","cprs":["CPR-NE"],"opm":"21ª CIPM/CIPÓ","opms":["21ª CIPM/CIPÓ"],"cprExato":true,"opmExata":true,"somenteReferencia":false},"geometry":{"type":"Polygon","coordinates":[[[-37.8475103,-10.6992648999999],[-37.9096223999999,-10.7155102999999],[-37.9454812,-10.7565172999999],[-37.9528941,-10.7501022],[-37.9751285999999,-10.7580965999999],[-38.0320311,-10.7270842999999],[-38.0318753999999,-10.7079965999999],[-38.0421348,-10.7007851999999],[-38.0166637,-10.6953665],[-37.9786660039999,-10.6519953019999],[-37.987474995,-10.6477655049999],[-37.984431215,-10.6388113099999],[-37.917989,-10.5840100999999],[-37.9206690999999,-10.5714169],[-37.9027363,-10.5506907],[-37.9160934,-10.5441752999999],[-37.9071178,-10.5248996999999],[-37.9111286999999,-10.5039712999999],[-37.9305313,-10.4979317999999],[-37.9113996999999,-10.4867333],[-37.9213205999999,-10.470859],[-37.90811,-10.4468921],[-37.8627607999999,-10.4403325],[-37.8422672999999,-10.4495957],[-37.8126051,-10.5072469999999],[-37.8192872,-10.5396416],[-37.8412294999999,-10.5548322999999],[-37.8325272,-10.5612062],[-37.8310559,-10.5848227999999],[-37.8178384,-10.5857657999999],[-37.806319,-10.6005274],[-37.8167228999999,-10.6313784999999],[-37.8029907,-10.6521622999999],[-37.8140471,-10.6698198],[-37.8098734,-10.6888182],[-37.8328000999999,-10.6804746999999],[-37.8475103,-10.6992648999999]]]}},{"type":"Feature","id":"2908507","properties":{"codigoIbge":"2908507","municipio":"Conceição do Jacuípe","cpr":"CPR-L","cprs":["CPR-L"],"opm":"66ª CIPM/CONCEIÇÃO DO JACUÍPE","opms":["66ª CIPM/CONCEIÇÃO DO JACUÍPE"],"cprExato":true,"opmExata":true,"somenteReferencia":false},"geometry":{"type":"Polygon","coordinates":[[[-38.6862262999999,-12.30736],[-38.6562926999999,-12.3731124],[-38.8335488,-12.3682565],[-38.8486879,-12.3499889],[-38.8297572,-12.3521570999999],[-38.8157979,-12.3376582],[-38.7989600999999,-12.3370123999999],[-38.7856608,-12.3248482999999],[-38.7919166,-12.3122867],[-38.7731486,-12.3100544],[-38.7455648,-12.2812286],[-38.7235666999999,-12.2847947],[-38.7113873,-12.3120769999999],[-38.7043439,-12.3042834],[-38.6862262999999,-12.30736]]]}},{"type":"Feature","id":"2900306","properties":{"codigoIbge":"2900306","municipio":"Acajutiba","cpr":"CPR-LN","cprs":["CPR-LN"],"opm":"6ª CIPM/RIO REAL","opms":["6ª CIPM/RIO REAL"],"cprExato":true,"opmExata":true,"somenteReferencia":false},"geometry":{"type":"Polygon","coordinates":[[[-37.9233065999999,-11.6770769999999],[-38.01145,-11.768591],[-38.0279020999999,-11.7510493],[-38.0249833999999,-11.7326444],[-38.0465839,-11.6795946],[-38.0664876,-11.6890802],[-38.0490594,-11.649489],[-38.081899,-11.6103941],[-38.0622306,-11.6112782],[-38.0647607,-11.5861586999999],[-38.0496865,-11.5832250999999],[-38.0334632,-11.6041291],[-37.980094,-11.5946130999999],[-37.9314477,-11.6177779999999],[-37.9471948,-11.6347969],[-37.9469043999999,-11.6475761999999],[-37.9364166,-11.6681609999999],[-37.9187590999999,-11.6681116],[-37.9117591,-11.6806776],[-37.9233065999999,-11.6770769999999]]]}},{"type":"Feature","id":"2908606","properties":{"codigoIbge":"2908606","municipio":"Conde","cpr":"CPR-LN","cprs":["CPR-LN"],"opm":"51ª CIPM/CONDE","opms":["51ª CIPM/CONDE"],"cprExato":true,"opmExata":true,"somenteReferencia":false},"geometry":{"type":"Polygon","coordinates":[[[-37.7338007,-12.0498517999999],[-37.7215032999999,-12.0184444],[-37.7481748,-12.0067278999999],[-37.7397528,-11.9750033],[-37.7626582999999,-11.9652275],[-37.7380836,-11.9078822999999],[-37.7434312999999,-11.8931004],[-37.77716,-11.8674207],[-37.7748741,-11.8571595],[-37.7944014999999,-11.8475678],[-37.8006831,-11.8275101999999],[-37.8658644999999,-11.7635907],[-37.8510062999999,-11.7667827],[-37.8383779,-11.7598533999999],[-37.8327116999999,-11.7401977],[-37.7926001,-11.7303509],[-37.7753157,-11.7020828999999],[-37.7272247,-11.7261473999999],[-37.7484585,-11.6785942999999],[-37.7509855,-11.6419179],[-37.7407772,-11.6293896999999],[-37.7134667,-11.6327242999999],[-37.6714267999999,-11.6715351999999],[-37.6243335,-11.6614197],[-37.5623259,-11.7038901],[-37.5321039,-11.7010228],[-37.5346056,-11.7098884],[-37.5206812,-11.7115436999999],[-37.5207859,-11.7263457999999],[-37.5266477,-11.7458164999999],[-37.5403438,-11.751249],[-37.5407177,-11.7722089],[-37.5128384,-11.7406827999999],[-37.6857234,-12.0989791],[-37.6934201,-12.0843131],[-37.6879405999999,-12.0787043],[-37.701694,-12.0630988999999],[-37.7338007,-12.0498517999999]]]}},{"type":"Feature","id":"2931806","properties":{"codigoIbge":"2931806","municipio":"Tremedal","cpr":"CPR-SO","cprs":["CPR-SO"],"opm":"80ª CIPM/CANDIDO SALES","opms":["80ª CIPM/CANDIDO SALES"],"cprExato":true,"opmExata":true,"somenteReferencia":false},"geometry":{"type":"Polygon","coordinates":[[[-41.4131937999999,-15.1646863],[-41.3859990999999,-15.2820427],[-41.4085178,-15.2835736],[-41.4238104999999,-15.3071914999999],[-41.4157182,-15.3316596999999],[-41.4362072,-15.3462562999999],[-41.4577992,-15.381155],[-41.4561044,-15.4103354],[-41.7600123,-15.1378811],[-41.7303769,-15.1132373],[-41.7034469,-15.11518],[-41.6884378999999,-15.0897623999999],[-41.6802996,-15.1007425999999],[-41.6519959,-15.0995885999999],[-41.5869094,-15.0418912],[-41.5810036,-15.0201150999999],[-41.5902927,-14.9999390999999],[-41.6079655999999,-14.9789986],[-41.6326179,-14.9719347999999],[-41.6339346999999,-14.9490142999999],[-41.6477290999999,-14.9375547999999],[-41.6332068999999,-14.9141205999999],[-41.6320314,-14.8922792999999],[-41.6246373,-14.8914607999999],[-41.6294634,-14.8681544],[-41.6189355999999,-14.8637168],[-41.6039362,-14.8737945],[-41.5748505999999,-14.8615482],[-41.5676862,-14.8339432999999],[-41.5327773,-14.8056518],[-41.5188474999999,-14.805268],[-41.5210306,-14.8153907999999],[-41.5137625,-14.8109633],[-41.5107968,-14.8234631999999],[-41.5026994,-14.8234260999999],[-41.476843,-14.7946590999999],[-41.4626567,-14.7945268],[-41.4532636,-14.8055446],[-41.4408088,-14.7871188999999],[-41.4053784,-14.8029888999999],[-41.3916338,-14.7988152999999],[-41.3928127,-14.8156198999999],[-41.3769343,-14.8265951],[-41.3727325,-14.8150633999999],[-41.3514185,-14.8154321],[-41.3404346999999,-14.7968266],[-41.3287445999999,-14.8077291],[-41.3156511999999,-14.7869018],[-41.3299246,-14.7828251999999],[-41.329915,-14.7751009999999],[-41.2631992,-14.8069025],[-41.2583650999999,-14.8316035],[-41.2728956,-14.8555218999999],[-41.2682857,-14.8786666999999],[-41.2545615,-14.8886848],[-41.2635471999999,-14.9124039],[-41.2393165,-14.9316135999999],[-41.2441947999999,-14.9433956],[-41.2366268,-14.9401918999999],[-41.2380588,-14.9555152],[-41.2241935,-14.9657685],[-41.2185641999999,-14.9977279999999],[-41.3021682,-15.0239592999999],[-41.2890239,-15.0714192],[-41.3172104,-15.097657],[-41.3187715999999,-15.1104814999999],[-41.3331365999999,-15.1269837],[-41.3494674,-15.1208377999999],[-41.3770524999999,-15.1631975999999],[-41.4131937999999,-15.1646863]]]}},{"type":"Feature","id":"2900405","properties":{"codigoIbge":"2900405","municipio":"Água Fria","cpr":"CPR-L","cprs":["CPR-L"],"opm":"97ª CIPM/IRARÁ","opms":["97ª CIPM/IRARÁ"],"cprExato":true,"opmExata":true,"somenteReferencia":false},"geometry":{"type":"Polygon","coordinates":[[[-38.7390513,-11.9405143],[-38.7959048,-11.9540105999999],[-38.8266065,-11.9472549],[-38.8687308,-11.8159565],[-38.8650026999999,-11.8008369],[-38.823273,-11.7718068],[-38.7907595999999,-11.7223094],[-38.7501988,-11.6926331],[-38.684108,-11.6982725999999],[-38.6480390999999,-11.6901533],[-38.6292344,-11.7082033999999],[-38.6129129999999,-11.7082798],[-38.5459509999999,-11.7471447],[-38.5425073,-11.7568173],[-38.5770396,-11.7983325],[-38.5764361999999,-11.8326509],[-38.6006293,-11.8856029],[-38.5970455,-11.9530381],[-38.6312852,-11.9332608999999],[-38.6802838999999,-11.9460913],[-38.7109889,-11.9423431],[-38.7192813999999,-11.9504231],[-38.7390513,-11.9405143]]]}},{"type":"Feature","id":"2923605","properties":{"codigoIbge":"2923605","municipio":"Paramirim","cpr":"CPR-SO","cprs":["CPR-SO"],"opm":"46ª CIPM/LIVRAMENTO DE NOSSA SRA","opms":["46ª CIPM/LIVRAMENTO DE NOSSA SRA"],"cprExato":true,"opmExata":true,"somenteReferencia":false},"geometry":{"type":"Polygon","coordinates":[[[-42.1847228999999,-13.6951293999999],[-42.1268987999999,-13.7007624],[-42.1475124999999,-13.6696319],[-42.1792138,-13.6598296999999],[-42.1914806999999,-13.6688958999999],[-42.2073277,-13.6550328],[-42.2164418,-13.6579996],[-42.2331113,-13.6307624999999],[-42.2431966,-13.6400998999999],[-42.2591413,-13.6002718999999],[-42.2611517,-13.6105502],[-42.2712504,-13.6099972],[-42.2661894999999,-13.6254162],[-42.2756972999999,-13.6243304],[-42.2798462,-13.6101265999999],[-42.3091595,-13.6018584999999],[-42.3146512,-13.6158474],[-42.3357546,-13.6097205999999],[-42.3353048,-13.6238951999999],[-42.3577324999999,-13.6281928],[-42.3657526,-13.5927306999999],[-42.4048344999999,-13.5812779],[-42.4146679999999,-13.5375625999999],[-42.4402319,-13.5127618999999],[-42.4390814999999,-13.4910156999999],[-42.4536722,-13.4679586999999],[-42.4508071,-13.4420367],[-42.4630284,-13.4395433999999],[-42.4058871999999,-13.4022052999999],[-42.2658496999999,-13.3696479999999],[-42.2626124,-13.3468204],[-42.271625,-13.3361715999999],[-42.2484348999999,-13.3238004],[-42.2578536999999,-13.2924983999999],[-42.2518942,-13.2828011],[-42.2452297999999,-13.284374],[-42.2516428,-13.2943943],[-42.2288078,-13.2993367],[-42.1925426,-13.2694794999999],[-42.1728765,-13.3721904999999],[-42.1969556999999,-13.3783357],[-42.2127032,-13.4133881],[-42.1745642999999,-13.4249012999999],[-42.1627218,-13.4734275],[-42.0943889,-13.5195907999999],[-42.0726753,-13.5678588],[-42.0406321999999,-13.5839624999999],[-42.0188214999999,-13.6272228],[-42.0491484999999,-13.6388272999999],[-42.0575482,-13.6689309],[-42.0527129,-13.7027644999999],[-42.0699804,-13.7153380999999],[-42.1149672999999,-13.7251143],[-42.1303614,-13.7154446],[-42.1558980999999,-13.7248971999999],[-42.1847228999999,-13.6951293999999]]]}},{"type":"Feature","id":"2931905","properties":{"codigoIbge":"2931905","municipio":"Tucano","cpr":"CPR-NE","cprs":["CPR-NE"],"opm":"5 BPM/EUCLIDES DA CUNHA","opms":["5 BPM/EUCLIDES DA CUNHA"],"cprExato":true,"opmExata":true,"somenteReferencia":false},"geometry":{"type":"Polygon","coordinates":[[[-38.6260564,-11.1858156],[-38.7741465,-11.3563554999999],[-38.8048666999999,-11.3468672],[-38.8334123999999,-11.3541868],[-38.8719072,-11.3468353],[-38.9455646,-11.0516948],[-39.0023044,-11.0578419999999],[-39.0142218999999,-11.032731],[-39.0455987,-11.0205470999999],[-39.0792183999999,-11.0429056999999],[-39.1151530999999,-11.0181296],[-38.9649429,-10.8388179],[-38.9605548,-10.8129838999999],[-38.9737507,-10.786311],[-38.9385816999999,-10.7733496999999],[-38.9126769,-10.7786235],[-38.8797812999999,-10.745983],[-38.7806078999999,-10.7190178],[-38.7786227999999,-10.7437284],[-38.7674397,-10.7472023],[-38.7749924999999,-10.7754596999999],[-38.7111418,-10.8900441],[-38.6676105999999,-10.8992643999999],[-38.6253149999999,-10.9402274],[-38.5939552,-10.9884418],[-38.5942669,-11.0234171999999],[-38.583901,-11.0482762],[-38.5560861,-11.0761575],[-38.5691525,-11.0966713999999],[-38.5592409,-11.1279678999999],[-38.5820583999999,-11.1436168],[-38.6098507,-11.1360187],[-38.6260564,-11.1858156]]]}},{"type":"Feature","id":"2923704","properties":{"codigoIbge":"2923704","municipio":"Paratinga","cpr":"CPR-MO","cprs":["CPR-MO"],"opm":"28ª CIPM/IBOTIRAMA","opms":["28ª CIPM/IBOTIRAMA"],"cprExato":true,"opmExata":true,"somenteReferencia":false},"geometry":{"type":"Polygon","coordinates":[[[-42.9646327,-12.9480773999999],[-42.9806864999999,-12.9710082999999],[-42.9750880999999,-13.0257981],[-42.9329140999999,-13.0817848999999],[-42.9374117999999,-13.0945581],[-42.9260191,-13.1293185],[-42.9096658,-13.1391149999999],[-42.9035587,-13.159324],[-42.9100938999999,-13.1813159],[-42.9180307,-13.1485422],[-42.9694954,-13.0968943999999],[-42.9908118,-13.0985074],[-43.0095216,-13.0867898999999],[-43.0298665,-13.0931161999999],[-43.0489471999999,-13.0832192],[-43.0543235,-13.0696738999999],[-43.0741389,-13.064658],[-43.0953986,-13.0268578],[-43.1191448,-13.0259339999999],[-43.1369926,-12.9886164],[-43.16869,-12.974121],[-43.1906365,-12.923008],[-43.2143027,-12.9077725],[-43.2180446,-12.8910074],[-43.2290740999999,-12.8959958],[-43.2504939999999,-12.8871669],[-43.2499222,-12.8763678],[-43.2613378999999,-12.8749405999999],[-43.2624992,-12.8633657],[-43.2875516999999,-12.8420118],[-43.2181732,-12.7345668],[-43.2224778999999,-12.7274828],[-43.2294242,-12.7391372],[-43.2289656999999,-12.7257293],[-43.2163485,-12.7186358],[-43.2023004,-12.6891727],[-43.2221375999999,-12.6908424],[-43.1977510999999,-12.6679316999999],[-43.1875843999999,-12.6200486999999],[-43.2081575,-12.5866824],[-43.2087251,-12.5371018],[-43.257999,-12.4308803],[-43.2527805999999,-12.3811443999999],[-43.2039015999999,-12.3530451],[-43.1194877,-12.3281741],[-43.1066124,-12.3099569999999],[-43.0778149,-12.3181261999999],[-43.0769826,-12.3356868],[-43.0591252,-12.3494655],[-43.0370937,-12.3307880999999],[-42.9711546,-12.3332311999999],[-42.9623539,-12.358578],[-42.9687956,-12.3813784999999],[-42.9535903999999,-12.3905859],[-42.9580539999999,-12.4038978999999],[-42.9278758,-12.436427],[-42.9291967,-12.4504762],[-42.9519988,-12.4657053],[-42.9497167,-12.4847629],[-42.9205547,-12.5268598],[-42.8886259,-12.5416453999999],[-42.8785819999999,-12.7246061999999],[-42.8912978,-12.8892840999999],[-42.9374465999999,-12.9375056],[-42.9646327,-12.9480773999999]]]}},{"type":"Feature","id":"2907905","properties":{"codigoIbge":"2907905","municipio":"Cipó","cpr":"CPR-NE","cprs":["CPR-NE"],"opm":"21ª CIPM/CIPÓ","opms":["21ª CIPM/CIPÓ"],"cprExato":true,"opmExata":true,"somenteReferencia":false},"geometry":{"type":"Polygon","coordinates":[[[-38.4332279,-11.1326748999999],[-38.4451445,-11.1696461],[-38.4466083,-11.1548946999999],[-38.4604151999999,-11.1489511],[-38.4816202,-11.1632766],[-38.6168125,-11.1618348],[-38.6097414,-11.1359203],[-38.5820583999999,-11.1436168],[-38.5589348999999,-11.1272423],[-38.5691525,-11.0966713999999],[-38.5560861,-11.0761575],[-38.5766649999999,-11.0617382999999],[-38.5937736999999,-11.0202424999999],[-38.5441403,-11.0237124],[-38.5169797,-11.0583406],[-38.5056571,-11.0536488],[-38.4921677999999,-11.0728918999999],[-38.4939851999999,-11.0867499],[-38.4750271999999,-11.0887541],[-38.4397314999999,-11.112472],[-38.4332279,-11.1326748999999]]]}},{"type":"Feature","id":"2932200","properties":{"codigoIbge":"2932200","municipio":"Ubaitaba","cpr":"CPR-S","cprs":["CPR-S"],"opm":"61ª CIPM/UBAITABA","opms":["61ª CIPM/UBAITABA"],"cprExato":true,"opmExata":true,"somenteReferencia":false},"geometry":{"type":"Polygon","coordinates":[[[-39.3109517999999,-14.3161906999999],[-39.3500121,-14.3109411],[-39.3643923,-14.2985414999999],[-39.3673413999999,-14.2782890999999],[-39.4098847999999,-14.3100352],[-39.4162178,-14.2948289999999],[-39.4322807,-14.2940887],[-39.4434912,-14.3044834999999],[-39.5824438,-14.2450602],[-39.5758147999999,-14.2331381],[-39.5667440999999,-14.2398019],[-39.5565773,-14.2332871999999],[-39.5425807,-14.2099054],[-39.4924702,-14.2396848],[-39.4629500999999,-14.2285520999999],[-39.4441904,-14.2415382],[-39.412988,-14.2362052999999],[-39.323427,-14.2545772],[-39.3181375999999,-14.2783833999999],[-39.3029066,-14.2666285],[-39.2648245,-14.2906983],[-39.270489093,-14.306006703],[-39.3109517999999,-14.3161906999999]]]}},{"type":"Feature","id":"2924009","properties":{"codigoIbge":"2924009","municipio":"Paulo Afonso","cpr":"CPR-NE","cprs":["CPR-NE"],"opm":"20 BPM/PAULO AFONSO","opms":["20 BPM/PAULO AFONSO"],"cprExato":true,"opmExata":true,"somenteReferencia":false},"geometry":{"type":"Polygon","coordinates":[[[-38.1778267999999,-9.67001089999997],[-38.285333,-9.69063139999997],[-38.3076047,-9.66097099999996],[-38.3508638,-9.67797049999996],[-38.3636533,-9.70684039999998],[-38.4432338999999,-9.69860149999994],[-38.487785,-9.71251089999993],[-38.5489459999999,-9.68547419999993],[-38.5320038999999,-9.64975829999997],[-38.5082626999999,-9.63042029999997],[-38.4914817,-9.52969659999997],[-38.5087156,-9.35365059999998],[-38.4399673,-9.41376719999994],[-38.3889275999999,-9.40294309999996],[-38.3649602,-9.38199559999993],[-38.3419527999999,-9.39053129999996],[-38.3211962,-9.37897329999993],[-38.2840882,-9.38509269999997],[-38.2148237,-9.35302539999998],[-38.194287,-9.38571869999993],[-38.2047641999999,-9.41867429999996],[-38.1776998999999,-9.42538639999998],[-38.1549496,-9.44341609999998],[-38.0797087,-9.44038679999994],[-38.0678462,-9.45850259999997],[-38.0109255,-9.47873109999995],[-37.9979494,-9.49928329999995],[-38.0226163999999,-9.54066479999994],[-38.0193667,-9.56295429999994],[-38.0270047,-9.57385699999998],[-38.0372510999999,-9.56921339999997],[-38.0387213,-9.58243679999993],[-38.0837839,-9.59893089999997],[-38.0896620999999,-9.61119779999996],[-38.1155479,-9.61434349999996],[-38.1242506,-9.64483599999994],[-38.1365337999999,-9.64028949999994],[-38.1484371,-9.64958489999998],[-38.1447221999999,-9.65845149999996],[-38.1566607,-9.67752079999997],[-38.1778267999999,-9.67001089999997]]]}},{"type":"Feature","id":"2916104","properties":{"codigoIbge":"2916104","municipio":"Itaparica","cpr":"CPR-R","cprs":["CPR-R"],"opm":"23 BPM/VERA CRUZ","opms":["23 BPM/VERA CRUZ"],"cprExato":true,"opmExata":true,"somenteReferencia":false},"geometry":{"type":"Polygon","coordinates":[[[-38.6150623999999,-12.9325850999999],[-38.6275967999999,-12.940491],[-38.7229715,-12.9243868999999],[-38.7028617999999,-12.8809749],[-38.7215208,-12.8473538],[-38.6985645999999,-12.8005534],[-38.6748967,-12.8454249],[-38.5887994999999,-12.8926172999999],[-38.5611279999999,-12.9327360999999],[-38.6150623999999,-12.9325850999999]]]}},{"type":"Feature","id":"2924058","properties":{"codigoIbge":"2924058","municipio":"Pé de Serra","cpr":"CPR-CH","cprs":["CPR-CH"],"opm":"90ª CIPM/RIACHÃO DO JACUÍPE","opms":["90ª CIPM/RIACHÃO DO JACUÍPE"],"cprExato":true,"opmExata":true,"somenteReferencia":false},"geometry":{"type":"Polygon","coordinates":[[[-39.5703791,-12.0369315999999],[-39.5938197999999,-12.0611243999999],[-39.6067454,-12.0272353999999],[-39.6239474,-12.0192443],[-39.6363919,-11.9972619],[-39.6455826,-11.9482446],[-39.6599672,-11.9467733999999],[-39.6777615999999,-11.9236546],[-39.6917903999999,-11.9244398],[-39.746972,-11.894889],[-39.7451937,-11.8479733],[-39.6951875999999,-11.8176809999999],[-39.6910748999999,-11.7882074999999],[-39.681518505,-11.7812822],[-39.6914394099999,-11.7692691949999],[-39.6960388869999,-11.7281163],[-39.6408104999999,-11.7248274999999],[-39.5414580999999,-11.7582229999999],[-39.5341931,-11.8324509999999],[-39.5189267,-11.8245171999999],[-39.467259,-11.8723419],[-39.5048073999999,-11.9014031999999],[-39.5095873999999,-11.9414159999999],[-39.5586448999999,-12.0095110999999],[-39.5366241999999,-12.0255033],[-39.5703791,-12.0369315999999]]]}},{"type":"Feature","id":"2932101","properties":{"codigoIbge":"2932101","municipio":"Ubaíra","cpr":"CPR-R","cprs":["CPR-R"],"opm":"99ª CIPM/AMARGOSA","opms":["99ª CIPM/AMARGOSA"],"cprExato":true,"opmExata":true,"somenteReferencia":false},"geometry":{"type":"Polygon","coordinates":[[[-39.6685949,-13.5369759],[-39.7294353,-13.4895189],[-39.7104868,-13.4582596999999],[-39.7230868999999,-13.4133681],[-39.7420862,-13.4130858],[-39.7473047,-13.3751930999999],[-39.7267572,-13.3689666999999],[-39.7395488,-13.3402967],[-39.7269894999999,-13.3275619],[-39.728714,-13.3157477999999],[-39.7578118,-13.2698875999999],[-39.7601667,-13.2480279],[-39.8060849999999,-13.2321128],[-39.8384649,-13.1903606],[-39.8120893999999,-13.1939363],[-39.8093534,-13.1859929999999],[-39.7661084,-13.1789074],[-39.7432193,-13.1918944],[-39.7437742,-13.1599452999999],[-39.7606716,-13.1442819],[-39.7490361,-13.1236243],[-39.7383445,-13.1186332999999],[-39.7108895,-13.1322627],[-39.698776,-13.129657],[-39.7026562999999,-13.1122157],[-39.6530372999999,-13.1091135999999],[-39.6319027,-13.0956062999999],[-39.5981588,-13.0970667],[-39.582908,-13.1468614],[-39.5689080999999,-13.1519537],[-39.5526417,-13.140953],[-39.5367481,-13.1705919],[-39.5688405999999,-13.1893567999999],[-39.6101085,-13.1839350999999],[-39.6069070999999,-13.2085256],[-39.591404,-13.2209822],[-39.6021213999999,-13.2260009],[-39.5851342999999,-13.2506799999999],[-39.5979431,-13.2633872],[-39.6123585,-13.2598273999999],[-39.6065753999999,-13.2977691999999],[-39.6207785999999,-13.3118951],[-39.6384504,-13.359769],[-39.6287722,-13.3987068],[-39.6399134,-13.4098478999999],[-39.6392382,-13.4371381],[-39.6485787,-13.4350843],[-39.6487756999999,-13.4474071],[-39.6289411,-13.4614460999999],[-39.6276776,-13.4827736],[-39.6685949,-13.5369759]]]}},{"type":"Feature","id":"2923902","properties":{"codigoIbge":"2923902","municipio":"Pau Brasil","cpr":"CPR-S","cprs":["CPR-S"],"opm":"62ª CIPM/CAMACAN","opms":["62ª CIPM/CAMACAN"],"cprExato":true,"opmExata":true,"somenteReferencia":false},"geometry":{"type":"Polygon","coordinates":[[[-39.5707495999999,-15.5440212999999],[-39.6185917,-15.5530158],[-39.5895644999999,-15.5999798999999],[-39.5954259,-15.6066273],[-39.616573,-15.6204447],[-39.6327413999999,-15.6193433],[-39.6521577999999,-15.5907738999999],[-39.6606664,-15.605443],[-39.6717702,-15.6043968],[-39.6740475,-15.6368674],[-39.6875826,-15.6371728],[-39.6958768,-15.6278048],[-39.6830527,-15.6178305],[-39.6953589999999,-15.5993116999999],[-39.7141166,-15.5912789999999],[-39.7091574,-15.5801772],[-39.7182405999999,-15.5567669],[-39.7518337999999,-15.5554121],[-39.7725614999999,-15.5664462999999],[-39.7911058999999,-15.5419752],[-39.8301792,-15.5317868999999],[-39.836651,-15.5189445],[-39.8419453,-15.4824126999999],[-39.8296756,-15.4592577999999],[-39.792276,-15.427181],[-39.7926378999999,-15.4122707],[-39.7820396,-15.4108201999999],[-39.765824,-15.3669456],[-39.7468362,-15.370778],[-39.7382294999999,-15.3858137],[-39.7236417999999,-15.3537155999999],[-39.7067425,-15.3576064],[-39.7001890999999,-15.3412375],[-39.6841312,-15.3362607999999],[-39.6894708999999,-15.298865],[-39.6636334,-15.3068029],[-39.6543270999999,-15.2815755],[-39.6449291,-15.2974745999999],[-39.630598,-15.3016365999999],[-39.6248993,-15.3501911999999],[-39.5993753,-15.3566347999999],[-39.6015379999999,-15.3810728],[-39.5851519,-15.3887367],[-39.5786826,-15.4078478],[-39.5767691999999,-15.4261811],[-39.6136392999999,-15.4705327999999],[-39.6087724,-15.4883528],[-39.5996311,-15.4999025],[-39.5794539,-15.500986],[-39.5712857,-15.5192779999999],[-39.5486748,-15.5208135],[-39.5707495999999,-15.5440212999999]]]}},{"type":"Feature","id":"2916005","properties":{"codigoIbge":"2916005","municipio":"Itanhém","cpr":"CPR-ES","cprs":["CPR-ES"],"opm":"44ª CIPM/MEDEIROS NETO","opms":["44ª CIPM/MEDEIROS NETO"],"cprExato":true,"opmExata":true,"somenteReferencia":false},"geometry":{"type":"Polygon","coordinates":[[[-40.1428286,-17.1803598],[-40.1374516,-17.1758943999999],[-40.1261443999999,-17.1874374],[-40.1389884,-17.2323572999999],[-40.1328086,-17.2469379999999],[-40.1635476,-17.2491166999999],[-40.1987728,-17.2295756],[-40.2177596999999,-17.2472523],[-40.2813642,-17.2465913],[-40.2981171,-17.2596846],[-40.3405877,-17.2652295],[-40.3729329,-17.2580508],[-40.3948779,-17.2691674],[-40.427767,-17.2653005999999],[-40.5477509,-17.2837062999999],[-40.5619733999999,-17.2725071999999],[-40.5723255999999,-17.2503060999999],[-40.5523838999999,-17.1991530999999],[-40.5538612,-17.1890303],[-40.5746086999999,-17.1803346999999],[-40.5791586999999,-17.1482483],[-40.5629147,-17.1263273],[-40.5567854999999,-17.089602],[-40.5704992999999,-17.080231],[-40.5714143,-17.0638855],[-40.5454432999999,-16.9841997],[-40.5159401999999,-16.9627153],[-40.4912055,-16.88449],[-40.4603850999999,-16.8784552],[-40.4489369,-16.8923647999999],[-40.4323952999999,-16.8872572],[-40.4077174999999,-16.898658],[-40.4176734,-16.9282891999999],[-40.3930038,-16.9611679999999],[-40.3636587999999,-16.9679965],[-40.3554857,-16.9864684],[-40.337227,-16.9811374999999],[-40.3279795999999,-16.9997261],[-40.2926603999999,-17.0075783999999],[-40.2749287999999,-16.9953869999999],[-40.2528975,-17.0155624999999],[-40.2257857,-17.0207005999999],[-40.2250784,-17.0355499],[-40.2107599,-17.0418610999999],[-40.1938187,-17.0694783],[-40.1811604,-17.0785036999999],[-40.1704624,-17.0703879],[-40.1646762,-17.0760572999999],[-40.1614034,-17.1075999],[-40.1444533,-17.0929472999999],[-40.1321839,-17.1022472],[-40.1197463999999,-17.0955038],[-40.1198426999999,-17.1116148999999],[-40.1503488,-17.1359007999999],[-40.1420077,-17.1622783],[-40.1531826999999,-17.1702875],[-40.1428286,-17.1803598]]]}},{"type":"Feature","id":"2907806","properties":{"codigoIbge":"2907806","municipio":"Cícero Dantas","cpr":"CPR-NE","cprs":["CPR-NE"],"opm":"21ª CIPM/CIPÓ","opms":["21ª CIPM/CIPÓ"],"cprExato":true,"opmExata":true,"somenteReferencia":false},"geometry":{"type":"Polygon","coordinates":[[[-38.2683264,-10.6746193999999],[-38.2908768,-10.6527292],[-38.3980065,-10.6327104],[-38.4370168999999,-10.6091685],[-38.4982616999999,-10.6059605],[-38.5339607999999,-10.5641279999999],[-38.5671611999999,-10.5546833999999],[-38.5733559,-10.5269352],[-38.6127033999999,-10.5461321999999],[-38.6272708,-10.5250040999999],[-38.6213415,-10.5156142],[-38.6529507,-10.4965094],[-38.6561383,-10.48509],[-38.6327204999999,-10.4671466],[-38.6355455999999,-10.4445071],[-38.6236014999999,-10.4478214],[-38.6218676999999,-10.4399020999999],[-38.649824,-10.3691885],[-38.5748038,-10.333586],[-38.5416367,-10.3465487],[-38.5029158999999,-10.3769296999999],[-38.5063011,-10.4096428],[-38.4931478,-10.4428028999999],[-38.479702,-10.451471],[-38.4412371,-10.4448452],[-38.433056,-10.4523809999999],[-38.4192351999999,-10.4369224],[-38.4137484,-10.4667176],[-38.3834224999999,-10.4652756999999],[-38.3670021999999,-10.4763601999999],[-38.3507054,-10.4697308],[-38.2902225999999,-10.4769987],[-38.2492349,-10.4594749],[-38.2244391,-10.4702371],[-38.2198617999999,-10.4766541],[-38.236207,-10.4917929],[-38.2473186,-10.5223687],[-38.2839625,-10.5381424999999],[-38.2883456,-10.5676015],[-38.2669981,-10.6615007999999],[-38.2683264,-10.6746193999999]]]}},{"type":"Feature","id":"2916302","properties":{"codigoIbge":"2916302","municipio":"Itapebi","cpr":"CPR-ES","cprs":["CPR-ES"],"opm":"28 BPM/EUNÁPOLIS","opms":["28 BPM/EUNÁPOLIS"],"cprExato":true,"opmExata":true,"somenteReferencia":false},"geometry":{"type":"Polygon","coordinates":[[[-39.4619764999999,-15.9923727],[-39.451991,-15.9856844],[-39.4322551999999,-16.0000709999999],[-39.3867494,-16.0502777],[-39.4028206999999,-16.0452981999999],[-39.4231872999999,-16.0709891],[-39.4695275,-16.0943713],[-39.4864954,-16.0598816999999],[-39.5564697999999,-16.0319802],[-39.608864,-16.0224191999999],[-39.6157703,-16.0072183],[-39.7497650999999,-15.9718564],[-39.7886508,-15.9688356],[-39.8142015,-15.9798132],[-39.8459771999999,-15.9759230999999],[-39.8709067,-15.9528223999999],[-39.8930291,-15.9572588999999],[-39.9329402,-15.9213098],[-39.9491093,-15.8970886],[-39.9512937,-15.8716271],[-39.9286149,-15.8841902999999],[-39.9109832,-15.8671251],[-39.8866173,-15.8889798],[-39.8595579999999,-15.8733490999999],[-39.8360863999999,-15.8842155999999],[-39.8365156,-15.8696305999999],[-39.8146877999999,-15.8657972],[-39.8161463,-15.8462643],[-39.7895849999999,-15.8338649999999],[-39.7878481,-15.8122792],[-39.7494685,-15.8017632999999],[-39.7317409,-15.7779255999999],[-39.6771219999999,-15.7649107999999],[-39.6632604,-15.7466936],[-39.6330541999999,-15.7431809],[-39.634675,-15.7646703999999],[-39.6210267,-15.7739672],[-39.6003501,-15.7661409],[-39.5672279,-15.7731803999999],[-39.5483907999999,-15.7905681999999],[-39.5637156999999,-15.7895169],[-39.5706360999999,-15.7907139],[-39.5725950999999,-15.7945697],[-39.5279993999999,-15.817663],[-39.5149115999999,-15.8090031999999],[-39.5012116,-15.8177234],[-39.5030695,-15.8457433999999],[-39.5149527,-15.8528274999999],[-39.4923633,-15.8827585],[-39.4955044,-15.9002876],[-39.4695027999999,-15.9255244999999],[-39.4641076999999,-15.947553],[-39.4783135,-15.9844659999999],[-39.4619764999999,-15.9923727]]]}},{"type":"Feature","id":"2916401","properties":{"codigoIbge":"2916401","municipio":"Itapetinga","cpr":"CPR-S","cprs":["CPR-S"],"opm":"8ª CIPM/ITAPETINGA","opms":["8ª CIPM/ITAPETINGA"],"cprExato":true,"opmExata":true,"somenteReferencia":false},"geometry":{"type":"Polygon","coordinates":[[[-39.792276,-15.427181],[-39.8419453,-15.4824126999999],[-39.8301792,-15.5317868999999],[-39.8434956999999,-15.5358629999999],[-39.8562487999999,-15.5244961],[-39.885081015,-15.5229677099999],[-39.8841720999999,-15.5096356],[-39.9015543099999,-15.4879511],[-39.9175825849999,-15.483234205],[-39.9171381849999,-15.464085505],[-39.944749605,-15.4662118099999],[-39.93066669,-15.43875601],[-39.96900289,-15.4519812999999],[-39.97363009,-15.4464812849999],[-39.9619934049999,-15.4310970949999],[-39.98420019,-15.42156871],[-40.013326685,-15.42405831],[-40.0327478999999,-15.4364115],[-40.0300101,-15.4157736999999],[-40.0436306999999,-15.3889005],[-40.0660508,-15.3927361999999],[-40.0764583,-15.38508],[-40.0922959,-15.3986700999999],[-40.0874343,-15.3824635999999],[-40.1014666999999,-15.3800605],[-40.0959200999999,-15.3698678],[-40.1065505,-15.3604066],[-40.160176,-15.3619548],[-40.1660074,-15.3706883999999],[-40.1457935,-15.3892895],[-40.1489587,-15.4020609999999],[-40.164208,-15.4108077999999],[-40.1575822,-15.3971473999999],[-40.1682637,-15.3832694999999],[-40.1781139999999,-15.4038998999999],[-40.2081066,-15.4278823],[-40.2293895,-15.4125417],[-40.2445572999999,-15.4134966999999],[-40.2533369,-15.4013414],[-40.2586595,-15.4154326999999],[-40.2921575999999,-15.4115156999999],[-40.298425,-15.4251788],[-40.3147168,-15.4261854],[-40.3152466999999,-15.4026047999999],[-40.3495655,-15.3798232999999],[-40.3404556999999,-15.3623243],[-40.3610264,-15.3515864999999],[-40.3488149,-15.3278829999999],[-40.3533457999999,-15.3152400999999],[-40.3727987999999,-15.3212220999999],[-40.3790605,-15.3148217],[-40.3628464,-15.283448],[-40.3723962,-15.2597038],[-40.2618897,-15.1758902],[-40.132188,-15.2243068999999],[-40.0939862,-15.1054543],[-40.0613566,-15.1254678],[-40.0393304,-15.1253948],[-40.0216088999999,-15.1095554],[-39.9797181,-15.113288],[-39.9620748,-15.125641],[-39.9437447999999,-15.1201965999999],[-39.9391725,-15.1048681999999],[-39.9266752999999,-15.1118698],[-39.9190399,-15.0988325],[-39.9040112,-15.0963599999999],[-39.895543,-15.1017209999999],[-39.8476861,-15.3110427],[-39.8396375999999,-15.3173179],[-39.8320292999999,-15.3102818999999],[-39.8310316,-15.3193984],[-39.809605,-15.3254128999999],[-39.7885115999999,-15.3746055999999],[-39.765824,-15.3669456],[-39.7820396,-15.4108201999999],[-39.7926378999999,-15.4122707],[-39.792276,-15.427181]]]}},{"type":"Feature","id":"2908200","properties":{"codigoIbge":"2908200","municipio":"Conceição da Feira","cpr":"CPR-L","cprs":["CPR-L"],"opm":"67ª CIPM/FEIRA DE SANTANA","opms":["67ª CIPM/FEIRA DE SANTANA"],"cprExato":true,"opmExata":true,"somenteReferencia":false},"geometry":{"type":"Polygon","coordinates":[[[-38.9685226,-12.4704991999999],[-38.9212970999999,-12.4945653999999],[-38.9165786,-12.4804827],[-38.8979373999999,-12.4887201],[-38.9057086999999,-12.4972170999999],[-38.8776958,-12.5103918],[-38.8808094,-12.5225073],[-38.9106411999999,-12.5178999999999],[-38.9828891999999,-12.5516893],[-38.979368,-12.5650489999999],[-39.0073068999999,-12.5691476],[-39.0575239,-12.5409612999999],[-39.0734891,-12.5024376],[-39.0885102999999,-12.4957272999999],[-39.067244,-12.4528688999999],[-39.0300842,-12.4396634999999],[-39.0080037,-12.4718349999999],[-38.9685226,-12.4704991999999]]]}},{"type":"Feature","id":"2931400","properties":{"codigoIbge":"2931400","municipio":"Teodoro Sampaio","cpr":"CPR-L","cprs":["CPR-L"],"opm":"66ª CIPM/CONCEIÇÃO DO JACUÍPE","opms":["66ª CIPM/CONCEIÇÃO DO JACUÍPE"],"cprExato":true,"opmExata":true,"somenteReferencia":false},"geometry":{"type":"Polygon","coordinates":[[[-38.5303986,-12.2801593999999],[-38.5324045,-12.3428592999999],[-38.5631657,-12.3314576],[-38.5685839999999,-12.30833],[-38.6014082999999,-12.3241836],[-38.6201983999999,-12.3189714],[-38.6425111,-12.3615621],[-38.6571259,-12.3613343],[-38.6802911,-12.3332475],[-38.6773403,-12.3169267],[-38.6983835,-12.2787157],[-38.6784610999999,-12.2206869999999],[-38.6321842999999,-12.1701318],[-38.6123128999999,-12.1664094999999],[-38.6151034,-12.1768514999999],[-38.5955633,-12.1956458],[-38.5866636,-12.1936765999999],[-38.5494365,-12.2447725],[-38.5208019999999,-12.2593044],[-38.5303986,-12.2801593999999]]]}},{"type":"Feature","id":"2923209","properties":{"codigoIbge":"2923209","municipio":"Oliveira dos Brejinhos","cpr":"CPR-MO","cprs":["CPR-MO"],"opm":"28ª CIPM/IBOTIRAMA","opms":["28ª CIPM/IBOTIRAMA"],"cprExato":true,"opmExata":true,"somenteReferencia":false},"geometry":{"type":"Polygon","coordinates":[[[-42.3576158,-12.4169856999999],[-42.3531133,-12.4575207999999],[-42.3700269999999,-12.4580786],[-42.370326,-12.4811895],[-42.4255588,-12.4973350999999],[-42.4924377,-12.544181],[-42.5185739999999,-12.5394825],[-42.5329905,-12.5468202],[-42.5793634999999,-12.5289109999999],[-42.5897408,-12.5096687],[-42.6068144,-12.5132257999999],[-42.6388962,-12.5007982999999],[-42.7717026,-12.5576510999999],[-42.8253979,-12.5697954999999],[-42.8997816999999,-12.5415829],[-42.9391057999999,-12.5042849],[-42.9530708999999,-12.4708335999999],[-42.9285836999999,-12.4496725],[-42.9278758,-12.436427],[-42.9433625,-12.4260843],[-42.9584866,-12.4030261],[-42.9530018,-12.3916086999999],[-42.970337,-12.3772428],[-42.9623539,-12.358578],[-42.9749394999999,-12.3281028],[-42.9624284,-12.2851056],[-42.9637149,-12.2687223999999],[-42.9809756999999,-12.2602386],[-42.9776209,-12.1949723999999],[-42.9981787,-12.1896277],[-43.0339124,-12.1494999999999],[-43.0558882999999,-12.1551031],[-43.0636003,-12.1399491999999],[-43.0580583999999,-12.095312],[-43.0747337,-12.0950836],[-43.0922014,-12.0560010999999],[-43.1433646,-12.0449012999999],[-43.1365527,-12.019485],[-42.9202438,-11.9732475],[-42.9025966,-11.9623321],[-42.8728996,-11.964039],[-42.8135364,-11.9410498999999],[-42.7796858999999,-11.9726757],[-42.7643922999999,-11.9601979],[-42.7567379,-11.9861122],[-42.7773203,-11.996683],[-42.7710744999999,-12.0081772999999],[-42.7767919999999,-12.0340917],[-42.7532413,-12.0678794999999],[-42.752379,-12.0878478],[-42.7398459999999,-12.0850113],[-42.7188740999999,-12.1171944999999],[-42.6860121,-12.1043415999999],[-42.6856837999999,-12.0832976999999],[-42.6699103,-12.0599338],[-42.6265738,-12.0799180999999],[-42.6137552,-12.1677172999999],[-42.5728482,-12.1726204999999],[-42.5772057,-12.2036249],[-42.5613559999999,-12.2583953999999],[-42.3783688999999,-12.2343921999999],[-42.3717938,-12.2778341],[-42.3214742,-12.3957308],[-42.3273457999999,-12.4135563],[-42.3576158,-12.4169856999999]]]}},{"type":"Feature","id":"2931509","properties":{"codigoIbge":"2931509","municipio":"Teofilândia","cpr":"CPR-NE","cprs":["CPR-NE"],"opm":"16 BPM/SERRINHA","opms":["16 BPM/SERRINHA"],"cprExato":true,"opmExata":true,"somenteReferencia":false},"geometry":{"type":"Polygon","coordinates":[[[-38.8627054999999,-11.4964282999999],[-38.8700085,-11.5374719],[-38.8862814999999,-11.523861],[-38.9032923999999,-11.5434703],[-38.9209898999999,-11.5399394999999],[-38.9642990999999,-11.5621641999999],[-38.9804144,-11.5531344999999],[-39.0281802,-11.5526072],[-39.0655523,-11.4881521999999],[-39.0491867,-11.4441846999999],[-39.0740074999999,-11.4208409],[-39.0537924999999,-11.3988500999999],[-38.9805506,-11.4233116999999],[-38.864493,-11.3824789999999],[-38.8225603999999,-11.4135782],[-38.8627054999999,-11.4964282999999]]]}},{"type":"Feature","id":"2916203","properties":{"codigoIbge":"2916203","municipio":"Itapé","cpr":"CPR-S","cprs":["CPR-S"],"opm":"63ª CIPM/IBICARAÍ","opms":["63ª CIPM/IBICARAÍ"],"cprExato":true,"opmExata":true,"somenteReferencia":false},"geometry":{"type":"Polygon","coordinates":[[[-39.5693108999999,-15.0477822],[-39.5960411999999,-14.9888213999999],[-39.6444546,-14.9703443],[-39.6780275,-14.9381806],[-39.6656376999999,-14.9407113999999],[-39.6405051,-14.9167841],[-39.6216195,-14.927651],[-39.6173276,-14.9125318],[-39.6015255999999,-14.9031352],[-39.5659874,-14.9060615],[-39.5661175,-14.9167912],[-39.5555357,-14.9204659],[-39.5280779999999,-14.9078115],[-39.5206681999999,-14.8939093999999],[-39.4957140999999,-14.9088068],[-39.4863594999999,-14.8938568],[-39.4713659,-14.8909717999999],[-39.4769365999999,-14.8511834],[-39.4050215999999,-14.8372135999999],[-39.3945874999999,-14.8578985999999],[-39.384869,-14.8493129],[-39.3649235999999,-14.8513902999999],[-39.3551186999999,-14.8654918999999],[-39.378342,-14.9365842],[-39.4218906999999,-15.0149446999999],[-39.5198561999999,-15.0759704],[-39.5352536999999,-15.0573856],[-39.5524783,-15.0792079999999],[-39.5588731,-15.0505951],[-39.5693108999999,-15.0477822]]]}},{"type":"Feature","id":"2923308","properties":{"codigoIbge":"2923308","municipio":"Ouriçangas","cpr":"CPR-LN","cprs":["CPR-LN"],"opm":"4 BPM/ALAGOINHAS","opms":["4 BPM/ALAGOINHAS"],"cprExato":true,"opmExata":true,"somenteReferencia":false},"geometry":{"type":"Polygon","coordinates":[[[-38.5848705999999,-12.0526624999999],[-38.5798445,-12.0810597999999],[-38.5901224999999,-12.0853599],[-38.6577252,-12.0532732999999],[-38.699918,-12.0541757],[-38.7246805,-12.023558],[-38.7078377999999,-11.9563924999999],[-38.6312852,-11.9332608999999],[-38.6074146,-11.9929984999999],[-38.6073193,-12.0213687999999],[-38.5848705999999,-12.0526624999999]]]}},{"type":"Feature","id":"2908002","properties":{"codigoIbge":"2908002","municipio":"Coaraci","cpr":"CPR-S","cprs":["CPR-S"],"opm":"15 BPM/ITABUNA","opms":["15 BPM/ITABUNA"],"cprExato":true,"opmExata":true,"somenteReferencia":false},"geometry":{"type":"Polygon","coordinates":[[[-39.5835891,-14.7844380999999],[-39.5696459,-14.7213818999999],[-39.6196816999999,-14.6620895999999],[-39.6981122,-14.6051194],[-39.718083,-14.6037830999999],[-39.7177139999999,-14.5698662999999],[-39.7291481999999,-14.5612700999999],[-39.550592497,-14.5617583019999],[-39.5110668,-14.5476368999999],[-39.5242193,-14.6424231999999],[-39.5106283,-14.6605413],[-39.5261839999999,-14.6773539],[-39.5333247,-14.7423257],[-39.5548524,-14.7659694999999],[-39.5536592,-14.7783666999999],[-39.5835891,-14.7844380999999]]]}},{"type":"Feature","id":"2908101","properties":{"codigoIbge":"2908101","municipio":"Cocos","cpr":"CPR-O","cprs":["CPR-O"],"opm":"30ª CIPM/SANTA MARIA DA VITÓRIA","opms":["30ª CIPM/SANTA MARIA DA VITÓRIA"],"cprExato":true,"opmExata":true,"somenteReferencia":false},"geometry":{"type":"Polygon","coordinates":[[[-46.1207580999999,-15.1975017],[-46.0542806,-15.1719694999999],[-46.0437201999999,-15.1181296],[-46.0284766,-15.1141102],[-46.0184972,-15.0813013],[-45.9754940999999,-15.0388816],[-45.9785214999999,-14.9985801999999],[-45.9662534999999,-14.9770675999999],[-45.9717481,-14.9491229999999],[-46.0073133999999,-14.9258421],[-46.00388,-14.9022897999999],[-46.0375749,-14.8746561999999],[-45.9961847,-14.8226458],[-45.9642064999999,-14.8109317999999],[-45.8585831,-14.696386],[-45.7466421999999,-14.6011645999999],[-45.7278649,-14.5713914999999],[-45.6840182999999,-14.5478843999999],[-45.6741173,-14.5184690999999],[-45.6234337999999,-14.5043423],[-45.6086232,-14.4780541],[-45.5590847999999,-14.4424812],[-45.5415048999999,-14.4142608],[-45.4965304,-14.3778386999999],[-45.4948292,-14.3584013999999],[-45.4815214,-14.3461920999999],[-45.4495378,-14.3285172],[-45.4251197,-14.329517],[-45.4113045999999,-14.2984926],[-45.3978954,-14.2942107],[-45.3748179999999,-14.2572587999999],[-45.3338275,-14.2459398],[-45.317823,-14.2253339],[-45.3045478999999,-14.2246541],[-45.3019189,-14.209102],[-45.2638709999999,-14.2001051999999],[-45.2415271,-14.1752458],[-45.2194269999999,-14.1674910999999],[-45.2219258,-14.1546140999999],[-45.2028895,-14.149648],[-45.1915185999999,-14.126899],[-45.1250204999999,-14.1108671],[-45.1068536999999,-14.1189502999999],[-45.0999664,-14.09808],[-45.0753597,-14.0762318],[-45.0491491,-14.0736165],[-45.0420829,-14.0611850999999],[-45.0106653,-14.0463119999999],[-44.9505667,-14.0324582],[-44.9404508,-14.0133288],[-44.9235649,-14.0146288],[-44.9086268999999,-13.990897],[-44.9044866,-13.925739],[-44.8875748999999,-13.9222071],[-44.8653631999999,-13.9035646999999],[-44.8679425,-13.8937839],[-44.8430236999999,-13.8821469],[-44.8339374,-13.8534235],[-44.8217552999999,-13.8502559999999],[-44.8083096,-13.829216],[-44.7932552999999,-13.8246574],[-44.7743947,-13.8353873],[-44.7495268,-13.8658593],[-44.7260314,-13.8711824],[-44.7119529,-13.8892114],[-44.6621057,-13.8915183],[-44.468058,-14.0342143],[-44.3795835,-14.0444767],[-44.3908006,-14.0756425],[-44.426406395,-14.08164219],[-44.41956291,-14.11955369],[-44.4296378999999,-14.12328729],[-44.4302002049999,-14.140860205],[-44.444218705,-14.14094689],[-44.45342291,-14.1559597949999],[-44.4380667999999,-14.1626222049999],[-44.445631605,-14.1697981],[-44.436539,-14.17396481],[-44.4445344,-14.17646479],[-44.44007498,-14.1884763899999],[-44.4616837199999,-14.19445038],[-44.4687377,-14.2159329999999],[-44.44886258,-14.22577032],[-44.42830491,-14.27997951],[-44.41178199,-14.2815843069999],[-44.487177,-14.3285197],[-44.5108435999999,-14.3226878999999],[-44.5405446,-14.3317714999999],[-44.5451204999999,-14.3430632999999],[-44.5655652,-14.3400599999999],[-44.5645708,-14.348602],[-44.6255950999999,-14.3761099],[-44.6335986999999,-14.3944726],[-44.6588783999999,-14.3957573],[-44.6580418999999,-14.4163642999999],[-44.6679857999999,-14.4238506999999],[-44.6695665,-14.4161981999999],[-44.6742096999999,-14.4244957999999],[-44.6883531999999,-14.4166809],[-44.701293,-14.4497881],[-44.7238192,-14.4490547],[-44.7567425999999,-14.4783805],[-44.794366,-14.4878515],[-44.7943253,-14.4965898],[-44.8182662999999,-14.4901957],[-44.8092088999999,-14.4978594],[-44.8138152999999,-14.5046596999999],[-44.8332382,-14.4998277999999],[-44.8225735999999,-14.5147987],[-44.836293,-14.5184881],[-44.8348899,-14.5359245],[-44.8243545,-14.5393769],[-44.8471084999999,-14.5454862],[-44.8587949,-14.5715223],[-44.8474158,-14.5757093999999],[-44.8439071,-14.5663104999999],[-44.8433866,-14.5808382],[-44.8619834,-14.5792044],[-44.8759585,-14.5996625],[-44.8765723,-14.5920654],[-44.8964842,-14.6054561999999],[-44.9102099999999,-14.6035502999999],[-44.9166802,-14.6196603],[-44.9465941999999,-14.623729],[-44.9430264,-14.6302181],[-44.9547946,-14.6378624999999],[-44.9623250999999,-14.6318515],[-44.9805972,-14.6435031999999],[-44.973939,-14.6521036],[-44.9833824,-14.6518417],[-44.9859339,-14.6621337999999],[-44.9966377,-14.6588449999999],[-44.9957479,-14.6678153999999],[-45.0395114,-14.6798511],[-45.0827727,-14.7487667],[-45.1362895999999,-14.7474167999999],[-45.1636040999999,-14.7323845],[-45.1912988999999,-14.7497117999999],[-45.2055736999999,-14.7447389],[-45.2419619,-14.7865289],[-45.2587133,-14.7895222],[-45.2630950999999,-14.8022046999999],[-45.2711836999999,-14.7988228],[-45.2744117,-14.8115017],[-45.2887408,-14.8181091],[-45.2856894999999,-14.8324777999999],[-45.3164363,-14.8313691],[-45.3164204,-14.8512552],[-45.3528717,-14.8641057],[-45.3519401,-14.8760827999999],[-45.3639757999999,-14.8716954999999],[-45.3707431,-14.8941321],[-45.3997964,-14.9175013],[-45.4210452,-14.9265847999999],[-45.4344687999999,-14.9217510999999],[-45.4559942999999,-14.9542607],[-45.4698519,-14.9500545],[-45.4900514999999,-14.9607627],[-45.4984916,-14.9463815999999],[-45.5206964,-14.9535574],[-45.534729,-14.9382575999999],[-45.5667394,-14.944853],[-45.5670507,-14.9564953],[-45.5867775,-14.9781555],[-45.5934837,-14.9755013],[-45.6159461,-15.0135883999999],[-45.6347588,-15.0236793999999],[-45.6435337999999,-15.0167001],[-45.6461742,-15.0320603],[-45.6473336999999,-15.0234136999999],[-45.6570586,-15.0273493],[-45.6558189,-15.04853],[-45.6748119,-15.0805425999999],[-45.7170379999999,-15.0939099],[-45.7302951,-15.1172448999999],[-45.7511095,-15.1225822],[-45.8179671,-15.1141861999999],[-45.8443333,-15.1452487999999],[-45.8588348,-15.144377],[-45.871247,-15.1588108999999],[-45.9187247,-15.1333696999999],[-45.9559093,-15.1406663],[-45.9724701,-15.1547163],[-45.9845053,-15.195961],[-46.0295237,-15.2018083],[-46.055945,-15.2618123999999],[-46.0770818,-15.2646817999999],[-46.0812508999999,-15.2485156999999],[-46.0970882999999,-15.2431113],[-46.0988173,-15.2167858],[-46.1207580999999,-15.1975017]]]}},{"type":"Feature","id":"2931301","properties":{"codigoIbge":"2931301","municipio":"Tapiramutá","cpr":"CPR-CH","cprs":["CPR-CH"],"opm":"29 BPM/JACOBINA","opms":["29 BPM/JACOBINA"],"cprExato":true,"opmExata":true,"somenteReferencia":false},"geometry":{"type":"Polygon","coordinates":[[[-40.6990053,-11.7974891],[-40.6655198999999,-11.7952832],[-40.6491738,-11.8367302],[-40.612965,-11.8531523999999],[-40.5991319,-11.8846267],[-40.5778386,-11.8982568],[-40.6707094,-11.9375684999999],[-40.7303067999999,-11.9998285999999],[-40.7468236999999,-12.0009183],[-40.7562019,-11.9899182],[-40.7718798999999,-11.9939376],[-40.7957499999999,-11.9620269],[-40.8535859,-11.9635997],[-40.8970770999999,-11.9902822],[-40.9371024,-11.9294257999999],[-40.9809192,-11.8852120999999],[-40.9683575,-11.8842696999999],[-40.9597108,-11.842933],[-40.9441965999999,-11.8202795],[-40.9015909,-11.8107512999999],[-40.8837948999999,-11.7571072],[-40.848511,-11.77649],[-40.8011673,-11.7429208],[-40.7978765999999,-11.7637382999999],[-40.7800319999999,-11.7750240999999],[-40.6990053,-11.7974891]]]}},{"type":"Feature","id":"2923100","properties":{"codigoIbge":"2923100","municipio":"Olindina","cpr":"CPR-LN","cprs":["CPR-LN"],"opm":"6ª CIPM/RIO REAL","opms":["6ª CIPM/RIO REAL"],"cprExato":true,"opmExata":true,"somenteReferencia":false},"geometry":{"type":"Polygon","coordinates":[[[-38.2638325999999,-11.423965],[-38.3014965,-11.626247],[-38.3386321,-11.5866091],[-38.3564203999999,-11.5901302],[-38.3975232999999,-11.5574129],[-38.4048275,-11.5355724],[-38.4273117,-11.5445066],[-38.4558908999999,-11.523176],[-38.452418,-11.5149663999999],[-38.4991108999999,-11.490652],[-38.48819,-11.4666283999999],[-38.4918456999999,-11.4456289],[-38.4490777,-11.421166],[-38.4329620999999,-11.395566],[-38.4370777999999,-11.3725883],[-38.4276017,-11.3442279999999],[-38.4105484,-11.3283731],[-38.4049985,-11.3035909999999],[-38.3741484999999,-11.2772105],[-38.3732216999999,-11.2640832],[-38.3446877,-11.263686],[-38.3077097999999,-11.310166],[-38.2574165999999,-11.3200838],[-38.2121921,-11.3509440999999],[-38.238735,-11.3720817999999],[-38.2638325999999,-11.423965]]]}},{"type":"Feature","id":"2931350","properties":{"codigoIbge":"2931350","municipio":"Teixeira de Freitas","cpr":"CPR-ES","cprs":["CPR-ES"],"opm":"87ª CIPM/TEIXEIRA DE FREITAS","opms":["87ª CIPM/TEIXEIRA DE FREITAS"],"cprExato":true,"opmExata":true,"somenteReferencia":false},"geometry":{"type":"Polygon","coordinates":[[[-39.6046309,-17.557961],[-39.76791,-17.6273583],[-39.9367382999999,-17.4744041],[-39.9356349,-17.4268120999999],[-39.9696185999999,-17.382464],[-39.9991355,-17.3670351],[-40.0173698999999,-17.3254855],[-40.0458336999999,-17.3091889],[-40.064473,-17.2630710999999],[-40.0487591,-17.2666432999999],[-40.0363905,-17.2388195],[-40.0232933,-17.2336870999999],[-40.0171407999999,-17.2418645],[-40.0068416999999,-17.2322154999999],[-40.0002746,-17.2498454],[-39.9899758999999,-17.2452031],[-39.9454248,-17.2663519],[-39.9540787999999,-17.3013713],[-39.9404946,-17.3488179999999],[-39.914994,-17.344079],[-39.9132544,-17.3542424],[-39.8936416999999,-17.3554543999999],[-39.8885046,-17.364212],[-39.857918,-17.3627382],[-39.8579033999999,-17.3387379],[-39.8363272,-17.3286141999999],[-39.8280942,-17.3020397999999],[-39.8379983,-17.2554868999999],[-39.7965467999999,-17.2617604],[-39.7774474999999,-17.2752831999999],[-39.7596958,-17.2661285999999],[-39.7347238,-17.2808904999999],[-39.6990541,-17.271179],[-39.6893426,-17.2846005],[-39.6636417999999,-17.2832986999999],[-39.6516101999999,-17.3074733999999],[-39.632216,-17.3132644999999],[-39.6294058,-17.3526393999999],[-39.6073,-17.4110889],[-39.6046309,-17.557961]]]}},{"type":"Feature","id":"2931707","properties":{"codigoIbge":"2931707","municipio":"Terra Nova","cpr":"CPR-L","cprs":["CPR-L"],"opm":"66ª CIPM/CONCEIÇÃO DO JACUÍPE","opms":["66ª CIPM/CONCEIÇÃO DO JACUÍPE"],"cprExato":true,"opmExata":true,"somenteReferencia":false},"geometry":{"type":"Polygon","coordinates":[[[-38.6764704,-12.4138601],[-38.6541622,-12.3894151],[-38.6579887999999,-12.3626798],[-38.6424681999999,-12.3615189999999],[-38.6211165,-12.3194048999999],[-38.6014082999999,-12.3241836],[-38.5687665,-12.3082825],[-38.5627752,-12.3318222999999],[-38.5293819,-12.3424606999999],[-38.5389329999999,-12.3953508999999],[-38.5263413,-12.417052],[-38.5383616,-12.4213023],[-38.5408763,-12.4114939],[-38.5621993,-12.4224712999999],[-38.6115116999999,-12.4967895999999],[-38.6647902,-12.4437445999999],[-38.6764704,-12.4138601]]]}},{"type":"Feature","id":"2923506","properties":{"codigoIbge":"2923506","municipio":"Palmeiras","cpr":"CPR-CH","cprs":["CPR-CH"],"opm":"42ª CIPM/LENÇÓIS","opms":["42ª CIPM/LENÇÓIS"],"cprExato":true,"opmExata":true,"somenteReferencia":false},"geometry":{"type":"Polygon","coordinates":[[[-41.4379006,-12.7099959999999],[-41.6051323999999,-12.7121941],[-41.6619823999999,-12.6683588999999],[-41.6788412999999,-12.6263925],[-41.6561225,-12.5850485999999],[-41.6631786999999,-12.5521282999999],[-41.6841070999999,-12.5364461],[-41.6038728,-12.4268504999999],[-41.5850361999999,-12.4272541999999],[-41.5880644,-12.3967585999999],[-41.5648614999999,-12.3881307],[-41.5642005999999,-12.3716367],[-41.5325338,-12.3548102999999],[-41.523021,-12.3566334],[-41.5157818,-12.375077],[-41.4796744,-12.3705848999999],[-41.4524979999999,-12.3827059],[-41.4414768,-12.4132049999999],[-41.44182,-12.4354746],[-41.4579393999999,-12.4454709999999],[-41.4431134,-12.4692833],[-41.4836913,-12.4860166999999],[-41.4876849,-12.5065036],[-41.468374,-12.5354910999999],[-41.4787458,-12.5492374],[-41.4705860999999,-12.5855506],[-41.444426,-12.6227608],[-41.4778373999999,-12.6403210999999],[-41.4792737,-12.6507295],[-41.4520337,-12.6741170999999],[-41.4379006,-12.7099959999999]]]}},{"type":"Feature","id":"2915601","properties":{"codigoIbge":"2915601","municipio":"Itamaraju","cpr":"CPR-ES","cprs":["CPR-ES"],"opm":"43ª CIPM/ITAMARAJU","opms":["43ª CIPM/ITAMARAJU"],"cprExato":true,"opmExata":true,"somenteReferencia":false},"geometry":{"type":"Polygon","coordinates":[[[-39.602204,-17.1569646],[-39.6602607,-17.1821454999999],[-39.6949741,-17.1761946],[-39.7184847,-17.2075824999999],[-39.7478652,-17.2073607999999],[-39.7695849,-17.2238439999999],[-39.80065,-17.2304161],[-39.8118979,-17.2217699],[-39.8356949,-17.2419288],[-39.8457122999999,-17.2351279],[-39.8579025,-17.2423587],[-39.8828611,-17.2266845999999],[-39.8983155999999,-17.2315639],[-39.9057218,-17.2127262],[-39.9308404999999,-17.2094428999999],[-39.9359041,-17.2009323999999],[-39.9559321999999,-17.2091879999999],[-39.965994,-17.1933121],[-39.9835457999999,-17.1882861],[-39.9933372,-17.1727384],[-39.9904885999999,-17.1563126],[-40.0126188999999,-17.1486125],[-40.0155399,-17.1321970999999],[-40.056836,-17.1137166999999],[-40.0749221,-17.0900427],[-40.0757106999999,-17.0751271],[-40.0662487,-17.070817],[-40.0798267,-17.0260749],[-40.0603541999999,-16.9973254],[-40.060596,-16.9747025999999],[-40.0440264,-16.9619455],[-40.050803,-16.9480296999999],[-40.0269704,-16.9355179],[-40.0065408,-16.9377218999999],[-39.9899384999999,-16.8936752999999],[-39.9941928,-16.8726111],[-39.9680771,-16.8730467999999],[-39.9509217,-16.8467324],[-39.9163419,-16.8762103999999],[-39.8866525999999,-16.8469812],[-39.8677704999999,-16.8391827],[-39.8541394,-16.8448023999999],[-39.8432185,-16.8354515999999],[-39.8369342,-16.8489986],[-39.8121287,-16.8472145],[-39.7951156999999,-16.8610782],[-39.7889599,-16.8534414],[-39.7857921,-16.8632627],[-39.7674541,-16.8688088],[-39.7729909999999,-16.8217002],[-39.7592134,-16.7600011],[-39.7675836,-16.7335246],[-39.7457155,-16.749364],[-39.7250392999999,-16.7442947],[-39.7208722999999,-16.7302371],[-39.6807213,-16.7375476999999],[-39.6847539999999,-16.7491681999999],[-39.6665159,-16.7652007],[-39.6607193,-16.7863184],[-39.6473637999999,-16.7853191999999],[-39.62225,-16.8144429],[-39.6126106999999,-16.8136368999999],[-39.62263,-16.8352884],[-39.6070232,-16.8346248999999],[-39.5839152,-16.8534324999999],[-39.5500671,-16.8373526999999],[-39.5069217,-16.844596],[-39.522905,-16.8526476],[-39.5250399,-16.8671156],[-39.4952183999999,-16.8817440999999],[-39.4918893,-16.8910402999999],[-39.5052537,-16.9022894999999],[-39.4852071,-16.9191152],[-39.4901106,-16.9276242],[-39.469189,-16.9243696999999],[-39.4415129,-16.8938752],[-39.4466409,-16.9513805],[-39.4570396,-16.95476],[-39.4372331,-16.9811301999999],[-39.4752374999999,-16.9525876],[-39.4897030999999,-16.9913202999999],[-39.4906569,-17.037209],[-39.4795559,-17.0515387999999],[-39.4923208,-17.0870396],[-39.4754192,-17.1026671999999],[-39.4851848,-17.1307358],[-39.5012899,-17.1425383],[-39.5287686999999,-17.1185558999999],[-39.5701389,-17.1334616999999],[-39.5669445,-17.1508239],[-39.5756385999999,-17.1555948],[-39.580368,-17.1827112],[-39.5968945,-17.1783710999999],[-39.602204,-17.1569646]]]}},{"type":"Feature","id":"2907400","properties":{"codigoIbge":"2907400","municipio":"Catolândia","cpr":"CPR-O","cprs":["CPR-O"],"opm":"83ª CIPM/BARREIRAS","opms":["83ª CIPM/BARREIRAS"],"cprExato":true,"opmExata":true,"somenteReferencia":false},"geometry":{"type":"Polygon","coordinates":[[[-44.6736361,-12.3298177],[-44.72601601,-12.40516301],[-44.7378517,-12.4088430959999],[-44.837006,-12.389651],[-44.927268797,-12.2931112969999],[-44.8414645,-12.2560602999999],[-44.795747005,-12.2229273899999],[-44.7507298849999,-12.2286870099999],[-44.72507551,-12.2202768],[-44.65588689,-12.1698486949999],[-44.6200559,-12.173976],[-44.579832,-12.1550942],[-44.4660519999999,-12.1440828],[-44.5007858,-12.2225991],[-44.536598,-12.2485599],[-44.5427356,-12.2883593],[-44.6044907,-12.3181943],[-44.6078142,-12.3127967999999],[-44.6245499999999,-12.3228544999999],[-44.6349576,-12.3147678999999],[-44.6577217999999,-12.3217776999999],[-44.6579489,-12.3316945],[-44.6736361,-12.3298177]]]}},{"type":"Feature","id":"2915403","properties":{"codigoIbge":"2915403","municipio":"Itaju do Colônia","cpr":"CPR-S","cprs":["CPR-S"],"opm":"63ª CIPM/IBICARAÍ","opms":["63ª CIPM/IBICARAÍ"],"cprExato":true,"opmExata":true,"somenteReferencia":false},"geometry":{"type":"Polygon","coordinates":[[[-39.5898463,-15.2704787],[-39.6262730999999,-15.2686280999999],[-39.6422719,-15.2775212],[-39.6443024,-15.2978115999999],[-39.6548614,-15.2818176],[-39.6636334,-15.3068029],[-39.6894708999999,-15.298865],[-39.6841312,-15.3362607999999],[-39.7001890999999,-15.3412375],[-39.7067425,-15.3576064],[-39.7236417999999,-15.3537155999999],[-39.7382294999999,-15.3858137],[-39.749116,-15.3697670999999],[-39.7885115999999,-15.3746055999999],[-39.809605,-15.3254128999999],[-39.8310316,-15.3193984],[-39.8320292999999,-15.3102818999999],[-39.8396375999999,-15.3173179],[-39.8476861,-15.3110427],[-39.895543,-15.1017209999999],[-39.8955758,-15.054201],[-39.9118794999999,-15.0428557],[-39.9103575,-15.0334392],[-39.8979484,-15.0339915],[-39.8879110999999,-15.0134945],[-39.8635386,-15.0105308],[-39.8541129,-14.9915692],[-39.8328253,-15.0003874],[-39.8313901,-14.9867846],[-39.8130265999999,-14.9709667999999],[-39.7849912,-14.9902180999999],[-39.7672425,-14.9913968999999],[-39.7445418999999,-14.9768559],[-39.7306005999999,-14.9839469999999],[-39.6905816999999,-14.9731467],[-39.6841003,-14.9544486999999],[-39.7024819,-14.9482788],[-39.6993881,-14.9344166999999],[-39.6761999999999,-14.9386810999999],[-39.6444546,-14.9703443],[-39.5960957,-14.9887697999999],[-39.5946524,-15.0059381999999],[-39.5814367,-15.0089015],[-39.5862999999999,-15.0170262],[-39.5697885,-15.0404871],[-39.5653528,-15.0883497],[-39.5867443,-15.1338603],[-39.5840569,-15.1440549],[-39.5676068999999,-15.1480342999999],[-39.5742594,-15.1730861],[-39.5663125,-15.1929979],[-39.5936196,-15.2404779999999],[-39.5898463,-15.2704787]]]}},{"type":"Feature","id":"2915502","properties":{"codigoIbge":"2915502","municipio":"Itajuípe","cpr":"CPR-S","cprs":["CPR-S"],"opm":"15 BPM/ITABUNA","opms":["15 BPM/ITABUNA"],"cprExato":true,"opmExata":true,"somenteReferencia":false},"geometry":{"type":"Polygon","coordinates":[[[-39.3548218999999,-14.6606242999999],[-39.3501982999999,-14.6556957],[-39.2907789,-14.6928885999999],[-39.3264518999999,-14.7115163999999],[-39.3398759999999,-14.7290697999999],[-39.3752090999999,-14.7018636],[-39.3864551,-14.7175324999999],[-39.3965332,-14.6976210999999],[-39.4101481,-14.7168789999999],[-39.4298987,-14.7151772],[-39.4281477,-14.7383262],[-39.4420497999999,-14.7457279999999],[-39.4503908999999,-14.7665875],[-39.5100029,-14.7321653],[-39.5333247,-14.7423257],[-39.5261839999999,-14.6773539],[-39.5106283,-14.6605413],[-39.5242193,-14.6424231999999],[-39.5110668,-14.5476368999999],[-39.4496961999999,-14.6128259999999],[-39.404397,-14.628297],[-39.3548218999999,-14.6606242999999]]]}},{"type":"Feature","id":"2923357","properties":{"codigoIbge":"2923357","municipio":"Ourolândia","cpr":"CPR-CH","cprs":["CPR-CH"],"opm":"29 BPM/JACOBINA","opms":["29 BPM/JACOBINA"],"cprExato":true,"opmExata":true,"somenteReferencia":false},"geometry":{"type":"Polygon","coordinates":[[[-40.9242121,-10.9919626],[-40.9162865,-11.0234126999999],[-41.0886626999999,-11.0171305],[-41.1028755999999,-11.0247371],[-41.1340595,-10.995531],[-41.2338243999999,-10.9567041999999],[-41.2892871,-10.9091524999999],[-41.4277367999999,-10.8660474],[-41.4610777,-10.8316096999999],[-41.4491123,-10.8253624],[-41.4537486,-10.8159729],[-41.4432317,-10.8018663999999],[-41.2807524,-10.7381384],[-41.3074088,-10.6807075999999],[-41.2810165,-10.6424810999999],[-41.1884358,-10.6455202],[-41.1793278,-10.6506429],[-41.1954512,-10.6967948],[-41.1758010999999,-10.7234324999999],[-41.1009758,-10.7132844],[-41.006186,-10.7299464],[-40.9300223,-10.7750794999999],[-40.9205595,-10.8078103],[-40.9078464,-10.8168525999999],[-40.9030351,-10.8576565],[-40.876249,-10.9025551999999],[-40.9050018,-10.9436977],[-40.8988542,-10.9741663],[-40.9242121,-10.9919626]]]}},{"type":"Feature","id":"2907301","properties":{"codigoIbge":"2907301","municipio":"Castro Alves","cpr":"CPR-R","cprs":["CPR-R"],"opm":"27ª CIPM/CRUZ DAS ALMAS","opms":["27ª CIPM/CRUZ DAS ALMAS"],"cprExato":true,"opmExata":true,"somenteReferencia":false},"geometry":{"type":"Polygon","coordinates":[[[-39.3407217,-12.8685475999999],[-39.3511215,-12.9016391],[-39.3759284,-12.8875973],[-39.4269222,-12.8838514],[-39.4572246,-12.8455130999999],[-39.475603,-12.8538669],[-39.491586,-12.8145496],[-39.5057803,-12.8090422],[-39.5019275,-12.7437295],[-39.4937798999999,-12.7300959999999],[-39.4727635,-12.7233540999999],[-39.4672906,-12.6994417],[-39.4364482999999,-12.6791833999999],[-39.443251,-12.6180876],[-39.4146886999999,-12.615509],[-39.3941359999999,-12.5930236],[-39.3184911,-12.5470615999999],[-39.2318056,-12.6552063999999],[-39.228784,-12.6806301999999],[-39.2654636999999,-12.6935826],[-39.2601493999999,-12.7203102],[-39.2725783,-12.7441320999999],[-39.2476172999999,-12.7733378],[-39.2410305,-12.8001576999999],[-39.2259324999999,-12.8101445999999],[-39.2650618,-12.8341305],[-39.2685035,-12.8455033999999],[-39.2851467,-12.8428072999999],[-39.2977018999999,-12.8217860999999],[-39.3428504,-12.8286151],[-39.3407217,-12.8685475999999]]]}},{"type":"Feature","id":"2931608","properties":{"codigoIbge":"2931608","municipio":"Teolândia","cpr":"CPR-R","cprs":["CPR-R"],"opm":"60ª CIPM/GANDU","opms":["60ª CIPM/GANDU"],"cprExato":true,"opmExata":true,"somenteReferencia":false},"geometry":{"type":"Polygon","coordinates":[[[-39.3484093,-13.5770219],[-39.3567816999999,-13.6687097999999],[-39.3985782,-13.6428735],[-39.3927629999999,-13.6229557999999],[-39.4283482,-13.5938475999999],[-39.4719459999999,-13.6154579],[-39.4973069,-13.6013970999999],[-39.4995001999999,-13.5858016],[-39.6218661,-13.5597526],[-39.6686518999999,-13.5362062999999],[-39.6283174,-13.4843552999999],[-39.6324268,-13.4725386],[-39.6314939,-13.4710494999999],[-39.6212249,-13.4826012999999],[-39.6043802999999,-13.4659641],[-39.587325,-13.4699237999999],[-39.5834831999999,-13.4797728999999],[-39.5691851999999,-13.4775566],[-39.5754406,-13.5038799],[-39.5502423999999,-13.4952329999999],[-39.5394191999999,-13.5130149999999],[-39.5275708999999,-13.5142137999999],[-39.5126579999999,-13.5036201999999],[-39.5098126,-13.5156355999999],[-39.4957343,-13.5194827999999],[-39.4955112,-13.5315538999999],[-39.4690823999999,-13.5286543999999],[-39.4436297,-13.5103387999999],[-39.4077277,-13.5243138],[-39.3920646999999,-13.5409182],[-39.3752186999999,-13.5320568999999],[-39.3694321,-13.5596778999999],[-39.3796594999999,-13.5782821],[-39.3637773999999,-13.5839771999999],[-39.3484093,-13.5770219]]]}},{"type":"Feature","id":"2915809","properties":{"codigoIbge":"2915809","municipio":"Itambé","cpr":"CPR-S","cprs":["CPR-S"],"opm":"8ª CIPM/ITAPETINGA","opms":["8ª CIPM/ITAPETINGA"],"cprExato":true,"opmExata":true,"somenteReferencia":false},"geometry":{"type":"Polygon","coordinates":[[[-40.368824,-15.2506387],[-40.3697121,-15.2762448999999],[-40.3833483999999,-15.2748364],[-40.4289891,-15.3197954],[-40.4788234,-15.2903468],[-40.4888544999999,-15.2957024],[-40.4926465999999,-15.2773175],[-40.5106744,-15.283396],[-40.5230253999999,-15.2752184999999],[-40.5465652999999,-15.2878363],[-40.544787895,-15.26966019],[-40.57174069,-15.279023305],[-40.591091595,-15.2638572999999],[-40.59172509,-15.28230931],[-40.6089888,-15.283820915],[-40.62300909,-15.2654089],[-40.6341178,-15.28163699],[-40.62834061,-15.250502895],[-40.6420042999999,-15.254626705],[-40.6523092149999,-15.2756009149999],[-40.6675892,-15.266739995],[-40.6779081,-15.2389181999999],[-40.70497962,-15.25118522],[-40.72055819,-15.24374312],[-40.78911998,-15.24656342],[-40.81417522,-15.28552178],[-40.8475776999999,-15.2694099999999],[-40.8198861929999,-15.2026758069999],[-40.7018467999999,-15.0763613],[-40.5508935999999,-15.0371087999999],[-40.5246347999999,-15.0360648999999],[-40.5144663,-15.0563306999999],[-40.4645882999999,-15.0313141],[-40.4462189,-15.0426879],[-40.4240422999999,-15.0381669],[-40.4221823999999,-15.0654752],[-40.4045585,-15.0940947999999],[-40.3747660999999,-15.092235],[-40.3453122,-15.1072727],[-40.3310966,-15.082417],[-40.3016092,-15.0884852],[-40.2555538999999,-15.0676821],[-40.2535015999999,-15.0512340999999],[-40.2359531,-15.0467427999999],[-40.2500668,-15.0252209999999],[-40.2396237999999,-15.0205144],[-40.2274886,-15.0330660999999],[-40.2193473999999,-15.0226489999999],[-40.1937123,-15.0201721999999],[-40.1913266999999,-15.0047087999999],[-40.1562344,-15.0088253],[-40.1526332,-15.0242304999999],[-40.1321507,-15.0307639],[-40.1347911999999,-15.0439152],[-40.1113669,-15.0538809],[-40.0939862,-15.1054543],[-40.132188,-15.2243068999999],[-40.2618897,-15.1758902],[-40.368824,-15.2506387]]]}},{"type":"Feature","id":"2923407","properties":{"codigoIbge":"2923407","municipio":"Palmas de Monte Alto","cpr":"CPR-MO","cprs":["CPR-MO"],"opm":"17 BPM/GUANAMBI","opms":["17 BPM/GUANAMBI"],"cprExato":true,"opmExata":true,"somenteReferencia":false},"geometry":{"type":"Polygon","coordinates":[[[-43.1361944,-14.4273805999999],[-43.2237119,-14.4648326999999],[-43.2506195999999,-14.468916],[-43.2630205,-14.4567246],[-43.4203453,-14.4964558999999],[-43.3737583,-14.361663],[-43.48766331,-14.090620395],[-43.4433569,-13.8934929],[-43.4278255,-13.9132455],[-43.4157582999999,-13.9107521999999],[-43.4080245,-13.9391067999999],[-43.3797749999999,-13.955485],[-43.3738662,-13.9774479],[-43.3498061,-13.9750584],[-43.3276567999999,-13.9898793999999],[-43.2755364,-13.9934208999999],[-43.2706987,-13.9856849],[-43.2570439,-13.9964676],[-43.2174558,-13.9817034],[-43.194218,-13.9906664],[-43.1896528999999,-13.9808631999999],[-43.1632185,-13.9746716999999],[-43.1325528,-13.9856952],[-43.1019052999999,-13.9287292],[-43.067189,-13.9274412999999],[-43.0464425,-13.9163017],[-43.0223915,-13.9196423],[-42.9939193,-13.9433533],[-42.9609717,-13.9488089],[-42.9204943999999,-13.9765171],[-42.9460624,-14.0146341],[-42.9375881999999,-14.1028229],[-42.9722090999999,-14.1660611999999],[-42.9631449,-14.1853591999999],[-42.9747626,-14.1865440999999],[-43.070051,-14.3220775],[-43.0509245,-14.3361386999999],[-43.0932233,-14.3711360999999],[-43.1361944,-14.4273805999999]]]}},{"type":"Feature","id":"2907608","properties":{"codigoIbge":"2907608","municipio":"Central","cpr":"CPR-CN","cprs":["CPR-CN"],"opm":"10ª CIPM/XIQUE-XIQUE","opms":["10ª CIPM/XIQUE-XIQUE"],"cprExato":true,"opmExata":true,"somenteReferencia":false},"geometry":{"type":"Polygon","coordinates":[[[-41.9262687,-11.1817121],[-41.9417424,-11.2282339],[-42.0217443,-11.2087657],[-42.056112995,-11.2360967],[-42.107325385,-11.221788095],[-42.1369425999999,-11.2454842],[-42.1513442999999,-11.2370078],[-42.2402905,-11.2612328],[-42.2582793999999,-11.1423101999999],[-42.1897145,-11.0748634999999],[-42.14616102,-11.0472523899999],[-42.1452619999999,-11.0233062],[-42.0890648,-11.0222188],[-42.0489085,-11.0622653],[-42.0162486999999,-11.1122657],[-41.9859645999999,-11.1432541999999],[-41.9569526,-11.1538151999999],[-41.9262687,-11.1817121]]]}},{"type":"Feature","id":"2915908","properties":{"codigoIbge":"2915908","municipio":"Itanagra","cpr":"CPR-LN","cprs":["CPR-LN"],"opm":"4 BPM/ALAGOINHAS","opms":["4 BPM/ALAGOINHAS"],"cprExato":true,"opmExata":true,"somenteReferencia":false},"geometry":{"type":"Polygon","coordinates":[[[-37.9694797999999,-12.3692703999999],[-37.9443056,-12.3767278],[-37.9460063999999,-12.3962986999999],[-37.986755,-12.4137082],[-38.0405919999999,-12.4624117],[-38.0653126999999,-12.4512745],[-38.0798907999999,-12.4553228999999],[-38.0977851,-12.4361865],[-38.0884526999999,-12.4263258],[-38.104638,-12.4128223],[-38.1034005999999,-12.3955311999999],[-38.1212772,-12.396465],[-38.1261959999999,-12.3801361],[-38.1541864,-12.358469],[-38.1629928999999,-12.3275489],[-38.1500710999999,-12.3068951999999],[-38.1585347,-12.3020420999999],[-38.1371657999999,-12.292766],[-38.1619724,-12.2816161],[-38.1612479999999,-12.2696526999999],[-38.1741532,-12.2611919999999],[-38.1201283,-12.2514011],[-38.1109731999999,-12.2358222999999],[-38.0765777999999,-12.2390583],[-38.0802022,-12.208744],[-38.065954,-12.1862098999999],[-38.076611,-12.1821117],[-38.0818995,-12.1581095],[-38.0643102999999,-12.1346970999999],[-38.0212121,-12.1779496],[-38.0175376,-12.2181884],[-37.9225316,-12.2643217999999],[-37.9133942,-12.3094581999999],[-37.9694797999999,-12.3692703999999]]]}},{"type":"Feature","id":"2922755","properties":{"codigoIbge":"2922755","municipio":"Nova Ibiá","cpr":"CPR-MRC","cprs":["CPR-MRC"],"opm":"19 BPM/JEQUIÉ","opms":["19 BPM/JEQUIÉ"],"cprExato":true,"opmExata":true,"somenteReferencia":false},"geometry":{"type":"Polygon","coordinates":[[[-39.5052737999999,-13.8647597999999],[-39.488123,-13.8806367],[-39.5022782999999,-13.9043215999999],[-39.5429903,-13.9200832999999],[-39.5543522,-13.9135525],[-39.5512211999999,-13.8977957],[-39.5778859,-13.897375],[-39.5735160999999,-13.8899648],[-39.5956652,-13.8802122999999],[-39.5944413,-13.8675213999999],[-39.6080080999999,-13.8607342999999],[-39.6218158,-13.8573637],[-39.6262156,-13.8668769],[-39.6536035999999,-13.8755748999999],[-39.6731224,-13.8754772999999],[-39.680038,-13.8714532],[-39.6604459,-13.8494532999999],[-39.6583664999999,-13.8279325],[-39.636429,-13.7952198999999],[-39.6404524,-13.7843232999999],[-39.6209625,-13.7755536],[-39.6162828999999,-13.7439572],[-39.5978401,-13.7193672999999],[-39.5537702999999,-13.7271024999999],[-39.5652876999999,-13.755414],[-39.5297643,-13.8042902],[-39.5564039999999,-13.8374676999999],[-39.5446746,-13.8417865],[-39.5319663,-13.8655987],[-39.4994219,-13.8520124],[-39.5052737999999,-13.8647597999999]]]}},{"type":"Feature","id":"2907707","properties":{"codigoIbge":"2907707","municipio":"Chorrochó","cpr":"CPR-N","cprs":["CPR-N"],"opm":"45ª CIPM/CURAÇA","opms":["45ª CIPM/CURAÇA"],"cprExato":true,"opmExata":true,"somenteReferencia":false},"geometry":{"type":"Polygon","coordinates":[[[-38.9805004,-9.49859919999994],[-38.9899675,-9.55049439999993],[-39.0041012,-9.57130539999997],[-39.070499,-9.56359299999997],[-39.0922507999999,-9.59421089999995],[-39.14008,-9.60155629999997],[-39.1466877,-9.62787039999995],[-39.1631384999999,-9.63832049999996],[-39.2116209,-9.64569059999997],[-39.2237003,-9.63462799999996],[-39.2639543,-9.64070129999993],[-39.2703334999999,-9.63045449999993],[-39.2871759999999,-9.63395729999996],[-39.3300429,-9.59446429999997],[-39.3595759,-9.61568899999997],[-39.386383,-9.57810189999998],[-39.4076666999999,-9.57798979999995],[-39.4119562999999,-9.54340539999993],[-39.4465835,-9.50875179999997],[-39.4359444,-9.45799959999994],[-39.4108224999999,-9.45678349999997],[-39.4043138,-9.44510089999994],[-39.4080868999999,-9.35967489999996],[-39.3922876,-9.33811099999997],[-39.3915044999999,-9.31937119999998],[-39.3682153999999,-9.31102869999995],[-39.3573792999999,-9.28740299999993],[-39.3726306,-9.22536269999995],[-39.3603269,-9.20982629999997],[-39.3628279,-9.17802029999996],[-39.3425359,-9.15421769999995],[-39.3410119,-9.12601359999996],[-39.3268704,-9.10980629999995],[-39.3148199,-9.06037919999994],[-39.2797411,-9.03030139999993],[-39.2801031,-9.01129399999996],[-39.2641474,-8.98727679999996],[-39.2714172999999,-8.94357109999993],[-39.1055077999999,-8.84617749999995],[-39.0645385999999,-8.73163019999993],[-39.0302063999999,-8.73848459999994],[-38.9919113,-8.76755189999994],[-38.977432,-8.79308669999995],[-38.9523639,-8.80453859999994],[-38.9652652,-8.81525939999995],[-38.9822019,-8.87039459999994],[-39.0964994999999,-9.01654089999994],[-39.1109286,-9.06079079999995],[-39.1000544999999,-9.07989079999993],[-39.0747077,-9.09517299999993],[-39.0653677999999,-9.12959659999996],[-39.0664578,-9.17167569999998],[-39.0804343,-9.18718779999995],[-39.0793277999999,-9.22549989999993],[-39.0629997999999,-9.23330359999994],[-39.0245394,-9.35291069999994],[-39.0020941999999,-9.36506429999997],[-38.954669,-9.44928319999997],[-38.9712137,-9.49455909999995],[-38.9805004,-9.49859919999994]]]}},{"type":"Feature","id":"2930907","properties":{"codigoIbge":"2930907","municipio":"Tabocas do Brejo Velho","cpr":"CPR-O","cprs":["CPR-O"],"opm":"30ª CIPM/SANTA MARIA DA VITÓRIA","opms":["30ª CIPM/SANTA MARIA DA VITÓRIA"],"cprExato":true,"opmExata":true,"somenteReferencia":false},"geometry":{"type":"Polygon","coordinates":[[[-44.0787453,-12.7695345999999],[-44.1791683,-12.7412156],[-44.2652153999999,-12.6345484999999],[-44.2333925999999,-12.5706248],[-44.3149023999999,-12.5233873],[-44.3303165,-12.4670227999999],[-44.3126,-12.306574],[-44.2908419,-12.3041698],[-44.2316532999999,-12.2593853],[-44.0810997999999,-12.2530609],[-44.0624333,-12.2562035999999],[-44.0497875999999,-12.2726752],[-43.9582407999999,-12.2382699999999],[-43.9559848,-12.2669989999999],[-43.98817,-12.2974629999999],[-43.9869007999999,-12.3353097],[-44.0071235,-12.3511450999999],[-44.0233165,-12.4146148],[-44.0705565,-12.4712557],[-44.1175256999999,-12.4889062999999],[-44.1008785,-12.5055535],[-44.1038071,-12.5198897999999],[-44.0900589999999,-12.5223728999999],[-44.0735688999999,-12.5448410999999],[-44.0844678999999,-12.5504554],[-44.0731241999999,-12.5652315999999],[-44.083424,-12.6452672],[-44.0679431999999,-12.6973652999999],[-44.0168861,-12.6951357999999],[-43.9749441,-12.6688212],[-43.9539296999999,-12.6728828999999],[-43.9451503999999,-12.7048308999999],[-44.0226971,-12.755692],[-44.0787453,-12.7695345999999]]]}},{"type":"Feature","id":"2922730","properties":{"codigoIbge":"2922730","municipio":"Nova Fátima","cpr":"CPR-CH","cprs":["CPR-CH"],"opm":"90ª CIPM/RIACHÃO DO JACUÍPE","opms":["90ª CIPM/RIACHÃO DO JACUÍPE"],"cprExato":true,"opmExata":true,"somenteReferencia":false},"geometry":{"type":"Polygon","coordinates":[[[-39.6493447999999,-11.7253357],[-39.6960388869999,-11.7281163],[-39.71737072,-11.62659653],[-39.7655897929999,-11.5906625],[-39.73334991,-11.58785391],[-39.680183487,-11.5582489129999],[-39.6193228999999,-11.505059],[-39.59929697,-11.5299917999999],[-39.54865489,-11.54951232],[-39.5362617,-11.5632472899999],[-39.5349945,-11.5840128799999],[-39.554105593,-11.5913667999999],[-39.5544339049999,-11.617151485],[-39.543003815,-11.638506585],[-39.5560402099999,-11.6507916099999],[-39.55709379,-11.6759981069999],[-39.6493447999999,-11.7253357]]]}},{"type":"Feature","id":"2922706","properties":{"codigoIbge":"2922706","municipio":"Nova Canaã","cpr":"CPR-S","cprs":["CPR-S"],"opm":"8ª CIPM/ITAPETINGA","opms":["8ª CIPM/ITAPETINGA"],"cprExato":true,"opmExata":true,"somenteReferencia":false},"geometry":{"type":"Polygon","coordinates":[[[-40.0723497,-15.0034532999999],[-40.0914969,-15.0161143999999],[-40.0827234,-15.0293910999999],[-40.1015404999999,-15.0450365],[-40.1369326999999,-15.0088087],[-40.2998330999999,-14.9602497999999],[-40.274424,-14.8708447999999],[-40.2829482999999,-14.8713801],[-40.28225,-14.8557468999999],[-40.3111903999999,-14.840414],[-40.3227697999999,-14.8028398],[-40.3148505,-14.788067],[-40.3202474,-14.7439636999999],[-40.2982421999999,-14.7451174999999],[-40.2950804,-14.7355135],[-40.3025502,-14.6948447],[-40.2925465,-14.6574325999999],[-40.2209803,-14.6733942999999],[-40.2008863999999,-14.7482431],[-40.1518962,-14.764553],[-40.136723,-14.7585748],[-40.112379,-14.7869362],[-40.0851961,-14.769511],[-40.0246591929999,-14.818596393],[-40.0360062149999,-14.828323295],[-40.045619105,-14.8690814899999],[-40.0364159,-14.8957652],[-40.0403251,-14.9397341],[-40.0723497,-15.0034532999999]]]}},{"type":"Feature","id":"2931004","properties":{"codigoIbge":"2931004","municipio":"Tanhaçu","cpr":"CPR-SO","cprs":["CPR-SO"],"opm":"24 BPM/BRUMADO","opms":["24 BPM/BRUMADO"],"cprExato":true,"opmExata":true,"somenteReferencia":false},"geometry":{"type":"Polygon","coordinates":[[[-41.0920808,-14.2872444999999],[-41.0890070999999,-14.3092217999999],[-41.1033829,-14.3289556],[-41.0909373,-14.3434205],[-41.1075458,-14.3674907999999],[-41.2953773,-14.2789979],[-41.4025288,-14.2611241],[-41.3684544,-14.1363618],[-41.3884775,-14.1185065999999],[-41.3858883,-14.1049111999999],[-41.3049826,-14.0823281999999],[-41.2938826,-14.0920307],[-41.2799213,-14.0755947],[-41.2940816999999,-14.0508747],[-41.2851377,-14.0397346],[-41.2974401,-13.9995345],[-41.2801787999999,-13.9833159],[-41.2797808,-13.9208866999999],[-41.2656112999999,-13.9016397999999],[-41.2345639,-13.892816],[-41.1859549,-13.9419712],[-41.1746327,-13.9396642999999],[-41.1707398999999,-13.9673146],[-41.1515800999999,-13.9667878],[-41.1412076,-13.9773084],[-41.1213124999999,-14.0352023999999],[-41.0679077,-14.0263710999999],[-41.0301362,-14.0494045],[-41.0078156,-14.0466228999999],[-41.0160208999999,-14.0552966],[-41.000057,-14.0685877999999],[-41.0217061,-14.0711052],[-41.0149362,-14.0897229999999],[-41.0260238,-14.0960155999999],[-41.024778,-14.1202747],[-41.0147818,-14.1322259999999],[-41.024119,-14.1431972],[-41.0396572999999,-14.1433928],[-41.0406891,-14.1570733],[-41.0013375999999,-14.1688283],[-41.0189659,-14.1885371999999],[-41.0073864999999,-14.2113646999999],[-41.0148829,-14.2223046],[-41.0308484999999,-14.2187820999999],[-41.0468539,-14.2277328],[-41.0271349999999,-14.2373853999999],[-41.0255691,-14.2470933],[-41.0426002999999,-14.2458298],[-41.0646647999999,-14.2604206999999],[-41.0726268999999,-14.2767468],[-41.0920808,-14.2872444999999]]]}},{"type":"Feature","id":"2915700","properties":{"codigoIbge":"2915700","municipio":"Itamari","cpr":"CPR-MRC","cprs":["CPR-MRC"],"opm":"19 BPM/JEQUIÉ","opms":["19 BPM/JEQUIÉ"],"cprExato":true,"opmExata":true,"somenteReferencia":false},"geometry":{"type":"Polygon","coordinates":[[[-39.7030468999999,-13.8629407999999],[-39.7009454999999,-13.8354611999999],[-39.6881218,-13.8212814999999],[-39.6971126999999,-13.7880772],[-39.7129098,-13.7886007999999],[-39.7276175,-13.7706931],[-39.7406635,-13.7742721999999],[-39.7100116999999,-13.7290207999999],[-39.6937167,-13.7215760999999],[-39.696607,-13.7147333999999],[-39.6781491,-13.7122790999999],[-39.6516672,-13.6888873],[-39.6511666,-13.697151],[-39.6437976999999,-13.6912199],[-39.6092561999999,-13.7027641],[-39.5951082,-13.7223486999999],[-39.6129559,-13.7365033999999],[-39.6209625,-13.7755536],[-39.6404524,-13.7843232999999],[-39.636429,-13.7952198999999],[-39.6583664999999,-13.8279325],[-39.6604459,-13.8494532999999],[-39.6796907999999,-13.8715693999999],[-39.7030468999999,-13.8629407999999]]]}},{"type":"Feature","id":"2922805","properties":{"codigoIbge":"2922805","municipio":"Nova Itarana","cpr":"CPR-MRC","cprs":["CPR-MRC"],"opm":"93ª CIPM/MARACÁS","opms":["93ª CIPM/MARACÁS"],"cprExato":true,"opmExata":true,"somenteReferencia":false},"geometry":{"type":"Polygon","coordinates":[[[-39.9626835,-13.0955440999999],[-39.9228034999999,-13.1617352],[-39.946322,-13.1653489],[-39.934787,-13.1964505],[-39.9438754999999,-13.2156494999999],[-40.00983,-13.1438496],[-40.0537897,-13.1143749999999],[-40.1207158999999,-13.1209125],[-40.1520566,-13.1069863999999],[-40.1998432999999,-13.0415411],[-40.1440150999999,-12.9823024999999],[-40.0654392,-12.9927183999999],[-39.9999543,-12.9699456999999],[-39.9911395,-12.9631873],[-39.9881075,-12.9306306],[-39.8998045,-12.8746444999999],[-39.8994518,-12.9334532999999],[-39.9530468,-12.994841],[-39.968045,-13.0385828],[-39.9566950999999,-13.060053],[-39.9626835,-13.0955440999999]]]}},{"type":"Feature","id":"2907509","properties":{"codigoIbge":"2907509","municipio":"Catu","cpr":"CPR-LN","cprs":["CPR-LN"],"opm":"95ª CIPM/CATU","opms":["95ª CIPM/CATU"],"cprExato":true,"opmExata":true,"somenteReferencia":false},"geometry":{"type":"Polygon","coordinates":[[[-38.4888245,-12.4122431],[-38.5038274999999,-12.4274508],[-38.5049041999999,-12.4186043999999],[-38.5259699,-12.4156859],[-38.5389077999999,-12.3955660999999],[-38.5294981,-12.2756363],[-38.4689069999999,-12.2851537],[-38.4593221,-12.2654984],[-38.4341123999999,-12.2688823999999],[-38.3941631,-12.2493623999999],[-38.3776993,-12.2186718999999],[-38.3338087999999,-12.2456022],[-38.3100813999999,-12.2488135999999],[-38.2730622999999,-12.2783676],[-38.2724019,-12.3219675999999],[-38.282315,-12.3415745999999],[-38.295332,-12.3459986999999],[-38.3138537999999,-12.3375811999999],[-38.3899488,-12.4028577],[-38.3751336999999,-12.4086493],[-38.3869346,-12.4306308],[-38.4067696,-12.4222870999999],[-38.4462316999999,-12.4318736],[-38.4603238,-12.4174743],[-38.4888245,-12.4122431]]]}},{"type":"Feature","id":"2930808","properties":{"codigoIbge":"2930808","municipio":"Souto Soares","cpr":"CPR-CH","cprs":["CPR-CH"],"opm":"29ª CIPM/SEABRA","opms":["29ª CIPM/SEABRA"],"cprExato":true,"opmExata":true,"somenteReferencia":false},"geometry":{"type":"Polygon","coordinates":[[[-41.630487,-12.0124984],[-41.4539010999999,-12.0990408],[-41.4873615,-12.118103],[-41.6043852,-12.1446101999999],[-41.7708411999999,-12.1383585999999],[-41.8099357,-12.1532205],[-41.9159672,-12.1063832999999],[-41.93602,-12.1119437999999],[-41.9431915,-12.0969587],[-41.9520679999999,-12.1018887],[-41.9697821999999,-12.0922403],[-41.9632455999999,-12.0844673],[-41.953786,-12.0895949],[-41.9444862,-12.0762637999999],[-41.9826313999999,-12.0444067],[-41.9792846,-12.0211886],[-41.9501091,-12.0224542999999],[-41.9441173,-12.0131145],[-41.9632262,-11.9684157999999],[-41.9936779,-11.9744689],[-41.9973476,-11.9043986999999],[-42.026201,-11.8885271999999],[-42.0271675,-11.8506181999999],[-42.0060323,-11.8352652],[-42.0217082999999,-11.815489],[-41.6517340999999,-12.0136874999999],[-41.630487,-12.0124984]]]}},{"type":"Feature","id":"2922607","properties":{"codigoIbge":"2922607","municipio":"Nilo Peçanha","cpr":"CPR-R","cprs":["CPR-R"],"opm":"31 BPM/VALENÇA","opms":["31 BPM/VALENÇA"],"cprExato":true,"opmExata":true,"somenteReferencia":false},"geometry":{"type":"Polygon","coordinates":[[[-39.2731646999999,-13.7116280999999],[-39.2878092999999,-13.7369631],[-39.3186514999999,-13.7264478999999],[-39.3637423,-13.7340096],[-39.3798836,-13.7145042],[-39.4397736,-13.7244744],[-39.4467734,-13.6894933999999],[-39.4258121,-13.6617007999999],[-39.4290435999999,-13.6516998],[-39.3939621,-13.6547684999999],[-39.3992339,-13.6484568],[-39.3916052,-13.6457609999999],[-39.3570599999999,-13.6686758999999],[-39.2941193,-13.6750101],[-39.2867113999999,-13.6659217],[-39.2872748999999,-13.6810953],[-39.2635405,-13.6923816999999],[-39.244547,-13.6370932999999],[-39.2319871,-13.6537347],[-39.2150348,-13.6548452],[-39.1827392,-13.6173709],[-39.1164934999999,-13.5957271999999],[-39.0867418999999,-13.6013705],[-39.080031,-13.5633351],[-39.0637652,-13.5678586],[-39.0576237999999,-13.5812716999999],[-39.0283087999999,-13.5858021],[-39.019876,-13.5754848],[-39.0024245,-13.5781539],[-38.9785975,-13.6150840999999],[-38.9840108,-13.6283197999999],[-38.9700017,-13.6415555999999],[-38.9714688,-13.6720844999999],[-38.9626062999999,-13.6860179999999],[-38.9889262999999,-13.7170302],[-38.9832491,-13.6950970999999],[-38.9945463,-13.7077242],[-39.0234604999999,-13.7105463],[-39.0469942,-13.6960301999999],[-39.0584866,-13.7049322999999],[-39.0790766,-13.6796130999999],[-39.1333787,-13.6508408999999],[-39.1984798999999,-13.6688665],[-39.2288430999999,-13.6822842],[-39.2323941999999,-13.6971313999999],[-39.2731646999999,-13.7116280999999]]]}},{"type":"Feature","id":"2930774","properties":{"codigoIbge":"2930774","municipio":"Sobradinho","cpr":"CPR-N","cprs":["CPR-N"],"opm":"96ª CIPM/SOBRADINHO","opms":["96ª CIPM/SOBRADINHO"],"cprExato":true,"opmExata":true,"somenteReferencia":false},"geometry":{"type":"Polygon","coordinates":[[[-40.7611155,-9.67488419999995],[-40.7406599999999,-9.71549369999997],[-40.7638008,-9.74975409999996],[-40.7683605,-9.77829429999997],[-40.7554931,-9.79917969999997],[-40.7930358999999,-9.85691749999995],[-40.8174028999999,-9.87116239999995],[-40.8236901999999,-9.83633499999996],[-40.831628,-9.86447069999997],[-40.8399019999999,-9.86137079999997],[-40.8938324,-9.91482159999993],[-40.9244204,-9.89678529999998],[-40.9431157999999,-9.91466519999994],[-40.9445661999999,-9.88127799999995],[-40.9887682,-9.89775369999995],[-40.9967917,-9.88611819999994],[-41.0381039,-9.92687829999994],[-41.0535826999999,-9.92075919999996],[-41.0558472,-9.88709259999996],[-41.0663302999999,-9.87858949999998],[-41.057919,-9.85292689999994],[-41.0280802999999,-9.81977019999994],[-41.0342588999999,-9.80668369999995],[-40.995577,-9.77720429999994],[-40.9676277,-9.73707979999995],[-40.9746484,-9.60809199999994],[-40.9815722,-9.60865019999994],[-40.98461,-9.59021759999996],[-40.9644499,-9.55267969999994],[-41.0047243,-9.49173569999994],[-41.0074185999999,-9.46790509999994],[-40.9537801,-9.39791519999994],[-40.8652762999999,-9.39351469999997],[-40.83786,-9.42286569999993],[-40.785176,-9.44950969999996],[-40.7451576,-9.44009649999998],[-40.7140815,-9.44526249999996],[-40.7307867,-9.45792449999993],[-40.7435763,-9.52017279999995],[-40.7700116999999,-9.56965159999993],[-40.7611155,-9.67488419999995]]]}},{"type":"Feature","id":"2930766","properties":{"codigoIbge":"2930766","municipio":"Sítio do Quinto","cpr":"CPR-NE","cprs":["CPR-NE"],"opm":"20 BPM/PAULO AFONSO","opms":["20 BPM/PAULO AFONSO"],"cprExato":true,"opmExata":true,"somenteReferencia":false},"geometry":{"type":"Polygon","coordinates":[[[-37.99555459,-10.4328786149999],[-38.0259131949999,-10.45130721],[-38.0727637099999,-10.4354911049999],[-38.095675695,-10.440749205],[-38.106393995,-10.4539639],[-38.1223363899999,-10.4493297999999],[-38.1428961,-10.4586308],[-38.1985768,-10.4297207],[-38.2136532,-10.4099580999999],[-38.2328373,-10.4051752999999],[-38.2517319999999,-10.3767017],[-38.2637210999999,-10.3472975],[-38.2570031,-10.3244710999999],[-38.2678265,-10.3075334],[-38.2911161,-10.2994088],[-38.3113063,-10.3044345],[-38.3027984,-10.2576513999999],[-38.2559869999999,-10.2471419999999],[-38.2371395,-10.2252586],[-38.2203911,-10.2208436],[-38.1924122999999,-10.1803336999999],[-38.1432007,-10.1936150999999],[-38.1507589,-10.2150923999999],[-38.1415766,-10.2245429],[-38.1245873,-10.227028],[-38.1220183,-10.2179055999999],[-38.1069495,-10.2155890999999],[-38.0889905999999,-10.2270819],[-38.0982241,-10.2373908],[-38.0936981999999,-10.2458912],[-38.0833368999999,-10.2292090999999],[-38.0663067999999,-10.2336354999999],[-38.0724675,-10.245054],[-38.0611689,-10.2618752],[-38.0706160999999,-10.2753261999999],[-38.0548922999999,-10.276333],[-38.0612232,-10.2879464],[-38.0509163,-10.2943241999999],[-38.0589937,-10.3110121],[-38.0547342,-10.3276329],[-38.0374664,-10.3406239999999],[-38.0383035,-10.3782404],[-38.0307584,-10.3721158],[-38.0201023,-10.3847767],[-38.0172075,-10.3764692999999],[-38.0011714999999,-10.3753383],[-37.9822025999999,-10.4000743],[-37.9667564,-10.3938828999999],[-37.9549086,-10.4066827999999],[-37.9543027999999,-10.3976903],[-37.9354081,-10.3953339999999],[-37.935281,-10.4104642],[-37.9205130999999,-10.4130759999999],[-37.9220493,-10.4227372],[-37.9073279999999,-10.4335250999999],[-37.9335293999999,-10.4471146],[-37.99555459,-10.4328786149999]]]}},{"type":"Feature","id":"2907558","properties":{"codigoIbge":"2907558","municipio":"Caturama","cpr":"CPR-MO","cprs":["CPR-MO"],"opm":"4ª CIPM/MACAÚBAS","opms":["4ª CIPM/MACAÚBAS"],"cprExato":true,"opmExata":true,"somenteReferencia":false},"geometry":{"type":"Polygon","coordinates":[[[-42.1925426,-13.2694794999999],[-42.2288078,-13.2993367],[-42.2516428,-13.2943943],[-42.2452297999999,-13.284374],[-42.2518942,-13.2828011],[-42.2578536999999,-13.2924983999999],[-42.2484348999999,-13.3238004],[-42.271625,-13.3361715999999],[-42.2626124,-13.3468204],[-42.2658496999999,-13.3696479999999],[-42.4058871999999,-13.4022052999999],[-42.409144,-13.3474520999999],[-42.4343411999999,-13.2862393],[-42.4197945999999,-13.2745563999999],[-42.4436921,-13.2328239999999],[-42.4458397999999,-13.1824278],[-42.4331769,-13.1684496],[-42.4323323,-13.1413094],[-42.4007776,-13.1363698],[-42.3915805,-13.0848083999999],[-42.3699583,-13.0596575],[-42.3583528,-13.0723168],[-42.3404911,-13.0746900999999],[-42.3376418999999,-13.1011814],[-42.2997541,-13.1350163],[-42.2773865,-13.1161119],[-42.2635895,-13.1217768],[-42.2442598,-13.1070396],[-42.2387534,-13.1172668],[-42.2022426899999,-13.12582141],[-42.20212541,-13.141129995],[-42.180004085,-13.1644257099999],[-42.1868087,-13.1725594],[-42.1708705999999,-13.1845357],[-42.1581039,-13.2259875],[-42.1813174,-13.2279459],[-42.1980935999999,-13.2578262],[-42.1925426,-13.2694794999999]]]}},{"type":"Feature","id":"2906873","properties":{"codigoIbge":"2906873","municipio":"Capim Grosso","cpr":"CPR-CH","cprs":["CPR-CH"],"opm":"91ª CIPM/CAPIM GROSSO","opms":["91ª CIPM/CAPIM GROSSO"],"cprExato":true,"opmExata":true,"somenteReferencia":false},"geometry":{"type":"Polygon","coordinates":[[[-39.9679768,-11.4337692999999],[-39.982548105,-11.44954609],[-39.98718659,-11.4394286899999],[-40.0702039999999,-11.4342197],[-40.0753511,-11.3547912],[-40.0650735999999,-11.3425023999999],[-40.0483872,-11.3423498999999],[-40.0345197,-11.2804250999999],[-40.0222082,-11.2758712999999],[-40.0256658,-11.2409029999999],[-40.0325321,-11.2399564999999],[-40.0283226,-11.2225854],[-40.0652272,-11.2308727999999],[-40.0839993,-11.2520944],[-40.1099912999999,-11.2456069999999],[-40.1438148,-11.1807711],[-40.1070634,-11.1925423],[-40.0839973,-11.1863911999999],[-40.0743055,-11.1968982],[-39.9942513999999,-11.1690318],[-39.9834567,-11.1512443],[-39.9755264,-11.1608628999999],[-39.9627634,-11.1500068],[-39.9529984,-11.1568735999999],[-39.9552983999999,-11.2486547],[-39.8618463999999,-11.3129367999999],[-39.8806837999999,-11.3203693999999],[-39.895421895,-11.3485277999999],[-39.91246941,-11.35636691],[-39.9087777,-11.3906105999999],[-39.9245978069999,-11.391585693],[-39.9144558049999,-11.4156111899999],[-39.9679768,-11.4337692999999]]]}},{"type":"Feature","id":"2922656","properties":{"codigoIbge":"2922656","municipio":"Nordestina","cpr":"CPR-NE","cprs":["CPR-NE"],"opm":"7ª CIPM/MONTE SANTO","opms":["7ª CIPM/MONTE SANTO"],"cprExato":true,"opmExata":true,"somenteReferencia":false},"geometry":{"type":"Polygon","coordinates":[[[-39.4799851999999,-10.9515642],[-39.5183110999999,-10.9449683],[-39.5362061,-10.9174057],[-39.5302591999999,-10.8891843],[-39.5398137999999,-10.8831111],[-39.5374386999999,-10.8581834999999],[-39.5526679,-10.8539964],[-39.5510131,-10.8456484],[-39.5824832,-10.8138453999999],[-39.5892246999999,-10.7815022999999],[-39.5272153,-10.7772773999999],[-39.5256831,-10.7699173],[-39.5011168999999,-10.7871244],[-39.4380813999999,-10.7486541],[-39.4443297999999,-10.7695689],[-39.3692536,-10.7660182999999],[-39.3634516,-10.8470383],[-39.3739801999999,-10.8654265],[-39.3694604,-10.9292919],[-39.3779522,-10.9475942999999],[-39.3495986999999,-10.9483059],[-39.3270701,-10.9663801],[-39.3262725,-10.9777091],[-39.3477038999999,-10.9727172],[-39.3565096999999,-10.9908608],[-39.3657062999999,-10.9865495],[-39.3639429999999,-10.9959319999999],[-39.4039147999999,-11.0075045999999],[-39.4405725,-10.9965268999999],[-39.4629252,-11.0080598],[-39.461056,-10.9906417999999],[-39.4799851999999,-10.9515642]]]}},{"type":"Feature","id":"2906857","properties":{"codigoIbge":"2906857","municipio":"Capela do Alto Alegre","cpr":"CPR-CH","cprs":["CPR-CH"],"opm":"90ª CIPM/RIACHÃO DO JACUÍPE","opms":["90ª CIPM/RIACHÃO DO JACUÍPE"],"cprExato":true,"opmExata":true,"somenteReferencia":false},"geometry":{"type":"Polygon","coordinates":[[[-39.71737072,-11.62659653],[-39.681518505,-11.7812822],[-39.6910748999999,-11.7882074999999],[-39.6951875999999,-11.8176809999999],[-39.7130981,-11.8238752999999],[-39.7931247,-11.8174003],[-39.8109496,-11.8246257],[-39.8265527099999,-11.7882799],[-39.84628759,-11.77394129],[-39.8406534,-11.75530979],[-39.864529505,-11.74823459],[-39.86318829,-11.74106469],[-39.8851467,-11.7401442],[-39.9085778849999,-11.7205959],[-39.9255303899999,-11.6674657849999],[-39.9557301,-11.6498670999999],[-39.968584103,-11.4908669],[-39.9380073899999,-11.4782451049999],[-39.92544199,-11.49904701],[-39.8997310999999,-11.4884655],[-39.8979603999999,-11.555854],[-39.86516661,-11.5813997999999],[-39.8461989099999,-11.5761697049999],[-39.81774682,-11.5916819],[-39.770194805,-11.587904205],[-39.71737072,-11.62659653]]]}},{"type":"Feature","id":"2931202","properties":{"codigoIbge":"2931202","municipio":"Taperoá","cpr":"CPR-R","cprs":["CPR-R"],"opm":"31 BPM/VALENÇA","opms":["31 BPM/VALENÇA"],"cprExato":true,"opmExata":true,"somenteReferencia":false},"geometry":{"type":"Polygon","coordinates":[[[-39.2382282,-13.6370446999999],[-39.260056,-13.6659162999999],[-39.2638578,-13.6924837],[-39.2872748999999,-13.6810953],[-39.2870533,-13.6658027999999],[-39.2944252999999,-13.6750213999999],[-39.3561932,-13.6649634999999],[-39.3602392,-13.624358],[-39.351534,-13.569656],[-39.342801,-13.5628922999999],[-39.3458424,-13.5388743999999],[-39.3028598999999,-13.4853383999999],[-39.2727513,-13.4788872999999],[-39.2608415999999,-13.5129623],[-39.2658599,-13.5214607999999],[-39.2491261,-13.5272851],[-39.2134579999999,-13.5224405],[-39.2200437,-13.5098834999999],[-39.2103830999999,-13.5005798],[-39.1820051999999,-13.5139113999999],[-39.1580675,-13.4767577],[-39.1165293,-13.484707],[-39.0963174999999,-13.4726964999999],[-39.0705308999999,-13.4879354],[-39.0930465,-13.5354078999999],[-39.0782796999999,-13.5730452999999],[-39.0862885999999,-13.6011437999999],[-39.1164934999999,-13.5957271999999],[-39.1827392,-13.6173709],[-39.2150348,-13.6548452],[-39.2319871,-13.6537347],[-39.2382282,-13.6370446999999]]]}},{"type":"Feature","id":"2906824","properties":{"codigoIbge":"2906824","municipio":"Canudos","cpr":"CPR-NE","cprs":["CPR-NE"],"opm":"5 BPM/EUCLIDES DA CUNHA","opms":["5 BPM/EUCLIDES DA CUNHA"],"cprExato":true,"opmExata":true,"somenteReferencia":false},"geometry":{"type":"Polygon","coordinates":[[[-38.5813659999999,-10.3050373],[-38.8819549999999,-10.2701248],[-39.0773508999999,-10.3805272],[-39.2025862,-10.237109],[-39.2282973,-10.2258712999999],[-39.2355403,-10.1943345],[-39.2668262999999,-10.1926783],[-39.2554089,-10.1469264999999],[-39.2634019,-10.0870834999999],[-39.2366526,-10.033408],[-39.2205524999999,-10.0248657],[-39.2021697,-9.97277819999994],[-39.207511,-9.85283829999997],[-39.1998945999999,-9.83314189999993],[-39.221618,-9.79208829999993],[-39.2137352,-9.76528689999998],[-39.2361627,-9.71886299999994],[-39.2112089999999,-9.64492139999993],[-39.1750820999999,-9.63633229999994],[-39.1440605999999,-9.65327089999994],[-39.1173277999999,-9.64574529999993],[-39.1100527999999,-9.62569429999996],[-38.9652882999999,-9.63912009999996],[-38.8566661,-9.63100099999997],[-38.8126928999999,-9.65417339999993],[-38.7847894,-9.64681729999995],[-38.7734376999999,-9.67394119999994],[-38.7848478999999,-9.74551859999997],[-38.8281153,-9.75472179999997],[-38.8637601999999,-9.77907259999995],[-38.86414,-9.82941829999993],[-38.9190111,-9.85475729999996],[-38.9316909,-9.87436789999998],[-38.9185236,-9.96000529999998],[-38.9034109999999,-9.95908139999995],[-38.8990631999999,-9.97860739999993],[-38.8696484,-9.96551509999995],[-38.8713660999999,-9.98247349999997],[-38.8549523,-9.99632309999993],[-38.7982689999999,-10.0132924],[-38.8002772999999,-10.0310241],[-38.7835562,-10.0563162],[-38.7129985999999,-10.1265594999999],[-38.7332256,-10.1673800999999],[-38.6959545,-10.1893494],[-38.6687623,-10.1834350999999],[-38.5762599,-10.224999],[-38.5830544999999,-10.2340141],[-38.5813659999999,-10.3050373]]]}},{"type":"Feature","id":"2923001","properties":{"codigoIbge":"2923001","municipio":"Nova Viçosa","cpr":"CPR-ES","cprs":["CPR-ES"],"opm":"89ª CIPM/MUCURI","opms":["89ª CIPM/MUCURI"],"cprExato":true,"opmExata":true,"somenteReferencia":false},"geometry":{"type":"MultiPolygon","coordinates":[[[[-39.2081211999999,-17.9682041999999],[-39.2077874,-17.9663042999999],[-39.2071374999999,-17.9664251999999],[-39.2081211999999,-17.9682041999999]]],[[[-39.6399322999999,-18.0008298],[-40.020503,-17.9843655999999],[-40.020552,-17.9703771],[-40.0336935,-17.9702262],[-40.0307768,-17.9577391999999],[-40.0431558999999,-17.9522261999999],[-40.0575971,-17.9601544],[-40.0634817,-17.9519354999999],[-40.0678644,-17.8493366],[-40.0490055,-17.8565421],[-39.9925782999999,-17.8289326],[-39.9543378,-17.8335561],[-39.943773,-17.8466463],[-39.8883602999999,-17.8485684],[-39.8582337,-17.8259366],[-39.8198823,-17.8259548],[-39.7764783,-17.8087020999999],[-39.740111,-17.7793278999999],[-39.7088522,-17.7730256999999],[-39.6561821999999,-17.8022477],[-39.6278407999999,-17.7880183999999],[-39.5867143,-17.7969816999999],[-39.5503287999999,-17.8177694999999],[-39.5235777999999,-17.8121942],[-39.4993891,-17.8226814],[-39.4949702,-17.8341862],[-39.4831308999999,-17.8355865999999],[-39.4824821999999,-17.8283125],[-39.4675673,-17.8443612999999],[-39.4479924,-17.8410479999999],[-39.4551326,-17.851672],[-39.446226,-17.8596386999999],[-39.3078037,-17.85353],[-39.2940528,-17.8612477999999],[-39.2766172999999,-17.8554126],[-39.2572850999999,-17.8282702999999],[-39.2666083999999,-17.8610684],[-39.2795247999999,-17.8727158999999],[-39.3195987,-17.8916576],[-39.3644416,-17.890754],[-39.3619092,-17.9053893],[-39.4273054999999,-17.9341747999999],[-39.4911549,-17.9979324],[-39.5106469,-17.9772917],[-39.517018,-17.9849728999999],[-39.5751648999999,-17.9777483999999],[-39.5885162,-17.9904071999999],[-39.6070470999999,-17.9871224999999],[-39.6399322999999,-18.0008298]]]]}},{"type":"Feature","id":"2915106","properties":{"codigoIbge":"2915106","municipio":"Itagi","cpr":"CPR-MRC","cprs":["CPR-MRC"],"opm":"19 BPM/JEQUIÉ","opms":["19 BPM/JEQUIÉ"],"cprExato":true,"opmExata":true,"somenteReferencia":false},"geometry":{"type":"Polygon","coordinates":[[[-39.9863364,-14.2318620999999],[-40.0141530999999,-14.2887651999999],[-40.0339408999999,-14.280796],[-40.0504046,-14.2863859999999],[-40.0683184,-14.2434981],[-40.0971112999999,-14.2803256999999],[-40.0985745,-14.2429521],[-40.082501,-14.2066821999999],[-40.1128927999999,-14.1712241],[-40.1022624999999,-14.1348882999999],[-40.0862021999999,-14.1281973],[-40.0619505999999,-14.0924027999999],[-40.0550105,-14.0613698],[-40.034823205,-14.059545995],[-40.027462005,-14.0490720999999],[-40.009058605,-14.0656544],[-39.9856753999999,-14.0514822],[-39.9371714,-14.0786601],[-39.9494983,-14.1521046],[-39.9355097,-14.1546582999999],[-39.9360452,-14.1735343],[-39.9764046999999,-14.1621633],[-39.9878363999999,-14.198004],[-39.9863364,-14.2318620999999]]]}},{"type":"Feature","id":"2906907","properties":{"codigoIbge":"2906907","municipio":"Caravelas","cpr":"CPR-ES","cprs":["CPR-ES"],"opm":"88ª CIPM/ALCOBAÇA","opms":["88ª CIPM/ALCOBAÇA"],"cprExato":true,"opmExata":true,"somenteReferencia":false},"geometry":{"type":"MultiPolygon","coordinates":[[[[-38.7000887999999,-17.9817260999999],[-38.6975341,-17.9792762],[-38.6964763,-17.9801292999999],[-38.7000887999999,-17.9817260999999]]],[[[-38.6962363,-17.9790737],[-38.6961545999999,-17.9788412999999],[-38.6960814,-17.9789420999999],[-38.6962363,-17.9790737]]],[[[-38.7145184999999,-17.9708750999999],[-38.7079821999999,-17.9689468999999],[-38.7071683,-17.9696850999999],[-38.7083739,-17.9714627],[-38.7145184999999,-17.9708750999999]]],[[[-38.6928498999999,-17.961313],[-38.6925244,-17.9602333],[-38.6920924,-17.9606451],[-38.6928498999999,-17.961313]]],[[[-39.1975730999999,-17.7581269],[-39.1854461,-17.7481192],[-39.1761314999999,-17.7403694999999],[-39.1802769,-17.7469217999999],[-39.1975730999999,-17.7581269]]],[[[-39.4551326,-17.851672],[-39.4479924,-17.8410479999999],[-39.4675673,-17.8443612999999],[-39.4824821999999,-17.8283125],[-39.4831308999999,-17.8355865999999],[-39.4949702,-17.8341862],[-39.4993891,-17.8226814],[-39.5235777999999,-17.8121942],[-39.5688694,-17.8125949],[-39.6020621,-17.7923420999999],[-39.628775,-17.7880742],[-39.656889,-17.8020275],[-39.7589111,-17.7490089],[-39.8061832999999,-17.7443048],[-39.8512588999999,-17.7659495],[-39.8903501,-17.7169046],[-39.9008762,-17.6876050999999],[-39.9304971,-17.6713751],[-40.0084573999999,-17.6598566],[-40.0308049,-17.6288245],[-40.1204903999999,-17.64052],[-40.1226220999999,-17.6237052],[-40.1600862999999,-17.5843399],[-40.2382203999999,-17.5462032999999],[-40.2569076999999,-17.4091227],[-40.2222624999999,-17.4076752999999],[-40.2182184,-17.4349824],[-40.2016728999999,-17.4408941999999],[-40.1782557999999,-17.4322576],[-40.1714501,-17.4495004],[-40.1036978,-17.4438655],[-40.1025951,-17.456094],[-40.0700949,-17.4613553999999],[-40.0593395999999,-17.4527904999999],[-40.0484913,-17.4743007],[-40.0364941999999,-17.4783222999999],[-40.0200795,-17.4659837],[-39.9774681,-17.4662326],[-39.9684020999999,-17.4582129],[-39.9361193999999,-17.4648306],[-39.9367382999999,-17.4744041],[-39.76791,-17.6273583],[-39.5983151999999,-17.5577511],[-39.5317219999999,-17.5789806999999],[-39.4899569,-17.5701084999999],[-39.4651205,-17.5924274999999],[-39.4611824999999,-17.6350783999999],[-39.442171,-17.6586804],[-39.2496712,-17.6367474099999],[-39.1373270999999,-17.6849779949999],[-39.1909004999999,-17.7419166999999],[-39.208052,-17.7473459999999],[-39.2069423999999,-17.7742317999999],[-39.2766172999999,-17.8554126],[-39.4452233,-17.8596785999999],[-39.4551326,-17.851672]]],[[[-38.7115588999999,-17.9678855999999],[-38.7082986,-17.9643341],[-38.7079254,-17.9675321999999],[-38.7115588999999,-17.9678855999999]]],[[[-38.7043029,-17.9650511],[-38.6986883,-17.9613075999999],[-38.6916120999999,-17.9651704],[-38.7043029,-17.9650511]]]]}},{"type":"Feature","id":"2906899","properties":{"codigoIbge":"2906899","municipio":"Caraíbas","cpr":"CPR-SO","cprs":["CPR-SO"],"opm":"24 BPM/BRUMADO","opms":["24 BPM/BRUMADO"],"cprExato":true,"opmExata":true,"somenteReferencia":false},"geometry":{"type":"Polygon","coordinates":[[[-41.4625773,-14.782656],[-41.420698,-14.7531784999999],[-41.409059,-14.7672188],[-41.3939978999999,-14.767488],[-41.3982018,-14.7035966],[-41.387783,-14.6809552999999],[-41.3997639,-14.6638558],[-41.4003839,-14.6398354999999],[-41.4472057999999,-14.5945828],[-41.4279711,-14.5658571],[-41.4344665,-14.5513505],[-41.3997057999999,-14.5585422999999],[-41.3824092,-14.5305213],[-41.3595,-14.5333534],[-41.3296503,-14.5027097999999],[-41.2977508,-14.5131464],[-41.2551647999999,-14.4870324999999],[-41.2474343,-14.4989042999999],[-41.2381379,-14.4975185],[-41.2477618,-14.5152752999999],[-41.2406321,-14.5204232999999],[-41.2190984,-14.5143203],[-41.2056342,-14.5203394],[-41.2010179,-14.5115286999999],[-41.2107722,-14.5004888],[-41.1961386,-14.491318],[-41.1838777,-14.4971394],[-41.1833075,-14.4802946],[-41.1603325,-14.4808575],[-41.1549221999999,-14.4970923999999],[-41.1291275999999,-14.4887461],[-41.1309838,-14.4722763],[-41.1232529,-14.4670664],[-41.139246,-14.4571000999999],[-41.1294698999999,-14.4444892999999],[-41.1113910999999,-14.4381974],[-41.1061614,-14.4506014],[-41.0936710999999,-14.4416216999999],[-41.0761519,-14.4492842],[-41.0688206,-14.4644503],[-41.078607,-14.4716326999999],[-41.0784115,-14.4870898999999],[-41.0929014,-14.4888354],[-41.1063756999999,-14.5152535999999],[-41.1039633999999,-14.5302892],[-41.1262154,-14.5548039],[-41.1237503,-14.5728549999999],[-41.1430794999999,-14.5854661999999],[-41.1307988999999,-14.6064067],[-41.1824339999999,-14.6140634999999],[-41.1920785999999,-14.6498240999999],[-41.2295814,-14.6857262999999],[-41.2187451,-14.6959838999999],[-41.227357,-14.7056269999999],[-41.2183845,-14.7203817],[-41.2227331999999,-14.7457946],[-41.2397779999999,-14.7375077999999],[-41.2442354,-14.7220733],[-41.2648955,-14.7320712],[-41.2634499,-14.7497142999999],[-41.2818564999999,-14.7500626999999],[-41.2639277,-14.7802677],[-41.2692832,-14.7982034],[-41.329915,-14.7751009999999],[-41.3156511999999,-14.7869018],[-41.3287445999999,-14.8077291],[-41.3404346999999,-14.7968266],[-41.3514185,-14.8154321],[-41.3727325,-14.8150633999999],[-41.3769343,-14.8265951],[-41.3928127,-14.8156198999999],[-41.3916338,-14.7988152999999],[-41.4053784,-14.8029888999999],[-41.4408088,-14.7871188999999],[-41.4492678,-14.7957266999999],[-41.4625773,-14.782656]]]}},{"type":"Feature","id":"2923050","properties":{"codigoIbge":"2923050","municipio":"Novo Triunfo","cpr":"CPR-NE","cprs":["CPR-NE"],"opm":"20 BPM/PAULO AFONSO","opms":["20 BPM/PAULO AFONSO"],"cprExato":true,"opmExata":true,"somenteReferencia":false},"geometry":{"type":"Polygon","coordinates":[[[-38.4148642,-10.4632394],[-38.4192351999999,-10.4369224],[-38.4335067,-10.4524223999999],[-38.4515235,-10.4448664],[-38.4703577999999,-10.4541573999999],[-38.4931478,-10.4428028999999],[-38.5063898,-10.4092138],[-38.5029158999999,-10.3769296999999],[-38.5416367,-10.3465487],[-38.5789899,-10.3333595],[-38.5823217,-10.2823743],[-38.5460648,-10.2808527999999],[-38.5211275999999,-10.3076502],[-38.5058394,-10.3063281999999],[-38.487602,-10.3222241],[-38.4716187999999,-10.3156165],[-38.4784779999999,-10.3109421],[-38.4073734,-10.2943448],[-38.3841408,-10.2790694999999],[-38.3565366999999,-10.3269898],[-38.3445900999999,-10.3702329],[-38.3807563999999,-10.4105643],[-38.4036086,-10.4207855999999],[-38.4049841999999,-10.4500169999999],[-38.4148642,-10.4632394]]]}},{"type":"Feature","id":"2923035","properties":{"codigoIbge":"2923035","municipio":"Novo Horizonte","cpr":"CPR-CH","cprs":["CPR-CH"],"opm":"29ª CIPM/SEABRA","opms":["29ª CIPM/SEABRA"],"cprExato":true,"opmExata":true,"somenteReferencia":false},"geometry":{"type":"Polygon","coordinates":[[[-42.1606801,-13.0024503999999],[-42.1884403999999,-12.9297579999999],[-42.2120892999999,-12.9217462999999],[-42.2237977,-12.8623598],[-42.2487391,-12.8160655],[-42.2424149,-12.8074065],[-42.2650077,-12.7269555],[-42.0965404,-12.7150465999999],[-42.0180267,-12.7200357999999],[-42.0333423,-12.7629608999999],[-42.0129592,-12.8334189],[-42.0245639,-12.8893755],[-42.0135392999999,-12.9202063999999],[-42.0528571999999,-12.9122235],[-42.0501867,-12.9432853],[-42.0667113,-12.952378],[-42.0769701999999,-12.9809208],[-42.0914491,-12.9796446999999],[-42.0950907,-13.0022264999999],[-42.1239446,-13.0004714999999],[-42.1252934999999,-13.0183372],[-42.1452912,-13.0165782],[-42.1606801,-13.0024503999999]]]}},{"type":"Feature","id":"2914901","properties":{"codigoIbge":"2914901","municipio":"Itacaré","cpr":"CPR-S","cprs":["CPR-S"],"opm":"72ª CIPM/ITACARÉ","opms":["72ª CIPM/ITACARÉ"],"cprExato":true,"opmExata":true,"somenteReferencia":false},"geometry":{"type":"Polygon","coordinates":[[[-39.1317069999999,-14.4888989],[-39.32276311,-14.4600023899999],[-39.32424551,-14.393488605],[-39.334295895,-14.38656599],[-39.3077947099999,-14.3317563049999],[-39.286739505,-14.3069484],[-39.270489093,-14.306006703],[-39.2543191,-14.2803145],[-39.2226815,-14.2642238],[-39.1605929999999,-14.2749448],[-39.1192020999999,-14.2531375],[-39.0767212,-14.2452623],[-39.0435505999999,-14.2521053],[-39.0269547999999,-14.2469487999999],[-39.0127120999999,-14.2260886999999],[-38.9970784999999,-14.2349707999999],[-38.9888680999999,-14.21737],[-38.9948398,-14.2672461],[-38.9799146999999,-14.2936579],[-39.0012019,-14.3430916999999],[-39.0177123999999,-14.4184529999999],[-39.0423554,-14.4201557],[-39.0452356,-14.4001223999999],[-39.0616060999999,-14.4189028],[-39.0930734999999,-14.4333500999999],[-39.0949668,-14.4501776999999],[-39.1228682,-14.4643024],[-39.1317069999999,-14.4888989]]]}},{"type":"Feature","id":"2906709","properties":{"codigoIbge":"2906709","municipio":"Cândido Sales","cpr":"CPR-SO","cprs":["CPR-SO"],"opm":"80ª CIPM/CANDIDO SALES","opms":["80ª CIPM/CANDIDO SALES"],"cprExato":true,"opmExata":true,"somenteReferencia":false},"geometry":{"type":"Polygon","coordinates":[[[-41.2043451,-15.4919153],[-41.2343670999999,-15.5144068],[-41.3173126999999,-15.5129292],[-41.3355313,-15.4981015999999],[-41.3511268,-15.5004848999999],[-41.4561044,-15.4103354],[-41.4577992,-15.381155],[-41.4362072,-15.3462562999999],[-41.4157182,-15.3316596999999],[-41.4238104999999,-15.3071914999999],[-41.4085178,-15.2835736],[-41.3851207,-15.2777272],[-41.4131937999999,-15.1646863],[-41.3770524999999,-15.1631975999999],[-41.3476375,-15.1196413],[-41.2729368999999,-15.1893865],[-41.2023065,-15.2101297999999],[-41.1639580999999,-15.1996506999999],[-41.1478222,-15.2320604999999],[-41.158337,-15.2639452],[-41.1584023999999,-15.3101646],[-41.1448002,-15.304341],[-41.1448002,-15.3451229999999],[-41.1332032,-15.3716891999999],[-41.1430247,-15.3855014],[-41.1401708999999,-15.401781],[-41.0973595,-15.4221605999999],[-41.0818303999999,-15.4580738],[-41.0560594999999,-15.4598361],[-41.0313692999999,-15.4839009999999],[-41.0521583,-15.5090231999999],[-41.0733863,-15.5030854],[-41.0974664,-15.5289427],[-41.1112626,-15.5194544999999],[-41.1334371,-15.5244051999999],[-41.1458976,-15.5450086],[-41.1508092,-15.5341721999999],[-41.1734645999999,-15.5365608999999],[-41.1777632,-15.5247396999999],[-41.1965855,-15.5162531],[-41.2043451,-15.4919153]]]}},{"type":"Feature","id":"2915007","properties":{"codigoIbge":"2915007","municipio":"Itaeté","cpr":"CPR-CH","cprs":["CPR-CH"],"opm":"11 BPM/ITABERABA","opms":["11 BPM/ITABERABA"],"cprExato":true,"opmExata":true,"somenteReferencia":false},"geometry":{"type":"Polygon","coordinates":[[[-41.0888439999999,-13.2557983999999],[-41.0798272,-13.2746061999999],[-41.1066981,-13.2939656],[-41.1259363999999,-13.2872095],[-41.1428342,-13.2993253],[-41.1691923999999,-13.2479653999999],[-41.1840326,-13.2412527],[-41.1984055,-13.1926243],[-41.2340024,-13.1634632],[-41.2465577,-13.1584493],[-41.2448363,-13.1656894],[-41.2645825,-13.1668283999999],[-41.2826688,-13.1512006999999],[-41.2810117,-13.1380045999999],[-41.2510632,-13.1283273999999],[-41.2445976999999,-13.1136172],[-41.2302010999999,-13.1291042999999],[-41.1942238,-13.1217071999999],[-41.1797339,-13.1277095999999],[-41.1478313,-13.1074217],[-41.1803606,-13.0394964999999],[-41.1786357,-13.0154198],[-41.1899632999999,-12.9890627],[-41.2325394,-12.9123858],[-41.1074910999999,-12.8881435],[-41.0943564,-12.8988034999999],[-41.074012,-12.8937589999999],[-41.0530568,-12.9241034999999],[-41.0434306,-12.9119024],[-41.0374502999999,-12.9182934],[-41.0102027999999,-12.9114655],[-40.9958951999999,-12.9203924999999],[-40.9839223,-12.9106257],[-40.9768079,-12.9303823999999],[-40.9943277,-12.9720679],[-40.9797356999999,-12.9768076999999],[-40.9702105,-12.9632902],[-40.9588992,-12.9770412999999],[-40.9603685,-13.0067336],[-40.9469491999999,-13.0373708],[-40.9302369,-13.0327432999999],[-40.9191054,-13.0464354],[-40.9116015,-13.0258795],[-40.8739611999999,-13.0041057999999],[-40.7862888999999,-13.0440599999999],[-40.7708656,-13.0369671],[-40.7510202999999,-13.0435436],[-40.9197095,-13.2090052],[-40.9183297,-13.2295695999999],[-41.0103442,-13.2609103],[-41.0888439999999,-13.2557983999999]]]}},{"type":"Feature","id":"2931053","properties":{"codigoIbge":"2931053","municipio":"Tanque Novo","cpr":"CPR-MO","cprs":["CPR-MO"],"opm":"94ª CIPM/CAETITÉ","opms":["94ª CIPM/CAETITÉ"],"cprExato":true,"opmExata":true,"somenteReferencia":false},"geometry":{"type":"Polygon","coordinates":[[[-42.3657526,-13.5927306999999],[-42.3488733999999,-13.6634529],[-42.3577122,-13.6718582999999],[-42.3466839,-13.694543],[-42.3783508,-13.7002062999999],[-42.4140662,-13.6682413999999],[-42.4584533999999,-13.6654149999999],[-42.4786215999999,-13.6785502999999],[-42.5403214,-13.674186],[-42.5353570999999,-13.6550377999999],[-42.5480135,-13.6478367999999],[-42.5584944,-13.6533143999999],[-42.5771528999999,-13.5952829],[-42.5923061999999,-13.6114196],[-42.6073491999999,-13.6026997],[-42.6337588,-13.6115306999999],[-42.6383845,-13.6248651999999],[-42.6714602,-13.6270221999999],[-42.6904509999999,-13.6016233],[-42.6998249,-13.5658531],[-42.7196944999999,-13.5627375999999],[-42.7186055999999,-13.5352386],[-42.7079105,-13.5268222999999],[-42.7094296,-13.4976305],[-42.6926837999999,-13.4796095],[-42.6805697,-13.4811758999999],[-42.6258582,-13.4047712],[-42.5833943,-13.4401837999999],[-42.5791525,-13.4295236999999],[-42.5591353,-13.4350479],[-42.5487454,-13.4598717],[-42.4514156,-13.4411843],[-42.4536722,-13.4679586999999],[-42.4446457,-13.4727159],[-42.4350368999999,-13.5243032999999],[-42.4146679999999,-13.5375625999999],[-42.4048344999999,-13.5812779],[-42.3657526,-13.5927306999999]]]}},{"type":"Feature","id":"2906808","properties":{"codigoIbge":"2906808","municipio":"Cansanção","cpr":"CPR-NE","cprs":["CPR-NE"],"opm":"7ª CIPM/MONTE SANTO","opms":["7ª CIPM/MONTE SANTO"],"cprExato":true,"opmExata":true,"somenteReferencia":false},"geometry":{"type":"Polygon","coordinates":[[[-39.2108421999999,-10.9983614],[-39.2694106,-10.9865771999999],[-39.3132337,-10.9887443],[-39.3489845999999,-10.9486762],[-39.3777669999999,-10.9481986],[-39.3694604,-10.9292919],[-39.3739801999999,-10.8654265],[-39.3634516,-10.8470383],[-39.3697627999999,-10.7657618],[-39.4443297999999,-10.7695689],[-39.4380813999999,-10.7486541],[-39.5011168999999,-10.7871244],[-39.5256831,-10.7699173],[-39.5272153,-10.7772773999999],[-39.68169431,-10.7859005],[-39.6829959999999,-10.7647971],[-39.6988559,-10.7535513999999],[-39.6948379999999,-10.7402708999999],[-39.7096473,-10.7204249],[-39.7006542,-10.7147667999999],[-39.696157,-10.6743185999999],[-39.7463931,-10.6399599],[-39.7483048999999,-10.6078004],[-39.7727063,-10.5517020999999],[-39.7681926999999,-10.5385724999999],[-39.64518,-10.5430545999999],[-39.5940186999999,-10.5538291999999],[-39.5543278,-10.5817916999999],[-39.5294739999999,-10.5700436999999],[-39.4783487,-10.5685038],[-39.4326058,-10.6192927999999],[-39.3677137,-10.6548736999999],[-39.2704143,-10.6778869],[-39.2765946,-10.6839229999999],[-39.2652156999999,-10.6965847],[-39.2165138999999,-10.9126582],[-39.2361796,-10.9068943999999],[-39.2408412999999,-10.9254101],[-39.2329005,-10.9533820999999],[-39.213332,-10.9714979],[-39.2108421999999,-10.9983614]]]}},{"type":"Feature","id":"2922854","properties":{"codigoIbge":"2922854","municipio":"Nova Redenção","cpr":"CPR-CH","cprs":["CPR-CH"],"opm":"42ª CIPM/LENÇÓIS","opms":["42ª CIPM/LENÇÓIS"],"cprExato":true,"opmExata":true,"somenteReferencia":false},"geometry":{"type":"Polygon","coordinates":[[[-40.9673314,-12.7930406999999],[-41.0199752999999,-12.9153972],[-41.0434306,-12.9119024],[-41.0484453,-12.9238996],[-41.0594259,-12.9202662],[-41.074012,-12.8937589999999],[-41.0943564,-12.8988034999999],[-41.1074910999999,-12.8881435],[-41.2325394,-12.9123858],[-41.2227971999999,-12.8917341],[-41.2597992,-12.8072605999999],[-41.2448939,-12.7964580999999],[-41.2274151,-12.8198460999999],[-41.2071061,-12.7842664999999],[-41.1827228999999,-12.7854482999999],[-41.1862373,-12.7675341],[-41.1735480999999,-12.7719504999999],[-41.1666678,-12.7458146999999],[-41.1491215999999,-12.7452878999999],[-41.1488606,-12.7107013999999],[-41.0466655,-12.6890425],[-41.0074422,-12.6211097],[-40.9833652999999,-12.7006448],[-40.9748341,-12.7010544999999],[-40.9822096,-12.7365963999999],[-40.9673314,-12.7930406999999]]]}},{"type":"Feature","id":"2931103","properties":{"codigoIbge":"2931103","municipio":"Tanquinho","cpr":"CPR-L","cprs":["CPR-L"],"opm":"25 BPM/FEIRA DE SANTANA","opms":["25 BPM/FEIRA DE SANTANA"],"cprExato":true,"opmExata":true,"somenteReferencia":false},"geometry":{"type":"Polygon","coordinates":[[[-39.0588731999999,-11.9764575],[-39.0565444,-12.0626098],[-39.0671431,-12.0700934999999],[-39.0948319,-12.0698666],[-39.0890906999999,-12.0554425],[-39.1789712,-12.0264624],[-39.173559,-11.9643386],[-39.1185828,-11.9230477999999],[-39.0746703999999,-11.8281155],[-39.0262154,-11.8687267],[-39.0143859999999,-11.9121521],[-39.0434974999999,-11.9342654],[-39.0588731999999,-11.9764575]]]}},{"type":"Feature","id":"2915304","properties":{"codigoIbge":"2915304","municipio":"Itagimirim","cpr":"CPR-ES","cprs":["CPR-ES"],"opm":"28 BPM/EUNÁPOLIS","opms":["28 BPM/EUNÁPOLIS"],"cprExato":true,"opmExata":true,"somenteReferencia":false},"geometry":{"type":"Polygon","coordinates":[[[-39.9365210999999,-16.2457808],[-39.9126333,-16.2103059],[-39.8833906,-16.194693],[-39.8829375999999,-16.1637800999999],[-39.8969564999999,-16.141604],[-39.8805141999999,-16.1437453999999],[-39.8568289,-16.1138248],[-39.8774099,-16.0916137],[-39.8820034,-16.068033],[-39.9356862,-16.0237478999999],[-39.9147978999999,-15.9999933999999],[-39.8655055,-15.9967958999999],[-39.8423141,-15.9764054999999],[-39.7497650999999,-15.9718564],[-39.6157703,-16.0072183],[-39.608864,-16.0224191999999],[-39.5564697999999,-16.0319802],[-39.4869801,-16.0596454999999],[-39.4683871999999,-16.0874284],[-39.4696948,-16.0943528999999],[-39.4936979,-16.0833747999999],[-39.527815,-16.1238585999999],[-39.5431947,-16.1161026],[-39.5952897,-16.1536932999999],[-39.7531054,-16.1972344],[-39.8316012,-16.2373767999999],[-39.8485615,-16.2349212999999],[-39.8703553,-16.2577229999999],[-39.8880657999999,-16.2440791999999],[-39.9035762999999,-16.2856702999999],[-39.9178193,-16.2842701],[-39.9201017,-16.2637394],[-39.9365210999999,-16.2457808]]]}},{"type":"Feature","id":"2922904","properties":{"codigoIbge":"2922904","municipio":"Nova Soure","cpr":"CPR-NE","cprs":["CPR-NE"],"opm":"21ª CIPM/CIPÓ","opms":["21ª CIPM/CIPÓ"],"cprExato":true,"opmExata":true,"somenteReferencia":false},"geometry":{"type":"Polygon","coordinates":[[[-38.4991108999999,-11.490652],[-38.5564841,-11.4846104],[-38.57086,-11.4917902999999],[-38.5708971,-11.4637327999999],[-38.6645306,-11.4308],[-38.6434902,-11.4101803],[-38.6219629999999,-11.4110112],[-38.7741465,-11.3563554999999],[-38.629106,-11.1913034999999],[-38.6168125,-11.1618348],[-38.4816202,-11.1632766],[-38.4604151999999,-11.1489511],[-38.4466083,-11.1548946999999],[-38.4437685999999,-11.1756986999999],[-38.4185211,-11.2121435999999],[-38.3739758,-11.2550002999999],[-38.3741484999999,-11.2772105],[-38.4049985,-11.3035909999999],[-38.4105484,-11.3283731],[-38.4276017,-11.3442279999999],[-38.4370777999999,-11.3725883],[-38.4330196,-11.3956909],[-38.4510875999999,-11.423266],[-38.4918456999999,-11.4456289],[-38.48819,-11.4666283999999],[-38.4991108999999,-11.490652]]]}},{"type":"Feature","id":"2907103","properties":{"codigoIbge":"2907103","municipio":"Carinhanha","cpr":"CPR-MO","cprs":["CPR-MO"],"opm":"38ª CIPM/BOM JESUS DA LAPA","opms":["38ª CIPM/BOM JESUS DA LAPA"],"cprExato":true,"opmExata":true,"somenteReferencia":false},"geometry":{"type":"Polygon","coordinates":[[[-43.697262,-14.2097325],[-43.7831866999999,-14.3392337],[-43.8000853,-14.3378271999999],[-43.8223149,-14.3230296999999],[-43.8190044999999,-14.3122074999999],[-43.8361444999999,-14.3111486999999],[-43.8472267,-14.3217372999999],[-43.8467226999999,-14.3130992],[-43.8554498,-14.3180426],[-43.8527036999999,-14.3079362999999],[-43.8895889,-14.3075494],[-43.8919529999999,-14.2932872],[-43.8924797999999,-14.3010168],[-43.9044244,-14.2936104999999],[-43.9115859,-14.3050443],[-43.9163957,-14.2959334],[-43.9264247999999,-14.3056726999999],[-43.9350679999999,-14.2956796999999],[-43.9421399,-14.3050964999999],[-43.9462895,-14.2899548],[-43.9561378,-14.2997171],[-43.9695874999999,-14.2740239],[-43.9808409999999,-14.2821484999999],[-43.9873444,-14.2672954],[-44.0154815,-14.2715481],[-44.034621,-14.2890283999999],[-44.0456778,-14.2837757],[-44.0657035999999,-14.1371771999999],[-44.0286914,-14.0931623],[-44.0866612,-14.020344],[-44.0784502,-13.9945134],[-44.1072692,-13.9850954999999],[-44.1010716,-13.9743027],[-44.1100827,-13.9723979],[-44.1020025999999,-13.9624635],[-44.1106700999999,-13.9481344],[-44.0905238,-13.9258012999999],[-44.0917706,-13.9078812],[-44.0771496999999,-13.9145996999999],[-44.0846705,-13.9144909999999],[-44.0855362999999,-13.9386153],[-44.0746609,-13.9373267],[-44.0720547,-13.9502542],[-44.0703341,-13.9428086],[-44.0579195,-13.9473098999999],[-44.0674531999999,-13.9285892],[-44.0522889,-13.9306574999999],[-44.0555661,-13.9161248999999],[-44.0376282999999,-13.903836],[-44.0294382,-13.9077121999999],[-44.0312415999999,-13.8977310999999],[-44.0494203,-13.8977444],[-44.0554792,-13.8741178999999],[-44.0730207,-13.8697936999999],[-44.0482059,-13.8663761999999],[-44.0317666999999,-13.8890018],[-44.0279659,-13.8557026],[-44.0094291999999,-13.8531925],[-44.0118793999999,-13.8408767],[-44.0036408,-13.8436758],[-44.0052711,-13.8291247999999],[-44.0270935,-13.8348698],[-44.0165516,-13.8258541],[-44.0265623999999,-13.8202247999999],[-44.0328802999999,-13.8039173],[-44.0190277,-13.8085914],[-44.0296408999999,-13.7928482],[-44.0217703,-13.8022490999999],[-44.0207166,-13.7958681],[-44.0190274,-13.7959569999999],[-44.0115969999999,-13.8199377],[-43.9954509999999,-13.8229757999999],[-43.9903944,-13.8155573],[-43.9845293,-13.8409867],[-43.9790455,-13.8316535],[-43.9618876,-13.8342746],[-43.9628051999999,-13.8234899],[-43.9491489,-13.8207934],[-43.9575829999999,-13.8118886999999],[-43.9480996999999,-13.7917710999999],[-43.9570122,-13.7891321],[-43.9571928999999,-13.7872487],[-43.9425836,-13.7882438],[-43.9233859999999,-13.8054007],[-43.899916,-13.7960813],[-43.9056312,-13.7790029999999],[-43.9121259999999,-13.7835003],[-43.9123211,-13.7670029999999],[-43.9017818999999,-13.7726476999999],[-43.8927998999999,-13.7529235],[-43.8816179999999,-13.7619175999999],[-43.877151,-13.742179],[-43.8694551999999,-13.7564894],[-43.8536908999999,-13.7440453999999],[-43.8401402,-13.7591466],[-43.8366518,-13.7460065],[-43.8145749,-13.7338068999999],[-43.8142897,-13.7083541],[-43.5866230999999,-13.8062892999999],[-43.6164987999999,-13.8413467],[-43.613782,-13.8953741],[-43.6252408999999,-13.9522681999999],[-43.6563078,-14.0097617],[-43.6572376999999,-14.0474538999999],[-43.697262,-14.2097325]]]}},{"type":"Feature","id":"2907202","properties":{"codigoIbge":"2907202","municipio":"Casa Nova","cpr":"CPR-N","cprs":["CPR-N"],"opm":"25ª CIPM/CASA NOVA","opms":["25ª CIPM/CASA NOVA"],"cprExato":true,"opmExata":true,"somenteReferencia":false},"geometry":{"type":"Polygon","coordinates":[[[-41.3622558,-9.68869609999996],[-41.4177586,-9.69232569999997],[-41.5037697,-9.66520199999997],[-41.5593939999999,-9.67628679999996],[-41.6371536999999,-9.71530269999994],[-41.6930498999999,-9.77014979999996],[-41.839568,-9.73215909999993],[-41.9031447,-9.70435049999998],[-41.8550058,-9.24046009999995],[-41.8431327,-9.24422499999997],[-41.8339331999999,-9.23622239999997],[-41.7974285,-9.14465909999996],[-41.7351841,-9.09469979999994],[-41.7264829,-9.01636089999994],[-41.6804536999999,-9.01228229999998],[-41.6694039,-8.99007909999995],[-41.6289978,-8.98488999999995],[-41.6057946999999,-8.95740389999997],[-41.5700565999999,-8.95502949999997],[-41.5652668,-8.97032019999995],[-41.544521,-8.96054909999998],[-41.5448531,-8.93795429999994],[-41.5074372,-8.89244089999994],[-41.5027347,-8.86406599999998],[-41.4346841,-8.79909599999996],[-41.4242667,-8.80255539999996],[-41.3812515,-8.70727239999997],[-41.3583361999999,-8.70762019999995],[-41.3343515999999,-8.72766149999995],[-41.2815376,-8.73610039999994],[-41.2606246,-8.72071649999998],[-41.2385677999999,-8.71973119999996],[-41.239841,-8.71086299999996],[-41.2269785,-8.70470209999996],[-41.1764047,-8.71119429999993],[-41.112758,-8.70397409999993],[-41.1268403,-8.72892739999998],[-41.1245693,-8.75267359999998],[-41.1017608,-8.78196429999997],[-41.0362345,-8.78587589999995],[-41.0249600999999,-8.80772739999998],[-41.0313197,-8.83495839999995],[-41.0212409,-8.84356089999994],[-40.9790937,-8.82341709999997],[-40.960905,-8.83075929999995],[-40.9548601,-8.84387509999993],[-40.9192371,-8.83717699999994],[-40.8812336999999,-8.91562779999998],[-40.8662780999999,-8.92338919999997],[-40.8613225999999,-8.94801759999996],[-40.8515958999999,-8.95249899999993],[-40.8519585,-8.98258489999995],[-40.8350126999999,-9.00869349999994],[-40.8210079999999,-9.07989139999995],[-40.8088715,-9.09368949999993],[-40.7860959999999,-9.10518739999998],[-40.7567849,-9.10497689999994],[-40.7570605999999,-9.11984309999997],[-40.7325375,-9.12400559999998],[-40.7098892999999,-9.14088099999998],[-40.6850939999999,-9.13761019999993],[-40.6673956999999,-9.15905919999994],[-40.6706437999999,-9.18870819999995],[-40.6945004,-9.23345559999996],[-40.6811479,-9.26348269999994],[-40.7168202,-9.30387569999994],[-40.7394418,-9.29658869999997],[-40.7564219,-9.31503229999993],[-40.7372865,-9.33687079999993],[-40.7464788999999,-9.37105219999995],[-40.7426715,-9.40071289999997],[-40.7649756,-9.41321639999995],[-40.7595952999999,-9.42907629999996],[-40.7742347999999,-9.44844049999995],[-40.8340615,-9.42548349999993],[-40.868795,-9.39284729999997],[-40.9537801,-9.39791519999994],[-41.0030326,-9.38284189999996],[-41.0673189,-9.40313479999998],[-41.1174204,-9.40359079999996],[-41.1435384,-9.49592789999997],[-41.1887378,-9.55995909999996],[-41.2126855,-9.62215309999993],[-41.2472222,-9.64709139999997],[-41.3622558,-9.68869609999996]]]}},{"type":"Feature","id":"2930402","properties":{"codigoIbge":"2930402","municipio":"Serra Preta","cpr":"CPR-CH","cprs":["CPR-CH"],"opm":"98ª CIPM/IPIRÁ","opms":["98ª CIPM/IPIRÁ"],"cprExato":true,"opmExata":true,"somenteReferencia":false},"geometry":{"type":"Polygon","coordinates":[[[-39.3409950999999,-12.1980318],[-39.3812014,-12.2474528999999],[-39.4081919,-12.2660468999999],[-39.5220545999999,-12.036918],[-39.5938197999999,-12.0611243999999],[-39.5906337,-12.0532393999999],[-39.5769031,-12.0391404],[-39.5366241999999,-12.0255033],[-39.4125766,-12.0029532],[-39.360238,-11.9667168],[-39.3394380999999,-11.9661856],[-39.2932519999999,-11.9930141999999],[-39.287407,-12.0216531],[-39.2144926,-12.0961138],[-39.2612047,-12.1187601999999],[-39.2928669999999,-12.1870686],[-39.3442395,-12.1859296],[-39.3409950999999,-12.1980318]]]}},{"type":"Feature","id":"2915353","properties":{"codigoIbge":"2915353","municipio":"Itaguaçu da Bahia","cpr":"CPR-CN","cprs":["CPR-CN"],"opm":"10ª CIPM/XIQUE-XIQUE","opms":["10ª CIPM/XIQUE-XIQUE"],"cprExato":true,"opmExata":true,"somenteReferencia":false},"geometry":{"type":"Polygon","coordinates":[[[-42.2582126999999,-11.1427558],[-42.2402905,-11.2612328],[-42.3262604,-11.2900033999999],[-42.3748783,-11.2755625999999],[-42.4278398,-11.285251],[-42.4470782,-11.2594195999999],[-42.4421771,-11.2474850999999],[-42.4594767999999,-11.2264594],[-42.451176,-11.2169125],[-42.4868759999999,-11.1493161999999],[-42.5044535,-11.1548996],[-42.5164662999999,-11.1328058999999],[-42.5109351,-11.1054103999999],[-42.5001118,-11.0962761],[-42.5101147,-11.0604574999999],[-42.5247687,-11.048887],[-42.5161744,-11.0105927999999],[-42.5402210999999,-11.0015839],[-42.5230814999999,-10.9038679],[-42.42312989,-10.7738563],[-42.3916208099999,-10.7659708799999],[-42.37360682,-10.7766395799999],[-42.36446942,-10.7717325699999],[-42.34277338,-10.72635301],[-42.34259378,-10.68334078],[-42.32213682,-10.65916651],[-42.33141863,-10.65145032],[-42.3245833999999,-10.6258111999999],[-42.3347621999999,-10.6070849999999],[-42.3298826,-10.5842183],[-42.3583417,-10.5113737999999],[-42.3442469999999,-10.4828732],[-42.3257361,-10.4797263],[-42.3303594,-10.4738801],[-42.3128007999999,-10.4446730999999],[-42.3338977,-10.4314876],[-42.3285978,-10.3967395999999],[-42.350538,-10.3856089],[-42.3436766999999,-10.370419],[-42.3680845,-10.3617518],[-42.3628841999999,-10.3388537],[-42.3988735999999,-10.3118658999999],[-42.3668388999999,-10.2678549999999],[-42.3943978,-10.1934219],[-42.4054657999999,-10.1851222999999],[-42.15966,-10.2579383],[-42.132556,-10.3129681999999],[-42.1325189999999,-10.3469239999999],[-42.0918624,-10.3820009999999],[-42.0990563,-10.414565],[-42.0854701,-10.4257124],[-42.0795428,-10.4572070999999],[-42.0893495999999,-10.4767176999999],[-42.0691497,-10.4942761999999],[-42.0659934999999,-10.5289804999999],[-42.0482878,-10.5442497],[-42.0345859999999,-10.5861588999999],[-42.0217345,-10.5936685],[-42.0154669999999,-10.6307093999999],[-41.9982712999999,-10.6418221],[-41.9159294999999,-10.6428364],[-41.8219723,-10.6976998],[-42.0888947,-10.9328925999999],[-42.0756110999999,-11.0297717],[-42.0890648,-11.0222188],[-42.1452619999999,-11.0233062],[-42.14616102,-11.0472523899999],[-42.1897145,-11.0748634999999],[-42.2582126999999,-11.1427558]]]}},{"type":"Feature","id":"2922201","properties":{"codigoIbge":"2922201","municipio":"Muniz Ferreira","cpr":"CPR-R","cprs":["CPR-R"],"opm":"14 BPM/SANTO ANTÔNIO DE JESUS","opms":["14 BPM/SANTO ANTÔNIO DE JESUS"],"cprExato":true,"opmExata":true,"somenteReferencia":false},"geometry":{"type":"Polygon","coordinates":[[[-39.0456366,-13.0132738999999],[-39.0554625999999,-13.0497597999999],[-39.1130911,-13.0387722999999],[-39.1171444999999,-13.058083],[-39.1294953,-13.0657027],[-39.136181,-13.0489876],[-39.1529715,-13.0405575999999],[-39.1451021999999,-13.0193839],[-39.1496051,-13.0009658],[-39.1325121,-12.9869828],[-39.1088106999999,-12.9964289],[-39.1036584999999,-12.9805393999999],[-39.1164231999999,-12.9565441],[-39.0420932,-12.9507553],[-39.0255137999999,-12.9831612999999],[-39.0456366,-13.0132738999999]]]}},{"type":"Feature","id":"2930501","properties":{"codigoIbge":"2930501","municipio":"Serrinha","cpr":"CPR-NE","cprs":["CPR-NE"],"opm":"16 BPM/SERRINHA","opms":["16 BPM/SERRINHA"],"cprExato":true,"opmExata":true,"somenteReferencia":false},"geometry":{"type":"Polygon","coordinates":[[[-39.0765084999999,-11.8286937],[-39.0606526999999,-11.7698189999999],[-39.1022199,-11.7048086],[-39.1593051,-11.6465350999999],[-39.1581914,-11.6326286999999],[-39.1110303999999,-11.6150979999999],[-39.0726308,-11.6155732],[-39.0683069,-11.6047583],[-39.0329616,-11.5869718],[-39.0210236999999,-11.5511815999999],[-38.9642990999999,-11.5621641999999],[-38.9209898999999,-11.5399394999999],[-38.9032923999999,-11.5434703],[-38.890295,-11.5251079],[-38.8725578,-11.5324305999999],[-38.8534299,-11.605857],[-38.8893947999999,-11.632562],[-38.8785698999999,-11.6376777999999],[-38.8723487999999,-11.6988926999999],[-38.8901701,-11.6965660999999],[-38.8979967999999,-11.7223885999999],[-38.9302984,-11.7277842999999],[-38.9354872,-11.7404182999999],[-38.9647404999999,-11.7465481999999],[-38.9672452999999,-11.7570770999999],[-38.9859647,-11.7532337],[-38.9780385999999,-11.815661],[-38.9977775999999,-11.8058536999999],[-39.0132879,-11.8212093999999],[-39.0648064,-11.8296842],[-39.0765084999999,-11.8286937]]]}},{"type":"Feature","id":"2915205","properties":{"codigoIbge":"2915205","municipio":"Itagibá","cpr":"CPR-MRC","cprs":["CPR-MRC"],"opm":"55ª CIPM/IPIAÚ","opms":["55ª CIPM/IPIAÚ"],"cprExato":true,"opmExata":true,"somenteReferencia":false},"geometry":{"type":"Polygon","coordinates":[[[-39.9217639,-14.3640268],[-39.9483321,-14.3629478],[-39.9583436999999,-14.3534508999999],[-40.0020398,-14.2816508],[-40.0054656999999,-14.2661792],[-39.9987479,-14.2669685],[-39.9863364,-14.2318620999999],[-39.9878363999999,-14.198004],[-39.9755474,-14.1611204],[-39.9177364999999,-14.1836703],[-39.9138338999999,-14.1684857],[-39.9005531,-14.1717671],[-39.8852851999999,-14.1275658],[-39.883073,-14.1420639],[-39.8606053,-14.1461406999999],[-39.8120367,-14.1021003],[-39.7766821,-14.1062345999999],[-39.7702705,-14.1231953999999],[-39.6998761999999,-14.1526944],[-39.6921732,-14.1743986],[-39.6647768,-14.1826685],[-39.6965705,-14.3695789],[-39.7144987,-14.3694723999999],[-39.718918,-14.3609928],[-39.7276548999999,-14.3663817],[-39.7202832,-14.3758139999999],[-39.7423133,-14.3716598999999],[-39.7414936,-14.3475276],[-39.7639336,-14.359483],[-39.7901191,-14.3506164999999],[-39.8192506999999,-14.3830581],[-39.8497849,-14.3748424999999],[-39.8649414999999,-14.3875523],[-39.9217639,-14.3640268]]]}},{"type":"Feature","id":"2922300","properties":{"codigoIbge":"2922300","municipio":"Muritiba","cpr":"CPR-R","cprs":["CPR-R"],"opm":"27ª CIPM/CRUZ DAS ALMAS","opms":["27ª CIPM/CRUZ DAS ALMAS"],"cprExato":true,"opmExata":true,"somenteReferencia":false},"geometry":{"type":"Polygon","coordinates":[[[-38.9714195,-12.6322673999999],[-39.0706686,-12.6544984],[-39.0849347,-12.6444475],[-39.1140291999999,-12.6379075999999],[-39.1392951,-12.6443576999999],[-39.177803,-12.6302403],[-39.1786058,-12.5882923999999],[-39.107967,-12.5925081],[-39.0583664,-12.635307],[-39.0144797,-12.6171429999999],[-39.0150399999999,-12.6030891],[-38.9904748,-12.5952617999999],[-38.9794856999999,-12.6024846],[-38.9714195,-12.6322673999999]]]}},{"type":"Feature","id":"2907004","properties":{"codigoIbge":"2907004","municipio":"Cardeal da Silva","cpr":"CPR-LN","cprs":["CPR-LN"],"opm":"56ª CIPM/ENTRE RIOS","opms":["56ª CIPM/ENTRE RIOS"],"cprExato":true,"opmExata":true,"somenteReferencia":false},"geometry":{"type":"Polygon","coordinates":[[[-37.9250307999999,-12.1491394999999],[-38.0233469,-12.0806512999999],[-38.0086067999999,-12.0455497],[-38.0151013999999,-12.0081147],[-37.9792882,-11.9399003999999],[-37.9431784,-11.935507],[-37.9258326999999,-11.9581717999999],[-37.8697177,-11.9717406999999],[-37.8646524,-12.014219],[-37.8875897999999,-12.156986],[-37.9250307999999,-12.1491394999999]]]}},{"type":"Feature","id":"2930303","properties":{"codigoIbge":"2930303","municipio":"Serra Dourada","cpr":"CPR-O","cprs":["CPR-O"],"opm":"30ª CIPM/SANTA MARIA DA VITÓRIA","opms":["30ª CIPM/SANTA MARIA DA VITÓRIA"],"cprExato":true,"opmExata":true,"somenteReferencia":false},"geometry":{"type":"Polygon","coordinates":[[[-43.8909002,-12.9651679999999],[-43.8840956,-12.9494831],[-43.9130848,-12.9232777],[-43.9162201,-12.901419],[-43.9766223,-12.8781681999999],[-44.0020177,-12.8531192],[-44.0656114999999,-12.8749764],[-44.0926047999999,-12.8575762999999],[-44.1132921,-12.8573747999999],[-44.1238281999999,-12.8414238999999],[-44.1446893,-12.8526307999999],[-44.1714418999999,-12.8523926],[-44.1738834,-12.8206888],[-44.1538863,-12.8035935999999],[-44.1518564,-12.7766324999999],[-44.1705904999999,-12.7658747999999],[-44.1791683,-12.7412156],[-44.0813817,-12.7701516999999],[-44.0226971,-12.755692],[-43.9451503999999,-12.7048308999999],[-43.5364198,-12.6368596],[-43.5496395,-12.8865977],[-43.571611,-12.9152250999999],[-43.5949848,-12.928332],[-43.6260088,-12.9206960999999],[-43.6492009,-12.9249495],[-43.659729,-12.9370096],[-43.6915246999999,-12.9321191],[-43.7058531,-12.9437879999999],[-43.7172103999999,-12.9314158],[-43.7318900999999,-12.9497019999999],[-43.8289976999999,-12.9866822],[-43.8909002,-12.9651679999999]]]}},{"type":"Feature","id":"2922250","properties":{"codigoIbge":"2922250","municipio":"Muquém do São Francisco","cpr":"CPR-MO","cprs":["CPR-MO"],"opm":"28ª CIPM/IBOTIRAMA","opms":["28ª CIPM/IBOTIRAMA"],"cprExato":true,"opmExata":true,"somenteReferencia":false},"geometry":{"type":"Polygon","coordinates":[[[-43.1995271,-12.6706641],[-43.2221375999999,-12.6908424],[-43.2368481,-12.6305422],[-43.553545,-12.5065033],[-43.6793617,-12.389495],[-43.7054059,-12.3843532999999],[-43.6853202999999,-12.318992],[-43.7099398999999,-12.3225118999999],[-43.7307453999999,-12.3101667999999],[-43.7259286999999,-12.2984536],[-43.7366567999999,-12.2841677],[-43.7673063999999,-12.2807172],[-43.7946484999999,-12.2483764999999],[-43.8349166,-12.2502266],[-43.8522558,-12.2423062],[-43.9086679,-12.2568317],[-43.9292151,-12.2448003],[-43.9031878,-12.2129413],[-43.9094104,-12.2028735],[-43.8854441999999,-12.1847275],[-43.8875517,-12.1717983],[-43.8665844,-12.1586687],[-43.845793,-12.1647847999999],[-43.8243697999999,-12.1505026999999],[-43.8152416999999,-12.1372127],[-43.8232088,-12.1219571999999],[-43.7976677,-12.1116158999999],[-43.7945010999999,-12.0903243999999],[-43.7317464,-12.0481346],[-43.7235517,-12.0160645999999],[-43.7606713,-12.0069273999999],[-43.7481635,-11.9704189],[-43.7395999999999,-11.971379],[-43.7392431,-11.9484171999999],[-43.7252042,-11.9444910999999],[-43.6925234999999,-11.9077515],[-43.7115592,-11.8710126],[-43.6616559,-11.8652279],[-43.6317748,-11.9314947],[-43.5111568,-11.9314947],[-43.496275,-11.8617297],[-43.4623625999999,-11.8273346],[-43.4609176,-11.8067053999999],[-43.4416633,-11.7946661],[-43.4299841,-11.8014183999999],[-43.4071289,-11.7821122],[-43.3799632,-11.7858234],[-43.3906734999999,-11.7342462999999],[-43.3480977,-11.7357403],[-43.3491991,-11.7983302],[-43.3131276999999,-11.8632921],[-43.3153632,-11.8751523],[-43.3540889,-11.9089405999999],[-43.3593296999999,-11.962883],[-43.3508231,-12.0133870999999],[-43.3027531,-12.0502804],[-43.2821938,-12.1356855999999],[-43.2334433999999,-12.1713149],[-43.2252774999999,-12.1872883999999],[-43.2634303,-12.2209022],[-43.2606953,-12.2344512999999],[-43.2815093999999,-12.2691958],[-43.2882671,-12.3026034],[-43.2837997999999,-12.3465555],[-43.2527501,-12.3800878],[-43.257999,-12.4308803],[-43.2087251,-12.5371018],[-43.2081575,-12.5866824],[-43.1884317,-12.6134478999999],[-43.1995271,-12.6706641]]]}},{"type":"Feature","id":"2922102","properties":{"codigoIbge":"2922102","municipio":"Mundo Novo","cpr":"CPR-CH","cprs":["CPR-CH"],"opm":"98ª CIPM/IPIRÁ","opms":["98ª CIPM/IPIRÁ"],"cprExato":true,"opmExata":true,"somenteReferencia":false},"geometry":{"type":"Polygon","coordinates":[[[-40.3853035999999,-12.0282544],[-40.4652394999999,-12.045443],[-40.4639979999999,-12.0673495999999],[-40.446467,-12.0817455],[-40.4476814,-12.1056300999999],[-40.4567476999999,-12.1108245999999],[-40.4602677999999,-12.1013606999999],[-40.4779091999999,-12.1015808],[-40.5013776,-12.1163445999999],[-40.5061903,-12.0987532],[-40.5562054,-12.0945318],[-40.5697069999999,-12.0785584999999],[-40.8735935,-12.1257414],[-40.9089696999999,-12.0595764999999],[-40.8970770999999,-11.9902822],[-40.8773760999999,-11.9734205999999],[-40.8660808,-11.9763323999999],[-40.8383914,-11.9607799999999],[-40.7951457,-11.9621248],[-40.7718798999999,-11.9939376],[-40.7562019,-11.9899182],[-40.7468236999999,-12.0009183],[-40.7303067999999,-11.9998285999999],[-40.6707094,-11.9375684999999],[-40.5778386,-11.8982568],[-40.5993688,-11.8843161999999],[-40.6119002,-11.8543797999999],[-40.6249817,-11.8462013999999],[-40.621956,-11.8375748],[-40.4844294,-11.824598],[-40.4900805999999,-11.8057004],[-40.4706095999999,-11.8025299999999],[-40.4335786,-11.7489581],[-40.4501832,-11.6992875999999],[-40.4097965,-11.6714853],[-40.4012382,-11.6480465],[-40.3832186999999,-11.6440876999999],[-40.3822165,-11.6250219],[-40.370674198,-11.6162358],[-40.3633295,-11.6699636999999],[-40.3534159,-11.6758406],[-40.3623084,-11.7004575999999],[-40.3571406999999,-11.7412083999999],[-40.3702584,-11.7554959],[-40.3638195,-11.827895],[-40.3262869,-11.8864904],[-40.2745027,-11.9082599999999],[-40.3024359,-11.9601686],[-40.3335059999999,-11.9768376],[-40.3853035999999,-12.0282544]]]}},{"type":"Feature","id":"2914505","properties":{"codigoIbge":"2914505","municipio":"Irará","cpr":"CPR-L","cprs":["CPR-L"],"opm":"97ª CIPM/IRARÁ","opms":["97ª CIPM/IRARÁ"],"cprExato":true,"opmExata":true,"somenteReferencia":false},"geometry":{"type":"Polygon","coordinates":[[[-38.6577252,-12.0532732999999],[-38.7003192,-12.138798],[-38.7514687999999,-12.1669502],[-38.7633307,-12.1187555],[-38.7958927,-12.105107],[-38.8418035999999,-12.1046031999999],[-38.8065086,-12.0228584],[-38.8075916,-11.9759276999999],[-38.8249302,-11.9480063999999],[-38.7959048,-11.9540105999999],[-38.7422981,-11.9402893999999],[-38.7192813999999,-11.9504231],[-38.7109889,-11.9423431],[-38.6802838999999,-11.9460913],[-38.7081201999999,-11.9568105999999],[-38.7090937,-11.9835634999999],[-38.7250000999999,-12.0164005],[-38.7191179,-12.0367565999999],[-38.699918,-12.0541757],[-38.6577252,-12.0532732999999]]]}},{"type":"Feature","id":"2914604","properties":{"codigoIbge":"2914604","municipio":"Irecê","cpr":"CPR-CN","cprs":["CPR-CN"],"opm":"7 BPM/IRECÊ","opms":["7 BPM/IRECÊ"],"cprExato":true,"opmExata":true,"somenteReferencia":false},"geometry":{"type":"Polygon","coordinates":[[[-41.7330726,-11.3325306999999],[-41.7495451999999,-11.3721876999999],[-41.7464711,-11.3921410999999],[-41.7841519999999,-11.3845307],[-41.7725442,-11.3647248],[-41.8779375999999,-11.3617242],[-41.8826993,-11.3725173],[-41.9426159999999,-11.3812480999999],[-41.9714776,-11.3441723],[-41.9266057,-11.280357],[-41.9417424,-11.2282339],[-41.8758948999999,-11.2691229],[-41.8779312999999,-11.2610321],[-41.7666343,-11.2272723],[-41.7296926,-11.2279723],[-41.7414843,-11.2707472999999],[-41.7330726,-11.3325306999999]]]}},{"type":"Feature","id":"2906402","properties":{"codigoIbge":"2906402","municipio":"Candeal","cpr":"CPR-NE","cprs":["CPR-NE"],"opm":"16 BPM/SERRINHA","opms":["16 BPM/SERRINHA"],"cprExato":true,"opmExata":true,"somenteReferencia":false},"geometry":{"type":"Polygon","coordinates":[[[-39.3076773999999,-11.9401721999999],[-39.2758327999999,-11.8922980999999],[-39.2803509999999,-11.832458],[-39.2461362,-11.7767522999999],[-39.2285778999999,-11.7858469],[-39.2177374999999,-11.7820108999999],[-39.2178749,-11.7681663],[-39.0606526999999,-11.7698189999999],[-39.0963553999999,-11.8854428],[-39.1087041,-11.8908390999999],[-39.1191092999999,-11.9237684],[-39.1639838,-11.9508182],[-39.1725943,-11.9797998],[-39.2966800999999,-11.9907984999999],[-39.296736,-11.9769107999999],[-39.2851418,-11.9676714999999],[-39.3076773999999,-11.9401721999999]]]}},{"type":"Feature","id":"2930758","properties":{"codigoIbge":"2930758","municipio":"Sítio do Mato","cpr":"CPR-MO","cprs":["CPR-MO"],"opm":"38ª CIPM/BOM JESUS DA LAPA","opms":["38ª CIPM/BOM JESUS DA LAPA"],"cprExato":true,"opmExata":true,"somenteReferencia":false},"geometry":{"type":"Polygon","coordinates":[[[-43.4541493,-13.0398316],[-43.4539923999999,-13.1491447],[-43.4637802,-13.1323265],[-43.4908973,-13.1368108999999],[-43.5199514,-13.1291259],[-43.5453868,-13.1510193999999],[-43.6096602,-13.1515133999999],[-43.6198388,-13.1764236999999],[-43.6402446,-13.1847513],[-43.6346384,-13.1711561999999],[-43.6456011,-13.1385715],[-43.6815549,-13.1158809999999],[-43.6863569999999,-12.9331870999999],[-43.659729,-12.9370096],[-43.6492009,-12.9249495],[-43.6260088,-12.9206960999999],[-43.5862562999999,-12.9264785999999],[-43.5575578999999,-12.8997615],[-43.5496395,-12.8865977],[-43.5364198,-12.6368596],[-43.4435976999999,-12.5514355],[-43.2368481,-12.6305422],[-43.2221375999999,-12.6908424],[-43.2618222,-12.7106094],[-43.2781421999999,-12.7413888],[-43.3329909,-12.7932567999999],[-43.3482954999999,-12.8247228],[-43.3436128,-12.8446532],[-43.3511801999999,-12.8624086999999],[-43.3949519999999,-12.8731496],[-43.4053820999999,-12.899513],[-43.4061457999999,-12.9978952],[-43.4541493,-13.0398316]]]}},{"type":"Feature","id":"2914406","properties":{"codigoIbge":"2914406","municipio":"Iraquara","cpr":"CPR-CH","cprs":["CPR-CH"],"opm":"29ª CIPM/SEABRA","opms":["29ª CIPM/SEABRA"],"cprExato":true,"opmExata":true,"somenteReferencia":false},"geometry":{"type":"Polygon","coordinates":[[[-41.6581629,-12.3822747999999],[-41.7345192,-12.3646767],[-41.7419596999999,-12.3226389],[-41.7563469999999,-12.3081558],[-41.7651352,-12.272596],[-41.7428050999999,-12.2368304999999],[-41.7833644999999,-12.1606040999999],[-41.8099357,-12.1532205],[-41.7708411999999,-12.1383585999999],[-41.6043852,-12.1446101999999],[-41.4688676,-12.1080497],[-41.4172738,-12.1450427],[-41.3548711999999,-12.1683977],[-41.4001688,-12.2000178],[-41.4037843,-12.217797],[-41.4174348,-12.2278272999999],[-41.4118594999999,-12.2477986],[-41.4345286999999,-12.2645006999999],[-41.4420729,-12.282552],[-41.4434697999999,-12.3085859],[-41.4250954999999,-12.3431854999999],[-41.4436496,-12.3558785999999],[-41.4247367999999,-12.3844172999999],[-41.4414768,-12.4132049999999],[-41.4524979999999,-12.3827059],[-41.4796744,-12.3705848999999],[-41.5157818,-12.375077],[-41.523021,-12.3566334],[-41.5325338,-12.3548102999999],[-41.6184206999999,-12.3802934999999],[-41.6581629,-12.3822747999999]]]}},{"type":"Feature","id":"2930709","properties":{"codigoIbge":"2930709","municipio":"Simões Filho","cpr":"CPRMS","cprs":["CPRMS"],"opm":"22ª CIPM/SIMÕES FILHO","opms":["22ª CIPM/SIMÕES FILHO"],"cprExato":true,"opmExata":true,"somenteReferencia":false},"geometry":{"type":"Polygon","coordinates":[[[-38.3788939999999,-12.8225714],[-38.4067707999999,-12.8735374],[-38.4407413,-12.8397459],[-38.4529765,-12.8444284999999],[-38.4663702999999,-12.8152215],[-38.4184531999999,-12.6652407999999],[-38.4039309,-12.6585626999999],[-38.3713945,-12.6798244],[-38.3683993,-12.7074162],[-38.354409,-12.7170819999999],[-38.3269741999999,-12.8023444999999],[-38.3322782,-12.8123256],[-38.3788939999999,-12.8225714]]]}},{"type":"Feature","id":"2906204","properties":{"codigoIbge":"2906204","municipio":"Canarana","cpr":"CPR-CN","cprs":["CPR-CN"],"opm":"7 BPM/IRECÊ","opms":["7 BPM/IRECÊ"],"cprExato":true,"opmExata":true,"somenteReferencia":false},"geometry":{"type":"Polygon","coordinates":[[[-41.6223409999999,-11.8324082],[-41.6799197,-11.9216466999999],[-41.7510824,-11.877955195],[-41.8237622999999,-11.7387656999999],[-41.861328,-11.7056656],[-41.8140144,-11.6824839],[-41.7965632999999,-11.6916042],[-41.7664369,-11.6816439999999],[-41.7671789999999,-11.6714610999999],[-41.7441666,-11.6684008],[-41.7194595999999,-11.6444422],[-41.6990681999999,-11.6463823],[-41.6986577,-11.6346144],[-41.6708705999999,-11.6263918],[-41.6692638,-11.6159726999999],[-41.5980051999999,-11.6120769],[-41.5891215,-11.6691714],[-41.6058553,-11.773408],[-41.6223409999999,-11.8324082]]]}},{"type":"Feature","id":"2922508","properties":{"codigoIbge":"2922508","municipio":"Nazaré","cpr":"CPR-R","cprs":["CPR-R"],"opm":"14 BPM/SANTO ANTÔNIO DE JESUS","opms":["14 BPM/SANTO ANTÔNIO DE JESUS"],"cprExato":true,"opmExata":true,"somenteReferencia":false},"geometry":{"type":"Polygon","coordinates":[[[-38.9328192999999,-13.0103683],[-38.9568434,-13.0620266999999],[-38.9660888,-13.0455483],[-38.9879008999999,-13.0453512],[-39.0010728999999,-13.0556033],[-39.0525135999999,-13.0482458],[-39.0479488999999,-13.0145158],[-39.0255137999999,-12.9831612999999],[-39.0417208,-12.9512129],[-39.0198862999999,-12.9341673],[-39.0360429999999,-12.8791355],[-39.0492438049999,-12.8731463949999],[-39.0518333049999,-12.837145995],[-39.0437250049999,-12.8315063049999],[-39.0222259999999,-12.8342160999999],[-39.0132857899999,-12.84561079],[-38.9972536,-12.8358595],[-38.9771445,-12.8455627],[-38.94639861,-12.90197251],[-38.935105705,-12.9002700949999],[-38.931234995,-12.9117090899999],[-38.918745095,-12.914382705],[-38.91392,-12.9376551],[-38.8926,-12.9627474],[-38.8831547,-12.9972271999999],[-38.9116375999999,-12.9967114999999],[-38.9112613999999,-13.0242168],[-38.9328192999999,-13.0103683]]]}},{"type":"Feature","id":"2906303","properties":{"codigoIbge":"2906303","municipio":"Canavieiras","cpr":"CPR-S","cprs":["CPR-S"],"opm":"71ª CIPM/CANAVIEIRAS","opms":["71ª CIPM/CANAVIEIRAS"],"cprExato":true,"opmExata":true,"somenteReferencia":false},"geometry":{"type":"Polygon","coordinates":[[[-39.3559109999999,-15.8497608],[-39.3177519,-15.8254312999999],[-39.3419818,-15.7484158],[-39.3678616,-15.7382956],[-39.3659532,-15.7121703],[-39.3508654,-15.7058278],[-39.3491184,-15.6882815],[-39.2979660999999,-15.6422962],[-39.2344613999999,-15.6220425999999],[-39.2071693999999,-15.5934604999999],[-39.159772,-15.6033217999999],[-39.1500991,-15.5864288],[-39.1537987999999,-15.5731653],[-39.1751634999999,-15.5713349],[-39.1663052,-15.5368829],[-39.1859704999999,-15.5265145999999],[-39.1952229999999,-15.5319029999999],[-39.2077049,-15.5107533999999],[-39.1684834,-15.5136916],[-39.1421508,-15.4934885],[-39.1046294999999,-15.4856619999999],[-39.0888105,-15.4689976],[-39.0460004,-15.4598250999999],[-39.0206798,-15.4371543999999],[-39.0231742999999,-15.4053663],[-39.0058064,-15.3725663],[-38.9916259999999,-15.3916732],[-38.9876965,-15.3837397],[-38.9732185,-15.3855024],[-38.9451074999999,-15.5097433],[-38.9348555,-15.6653903],[-38.8936080999999,-15.7666808999999],[-39.106525807,-15.7870952129999],[-39.0945773999999,-15.813756605],[-39.110176585,-15.8255283999999],[-39.1222830999999,-15.8258025],[-39.1220901999999,-15.8103057],[-39.1399733,-15.7990141999999],[-39.1626145,-15.7969616],[-39.1741931999999,-15.8097938],[-39.2030672999999,-15.8024826999999],[-39.2130862999999,-15.7882451999999],[-39.2220129999999,-15.8034997],[-39.2383220999999,-15.7969836],[-39.2472193,-15.8041102],[-39.2497248999999,-15.8216399999999],[-39.2670985,-15.8234623],[-39.2703974999999,-15.8433509],[-39.2812924999999,-15.8299797],[-39.2871643,-15.8437023],[-39.3014714999999,-15.8462291],[-39.310715,-15.8376244999999],[-39.3235882,-15.8480178999999],[-39.3559109999999,-15.8497608]]]}},{"type":"Feature","id":"2930600","properties":{"codigoIbge":"2930600","municipio":"Serrolândia","cpr":"CPR-CH","cprs":["CPR-CH"],"opm":"91ª CIPM/CAPIM GROSSO","opms":["91ª CIPM/CAPIM GROSSO"],"cprExato":true,"opmExata":true,"somenteReferencia":false},"geometry":{"type":"Polygon","coordinates":[[[-40.1664950869999,-11.5217704999999],[-40.1715308949999,-11.529613995],[-40.2303732999999,-11.5639621],[-40.2398251,-11.5501052],[-40.2537086,-11.5494442999999],[-40.2550107,-11.5362289],[-40.2684585,-11.5319395],[-40.2939392,-11.4944004999999],[-40.2955990999999,-11.4533666999999],[-40.3088420999999,-11.4347734999999],[-40.3833582,-11.4012334],[-40.3941278999999,-11.3842784999999],[-40.3158079,-11.3484614999999],[-40.3182743,-11.3337407999999],[-40.2095203,-11.3308484999999],[-40.1881979,-11.3389809999999],[-40.2045499,-11.3829408999999],[-40.2011765,-11.4173908999999],[-40.1891737,-11.4294376],[-40.1977614099999,-11.4942045029999],[-40.1664950869999,-11.5217704999999]]]}},{"type":"Feature","id":"2914802","properties":{"codigoIbge":"2914802","municipio":"Itabuna","cpr":"CPR-S","cprs":["CPR-S"],"opm":"15 BPM/ITABUNA","opms":["15 BPM/ITABUNA"],"cprExato":true,"opmExata":true,"somenteReferencia":false},"geometry":{"type":"Polygon","coordinates":[[[-39.3065736999999,-14.91576],[-39.3490998,-14.9651909999999],[-39.3640513999999,-14.9672247],[-39.3654311,-14.9808174],[-39.3532162,-14.9915195],[-39.3653899,-15.0190056],[-39.3862346999999,-15.0271248],[-39.3970705,-15.0210891999999],[-39.4133376999999,-15.0325288999999],[-39.4174573,-15.0067443],[-39.3929676,-14.9726117],[-39.3551186999999,-14.8654918999999],[-39.3679079999999,-14.8495429],[-39.3945874999999,-14.8578985999999],[-39.4058911,-14.8357116999999],[-39.3554065,-14.7594528],[-39.3515489,-14.7278641],[-39.3397123999999,-14.7290249],[-39.2956364,-14.6905672999999],[-39.2617915,-14.7557858],[-39.244067,-14.753678],[-39.24056,-14.8577877999999],[-39.2357011,-14.8482286],[-39.2076372999999,-14.8444393999999],[-39.2040071,-14.852747],[-39.2231331899999,-14.8716599049999],[-39.220117095,-14.885034295],[-39.20515519,-14.8843760949999],[-39.1902709899999,-14.89998151],[-39.1936702099999,-14.905277785],[-39.2010352,-14.8946822999999],[-39.1956029049999,-14.906990295],[-39.2053157899999,-14.907625605],[-39.2079454899999,-14.894437405],[-39.22322379,-14.9263685],[-39.2404762099999,-14.938117195],[-39.3009178,-14.9309213],[-39.3065736999999,-14.91576]]]}},{"type":"Feature","id":"2922409","properties":{"codigoIbge":"2922409","municipio":"Mutuípe","cpr":"CPR-R","cprs":["CPR-R"],"opm":"14 BPM/SANTO ANTÔNIO DE JESUS","opms":["14 BPM/SANTO ANTÔNIO DE JESUS"],"cprExato":true,"opmExata":true,"somenteReferencia":false},"geometry":{"type":"Polygon","coordinates":[[[-39.5176185,-13.4338031999999],[-39.5467406,-13.4414798],[-39.5621910999999,-13.4768389999999],[-39.5817693,-13.4803919],[-39.587325,-13.4699237999999],[-39.5908024,-13.4738126999999],[-39.5983993999999,-13.4708398999999],[-39.5909037,-13.4156588],[-39.5751129999999,-13.425358],[-39.5561709999999,-13.4176297999999],[-39.5534979,-13.3626932999999],[-39.532252,-13.2742469],[-39.5421962,-13.2359168999999],[-39.5335463,-13.2289129],[-39.5426078,-13.2184187],[-39.5258444999999,-13.2046597],[-39.5388938,-13.1842784999999],[-39.5116944,-13.1777620999999],[-39.50765,-13.1841196],[-39.4875974999999,-13.1725572],[-39.4672034,-13.1998080999999],[-39.4471839,-13.1863797999999],[-39.4400176999999,-13.19593],[-39.4445964,-13.2246767999999],[-39.4260988,-13.2659169],[-39.4331113,-13.271363],[-39.4280783999999,-13.2956727],[-39.4346088,-13.3020564],[-39.4459803999999,-13.2877942],[-39.4527340999999,-13.3017743999999],[-39.4773580999999,-13.2966911],[-39.4675857,-13.3295322],[-39.4799824,-13.337593],[-39.4648599,-13.3737492999999],[-39.484477,-13.3803955999999],[-39.4920806,-13.4153767],[-39.5082568,-13.4169694999999],[-39.5176185,-13.4338031999999]]]}},{"type":"Feature","id":"2906600","properties":{"codigoIbge":"2906600","municipio":"Candiba","cpr":"CPR-MO","cprs":["CPR-MO"],"opm":"17 BPM/GUANAMBI","opms":["17 BPM/GUANAMBI"],"cprExato":true,"opmExata":true,"somenteReferencia":false},"geometry":{"type":"Polygon","coordinates":[[[-42.7521060999999,-14.4124239],[-42.8353605999999,-14.5617194],[-42.8706850999999,-14.5095259999999],[-42.906741,-14.4824945],[-42.9292940999999,-14.4227319],[-42.955075,-14.3961482999999],[-42.9381212,-14.3671785999999],[-42.9388759,-14.349038],[-42.9254845999999,-14.3411722],[-42.903089,-14.3404679],[-42.881293,-14.3214783],[-42.7513895,-14.2963904],[-42.7477493,-14.3116434999999],[-42.7124406,-14.3251662],[-42.7163707,-14.3548898999999],[-42.7044734,-14.3652643999999],[-42.7092067999999,-14.3885789999999],[-42.7521060999999,-14.4124239]]]}},{"type":"Feature","id":"2929909","properties":{"codigoIbge":"2929909","municipio":"Seabra","cpr":"CPR-CH","cprs":["CPR-CH"],"opm":"29ª CIPM/SEABRA","opms":["29ª CIPM/SEABRA"],"cprExato":true,"opmExata":true,"somenteReferencia":false},"geometry":{"type":"Polygon","coordinates":[[[-41.8470005,-12.676576],[-41.8974636,-12.684266],[-42.0279897999999,-12.6575779999999],[-42.0299388,-12.6188556],[-41.983757,-12.6008949],[-42.0067582999999,-12.5686147],[-42.0147798,-12.5048563],[-42.0698843,-12.4311087999999],[-42.071657,-12.414616],[-42.1037557999999,-12.3958959999999],[-42.1403683,-12.4007978],[-42.1951523,-12.3778020999999],[-42.2492523,-12.3895694999999],[-42.2589581999999,-12.3441611],[-42.2709943999999,-12.3379696],[-42.270249,-12.311076],[-42.1241208,-12.2776792],[-42.1103659999999,-12.3079827],[-42.09856,-12.2915687],[-42.039818,-12.2911217],[-42.0582812,-12.2451081999999],[-42.0562669999999,-12.2204983999999],[-42.0318458,-12.2302824999999],[-41.9848722,-12.2914471999999],[-41.9681123,-12.2658948],[-41.9890599999999,-12.2317950999999],[-41.9664880999999,-12.2218050999999],[-41.9662709999999,-12.1788922],[-41.9773643,-12.1539314999999],[-41.9688601,-12.1412635999999],[-41.9832934,-12.1253596],[-41.9745753,-12.1221376],[-41.9697821999999,-12.0922403],[-41.9520679999999,-12.1018887],[-41.9431915,-12.0969587],[-41.93602,-12.1119437999999],[-41.9159672,-12.1063832999999],[-41.8884151,-12.1242753999999],[-41.7833644999999,-12.1606040999999],[-41.7428050999999,-12.2368304999999],[-41.7651352,-12.272596],[-41.7287119,-12.3691686999999],[-41.6658260999999,-12.3826567999999],[-41.6184206999999,-12.3802934999999],[-41.54061,-12.3569946],[-41.5642005999999,-12.3716367],[-41.5648614999999,-12.3881307],[-41.5880644,-12.3967585999999],[-41.5850361999999,-12.4272541999999],[-41.6035297999999,-12.4264734],[-41.6835103,-12.5328706],[-41.6746879999999,-12.5498107],[-41.6631786999999,-12.5521282999999],[-41.6561225,-12.5850485999999],[-41.6783776,-12.6285856],[-41.6487572999999,-12.6796373],[-41.8470005,-12.676576]]]}},{"type":"Feature","id":"2921708","properties":{"codigoIbge":"2921708","municipio":"Morro do Chapéu","cpr":"CPR-CN","cprs":["CPR-CN"],"opm":"3ª CIPM/MORRO DO CHAPÉU","opms":["3ª CIPM/MORRO DO CHAPÉU"],"cprExato":true,"opmExata":true,"somenteReferencia":false},"geometry":{"type":"Polygon","coordinates":[[[-41.2563797,-11.9005572],[-41.243907,-11.8392049],[-41.2493803999999,-11.813955],[-41.3216707,-11.7980757999999],[-41.3261272999999,-11.7843104999999],[-41.3467785999999,-11.7767157],[-41.3930445,-11.7715749],[-41.3650886,-11.6957067],[-41.4351713,-11.6355321],[-41.5574948999999,-11.5587939],[-41.5397335,-11.5544183],[-41.5407625,-11.5378363999999],[-41.5051088,-11.5266773],[-41.4957325999999,-11.503799],[-41.4780003,-11.5068631],[-41.4692151,-11.4830223],[-41.4313132,-11.4490256999999],[-41.4029484,-11.4448558],[-41.3921584999999,-11.4165029],[-41.3964956999999,-11.3940317999999],[-41.3846973,-11.3862324999999],[-41.3890158,-11.3622091],[-41.3733010999999,-11.3314091999999],[-41.3814697999999,-11.3222074999999],[-41.3785849999999,-11.3033009],[-41.3641469,-11.2801706],[-41.3722595999999,-11.2702566999999],[-41.3666944,-11.2395728],[-41.3558422,-11.228869],[-41.3660978999999,-11.2149108999999],[-41.3686458999999,-11.1421956999999],[-41.3954431,-11.1056531999999],[-41.3959925999999,-11.0765274999999],[-41.4365476999999,-11.0242507999999],[-41.4296085,-10.9853757999999],[-41.4489551999999,-10.9739496],[-41.4831720999999,-10.9882115],[-41.50359,-10.9806093],[-41.5091409,-10.9685719999999],[-41.5398324,-10.9678757],[-41.5614289,-10.9413180999999],[-41.5676569999999,-10.9033046],[-41.6573741999999,-10.8380131],[-41.6594355999999,-10.8062646],[-41.5985385,-10.8077686],[-41.5747679999999,-10.7793131],[-41.5717349999999,-10.756274],[-41.5368083,-10.7352938],[-41.4789593,-10.7547],[-41.4535026999999,-10.7900364999999],[-41.4410816,-10.7857476],[-41.4363939,-10.7951722999999],[-41.4522056,-10.8121563999999],[-41.4491123,-10.8253624],[-41.4610777,-10.8316096999999],[-41.4277367999999,-10.8660474],[-41.2892871,-10.9091524999999],[-41.2338243999999,-10.9567041999999],[-41.2411918,-10.9915568],[-41.2817456,-10.9895119999999],[-41.3096485999999,-11.0261164],[-41.3171447999999,-11.0730687],[-41.2946995,-11.1153289],[-41.2596955,-11.1208372999999],[-41.2445736,-11.1455789999999],[-41.1335525,-11.1533504999999],[-40.9461224999999,-11.2851257999999],[-40.8635212,-11.4144919],[-40.7982527,-11.4772414],[-40.7375534999999,-11.5035344999999],[-40.7261392,-11.5341663],[-40.7025867999999,-11.5479071],[-40.7167727,-11.5563834],[-40.7183999,-11.5685569],[-40.7290259,-11.5679909999999],[-40.7926414,-11.6944824],[-40.8011673,-11.7429208],[-40.848511,-11.77649],[-40.8848178,-11.7576266],[-40.9015909,-11.8107512999999],[-40.9441965999999,-11.8202795],[-40.9597108,-11.842933],[-40.9683575,-11.8842696999999],[-40.9809192,-11.8852120999999],[-40.8995550999999,-11.9781444999999],[-40.8970770999999,-11.9902822],[-40.9205239999999,-12.0143719],[-40.9725253999999,-12.0164164999999],[-41.0248882999999,-12.0022420999999],[-41.06353,-11.9317196],[-41.0861161,-11.9191830999999],[-41.1093858999999,-11.9449071999999],[-41.0998987999999,-11.9568131999999],[-41.2563797,-11.9005572]]]}},{"type":"Feature","id":"2906501","properties":{"codigoIbge":"2906501","municipio":"Candeias","cpr":"CPRMS","cprs":["CPRMS"],"opm":"26 BPM/CANDEIAS","opms":["26 BPM/CANDEIAS"],"cprExato":true,"opmExata":true,"somenteReferencia":false},"geometry":{"type":"Polygon","coordinates":[[[-38.4184531999999,-12.6652407999999],[-38.4622707,-12.7914830999999],[-38.4996494,-12.784713],[-38.508459,-12.7482762],[-38.5350354999999,-12.738733],[-38.5331237,-12.7275240999999],[-38.5533824,-12.7104919],[-38.5599261,-12.6890230999999],[-38.5502387,-12.6623377999999],[-38.5580313,-12.6522474],[-38.538944,-12.6283658999999],[-38.5607333,-12.6302332999999],[-38.5556243,-12.6202481999999],[-38.4858244,-12.5887592999999],[-38.4651698,-12.6114863999999],[-38.4536026,-12.6017854999999],[-38.4302433999999,-12.6100038],[-38.4045851,-12.5969140999999],[-38.3919382999999,-12.6142424999999],[-38.3989309999999,-12.6605463999999],[-38.4184531999999,-12.6652407999999]]]}},{"type":"Feature","id":"2914653","properties":{"codigoIbge":"2914653","municipio":"Itabela","cpr":"CPR-ES","cprs":["CPR-ES"],"opm":"28 BPM/EUNÁPOLIS","opms":["28 BPM/EUNÁPOLIS"],"cprExato":true,"opmExata":true,"somenteReferencia":false},"geometry":{"type":"Polygon","coordinates":[[[-39.4787087999999,-16.8289859],[-39.5080220999999,-16.872892],[-39.5250399,-16.8671156],[-39.522905,-16.8526476],[-39.5062778999999,-16.8460363],[-39.5133547999999,-16.8402129999999],[-39.5500671,-16.8373526999999],[-39.5839152,-16.8534324999999],[-39.6070232,-16.8346248999999],[-39.6231079999999,-16.8348839],[-39.6126106999999,-16.8136368999999],[-39.62225,-16.8144429],[-39.6473637999999,-16.7853191999999],[-39.6607193,-16.7863184],[-39.6641102,-16.7480823],[-39.6761397,-16.7311162999999],[-39.6681929,-16.6946722],[-39.6767007999999,-16.6755236999999],[-39.6481884,-16.5720428999999],[-39.6984148999999,-16.5478213],[-39.6984212999999,-16.5126466],[-39.6829395999999,-16.5040541999999],[-39.6517143,-16.505376],[-39.6430662999999,-16.4882330999999],[-39.6195071999999,-16.4786834],[-39.6039642,-16.4592385999999],[-39.5889379,-16.4718356],[-39.5478949,-16.4779230999999],[-39.462814,-16.5359268],[-39.4195796999999,-16.5541881],[-39.4553749999999,-16.5807349],[-39.4768457,-16.5826077999999],[-39.4829151,-16.6106619],[-39.4448674,-16.6379562],[-39.3933051999999,-16.7114172],[-39.3751956999999,-16.7205809],[-39.3374026,-16.7845346999999],[-39.3560583999999,-16.7833724],[-39.4130592,-16.7480793999999],[-39.4412914,-16.7447442],[-39.4707278999999,-16.7634201999999],[-39.4856869,-16.7960621],[-39.4787087999999,-16.8289859]]]}},{"type":"Feature","id":"2929750","properties":{"codigoIbge":"2929750","municipio":"Saubara","cpr":"CPR-R","cprs":["CPR-R"],"opm":"20ª CIPM/SANTO AMARO","opms":["20ª CIPM/SANTO AMARO"],"cprExato":true,"opmExata":true,"somenteReferencia":false},"geometry":{"type":"Polygon","coordinates":[[[-38.6985645999999,-12.8005534],[-38.7929356,-12.8317888999999],[-38.8185705999999,-12.8512959999999],[-38.8382392999999,-12.846349],[-38.8453918,-12.8377527],[-38.8312392999999,-12.8212449],[-38.8300513999999,-12.7951519],[-38.8175043049999,-12.7752956099999],[-38.83623922,-12.7263342099999],[-38.820471187,-12.718992913],[-38.7804973,-12.7267287],[-38.7669392999999,-12.7161568999999],[-38.6872081999999,-12.7265396999999],[-38.6985645999999,-12.8005534]]]}},{"type":"Feature","id":"2914703","properties":{"codigoIbge":"2914703","municipio":"Itaberaba","cpr":"CPR-CH","cprs":["CPR-CH"],"opm":"11 BPM/ITABERABA","opms":["11 BPM/ITABERABA"],"cprExato":true,"opmExata":true,"somenteReferencia":false},"geometry":{"type":"Polygon","coordinates":[[[-40.3054969999999,-12.7476531],[-40.3441407999999,-12.7690893],[-40.349835,-12.7900996],[-40.3587396,-12.7922176],[-40.4264876999999,-12.6669143999999],[-40.4203606,-12.6400859999999],[-40.4603534,-12.603359],[-40.4561298,-12.5933057999999],[-40.4668612,-12.5782199999999],[-40.4592541,-12.558104],[-40.4708492999999,-12.5089965],[-40.4926197,-12.5111315999999],[-40.5329164,-12.4769348999999],[-40.5641538,-12.4662324],[-40.5753735,-12.4378057],[-40.5239005,-12.3924031],[-40.4984312999999,-12.3316842999999],[-40.4875049999999,-12.3302628],[-40.4801573,-12.3102536],[-40.4616119999999,-12.3151023],[-40.4404971,-12.2985644],[-40.4262917,-12.2700388],[-40.4191762999999,-12.2794617],[-40.3903402,-12.2616690999999],[-40.3711309,-12.2731871],[-40.3563114,-12.2550108999999],[-40.3193146999999,-12.2649853999999],[-40.3033482,-12.2580756999999],[-40.2915374999999,-12.2677621999999],[-40.2762973,-12.2638473],[-40.2123854,-12.2822444999999],[-40.1690209,-12.3529121999999],[-40.1324589,-12.34996],[-40.1298757,-12.3367989999999],[-40.1062286,-12.3254934999999],[-40.0717521999999,-12.3345126999999],[-40.0679006999999,-12.346962],[-40.0600072,-12.3410253],[-40.0354384,-12.3606020999999],[-40.0403325999999,-12.3672012],[-40.0221146,-12.4027214999999],[-39.9866873,-12.4298408999999],[-39.9779958,-12.4572395],[-39.9703339,-12.4566487],[-39.9780249999999,-12.4736250999999],[-39.9677928999999,-12.4773013999999],[-39.9596640999999,-12.4690332],[-39.9366282999999,-12.4839749],[-39.9396578999999,-12.5085558],[-39.9256899,-12.5216020999999],[-39.9505505,-12.5570420999999],[-40.047831,-12.5651182999999],[-40.0561901,-12.6134238999999],[-40.0901888,-12.6379037],[-40.1204178,-12.687696],[-40.1809671,-12.6979621999999],[-40.1828088999999,-12.7327860999999],[-40.2166336,-12.7655794],[-40.3054969999999,-12.7476531]]]}},{"type":"Feature","id":"2929800","properties":{"codigoIbge":"2929800","municipio":"Saúde","cpr":"CPR-CH","cprs":["CPR-CH"],"opm":"29 BPM/JACOBINA","opms":["29 BPM/JACOBINA"],"cprExato":true,"opmExata":true,"somenteReferencia":false},"geometry":{"type":"Polygon","coordinates":[[[-40.3894625999999,-11.0617265],[-40.4817272,-11.0493994],[-40.4576026999999,-10.9582109999999],[-40.4662757,-10.9541098999999],[-40.472391,-10.9640147],[-40.4913337999999,-10.9392986999999],[-40.4754773999999,-10.9228252999999],[-40.4626147,-10.8678145],[-40.45023,-10.8540255],[-40.4530232,-10.8361341999999],[-40.4444381,-10.8344576],[-40.4611389999999,-10.8126669],[-40.4453994,-10.7521376],[-40.4012743,-10.8004349999999],[-40.3500549,-10.8073338999999],[-40.338221,-10.8295125],[-40.3332427999999,-10.8134034999999],[-40.3136847,-10.8239695],[-40.2856156,-10.813637],[-40.2878219999999,-10.8357952],[-40.2681016,-10.8411982],[-40.2606641,-10.8533803],[-40.254084,-10.8412049],[-40.2405681,-10.8518491999999],[-40.2501794999999,-10.913699],[-40.3279957,-10.9672790999999],[-40.3483669999999,-10.9648361],[-40.3894625999999,-11.0617265]]]}},{"type":"Feature","id":"2914000","properties":{"codigoIbge":"2914000","municipio":"Ipirá","cpr":"CPR-CH","cprs":["CPR-CH"],"opm":"98ª CIPM/IPIRÁ","opms":["98ª CIPM/IPIRÁ"],"cprExato":true,"opmExata":true,"somenteReferencia":false},"geometry":{"type":"Polygon","coordinates":[[[-39.7818675999999,-12.4254392999999],[-39.9271808999999,-12.5212208999999],[-39.9404137999999,-12.5055929],[-39.9366282999999,-12.4839749],[-39.9596640999999,-12.4690332],[-39.9677928999999,-12.4773013999999],[-39.9780249999999,-12.4736250999999],[-39.9703339,-12.4566487],[-39.9779958,-12.4572395],[-39.9868769,-12.4296204],[-40.0280509,-12.3948553],[-40.0269211999999,-12.3818646],[-40.0404614999999,-12.3667495],[-40.0354384,-12.3606020999999],[-40.0933355,-12.3251357999999],[-40.1155085,-12.3288509],[-40.133258,-12.2993953],[-40.1303136,-12.2745909999999],[-40.1404851,-12.2467281999999],[-40.0903726999999,-12.2028084],[-40.0734186999999,-12.1925049],[-40.0504625,-12.1960238],[-40.0352994,-12.1761392],[-40.0285188999999,-12.0551704],[-39.9712479,-12.0545167999999],[-39.9737833,-12.0370199999999],[-39.9610633999999,-12.0123237999999],[-39.9707809999999,-11.9867578],[-39.9583979,-11.9766771],[-39.9454919999999,-11.9930500999999],[-39.9235095999999,-11.9970107],[-39.9198944999999,-12.0157202999999],[-39.9048619,-12.0288310999999],[-39.8498221,-11.9944419999999],[-39.8427426,-11.9717016],[-39.8347183,-11.9717211],[-39.780819,-11.8983466999999],[-39.7741184999999,-11.9153952999999],[-39.7191106,-11.9055068],[-39.6917903999999,-11.9244398],[-39.6772137999999,-11.9239461999999],[-39.6594006999999,-11.9471586],[-39.6455826,-11.9482446],[-39.6363919,-11.9972619],[-39.6239474,-12.0192443],[-39.6067454,-12.0272353999999],[-39.5938197999999,-12.0611243999999],[-39.5220545999999,-12.036918],[-39.4081919,-12.2660468999999],[-39.4132268,-12.2697486],[-39.3973622999999,-12.2765338999999],[-39.4321368999999,-12.3076624999999],[-39.4343421,-12.3353857],[-39.4683393999999,-12.3465232999999],[-39.5066510999999,-12.333503],[-39.5270733999999,-12.3378504999999],[-39.627289995,-12.39366209],[-39.62649541,-12.4039181049999],[-39.7389517,-12.4100468999999],[-39.7705754999999,-12.4303025],[-39.7818675999999,-12.4254392999999]]]}},{"type":"Feature","id":"2921609","properties":{"codigoIbge":"2921609","municipio":"Morpará","cpr":"CPR-MO","cprs":["CPR-MO"],"opm":"28ª CIPM/IBOTIRAMA","opms":["28ª CIPM/IBOTIRAMA"],"cprExato":true,"opmExata":true,"somenteReferencia":false},"geometry":{"type":"Polygon","coordinates":[[[-42.8611931999999,-11.7939595],[-42.8135364,-11.9410498999999],[-42.8728996,-11.964039],[-42.9025966,-11.9623321],[-42.9202438,-11.9732475],[-43.1365527,-12.019485],[-43.1441955,-11.9629017],[-43.1707863999999,-11.9365099],[-43.1644684999999,-11.9007621],[-43.1864327,-11.8903475],[-43.1928966,-11.8071396],[-43.2135888,-11.8111163999999],[-43.2268247,-11.7818597999999],[-43.2345453,-11.7152589999999],[-43.2457649,-11.7058706999999],[-43.2262226999999,-11.6767053],[-43.2432865,-11.6575348],[-43.2569448,-11.6638409],[-43.2646819999999,-11.6540163],[-43.282476,-11.6544891999999],[-43.2760031999999,-11.6354406],[-43.2923446999999,-11.5887882],[-43.2806221,-11.5697948],[-43.2861215,-11.5480244999999],[-43.2644956999999,-11.4832987],[-43.2251742999999,-11.498839],[-43.0567712,-11.5285294999999],[-43.0549727,-11.5603589999999],[-43.0397247,-11.5554786],[-43.0034726,-11.5970427999999],[-42.9811056999999,-11.5968048999999],[-42.9538289,-11.6243585999999],[-42.9344945999999,-11.6286236],[-42.9397887,-11.5860433],[-42.9211017,-11.5789473],[-42.8710460999999,-11.6130977999999],[-42.8396372,-11.6217351999999],[-42.7884096,-11.6904713],[-42.7427693999999,-11.7054684],[-42.7365589999999,-11.7143788],[-42.7450535999999,-11.7147482999999],[-42.7549547,-11.7365646],[-42.7880901999999,-11.7393435],[-42.7835009,-11.7467013999999],[-42.8205571999999,-11.7761968999999],[-42.836852,-11.7731914],[-42.8611931999999,-11.7939595]]]}},{"type":"Feature","id":"2914109","properties":{"codigoIbge":"2914109","municipio":"Ipupiara","cpr":"CPR-CN","cprs":["CPR-CN"],"opm":"10ª CIPM/XIQUE-XIQUE","opms":["10ª CIPM/XIQUE-XIQUE"],"cprExato":true,"opmExata":true,"somenteReferencia":false},"geometry":{"type":"Polygon","coordinates":[[[-42.3960309,-11.7544085],[-42.3630014,-11.7559173999999],[-42.3600246,-11.7139867999999],[-42.3381644,-11.7303590999999],[-42.3386628,-11.7477805999999],[-42.3232149,-11.7540162],[-42.3017861,-11.7838017999999],[-42.285743,-11.8368831],[-42.2914033,-11.8535575],[-42.2449599999999,-11.9483723],[-42.461158,-11.9660468],[-42.6686137,-11.8670169],[-42.7002955,-11.8760452999999],[-42.7721529999999,-11.8089517],[-42.7476318,-11.7307678],[-42.7165745999999,-11.7182235999999],[-42.6805866999999,-11.7199168],[-42.6675238,-11.7095874],[-42.6231784999999,-11.7182329],[-42.5904843,-11.7097545],[-42.5652110999999,-11.7358934],[-42.5203324,-11.7490303],[-42.4876149,-11.7753728],[-42.4721506,-11.7252346999999],[-42.4439886,-11.7579087999999],[-42.4191129,-11.7651351],[-42.3960309,-11.7544085]]]}},{"type":"Feature","id":"2905800","properties":{"codigoIbge":"2905800","municipio":"Camamu","cpr":"CPR-R","cprs":["CPR-R"],"opm":"31 BPM/VALENÇA","opms":["31 BPM/VALENÇA"],"cprExato":true,"opmExata":true,"somenteReferencia":false},"geometry":{"type":"MultiPolygon","coordinates":[[[[-39.2750096,-14.1377676999999],[-39.3313130999999,-14.1551378999999],[-39.3503701999999,-14.1426119],[-39.3431651999999,-14.1227701999999],[-39.3495129,-14.1150891999999],[-39.3303481,-14.0892403999999],[-39.3587181,-14.03381],[-39.3301705,-13.9676077],[-39.3288949,-13.9421672999999],[-39.3018944,-13.9492453],[-39.2967694,-13.9334742999999],[-39.2854333999999,-13.9330664999999],[-39.2832586,-13.9486006999999],[-39.2706426999999,-13.9382548],[-39.2279915999999,-13.9365266],[-39.202214,-13.9118384],[-39.1792462999999,-13.9184164],[-39.1669466,-13.8935504999999],[-39.1274698,-13.885325],[-39.0841101,-13.8924029],[-39.0700974,-13.9150109],[-39.0430537999999,-13.9177630999999],[-39.0171573,-13.9050882999999],[-39.0022938,-13.8782353999999],[-38.9678479999999,-13.8487542],[-38.9517346,-13.8723770999999],[-38.9883455999999,-13.8944557999999],[-39.0009823999999,-13.9308007999999],[-38.9864112,-13.9783653],[-39.0058984999999,-14.0289688],[-38.9819307999999,-14.0500721],[-38.9882387,-14.0805996999999],[-39.0208177,-14.0998086999999],[-39.0696222999999,-14.1106356999999],[-39.1037454999999,-14.1092419],[-39.1434927999999,-14.0915807],[-39.2396181999999,-14.1223874999999],[-39.2503793999999,-14.117222],[-39.2750096,-14.1377676999999]]],[[[-38.9393145999999,-13.8390363999999],[-38.9380755999999,-13.8358878999999],[-38.9380078,-13.8387485],[-38.9393145999999,-13.8390363999999]]]]}},{"type":"Feature","id":"2930154","properties":{"codigoIbge":"2930154","municipio":"Serra do Ramalho","cpr":"CPR-MO","cprs":["CPR-MO"],"opm":"38ª CIPM/BOM JESUS DA LAPA","opms":["38ª CIPM/BOM JESUS DA LAPA"],"cprExato":true,"opmExata":true,"somenteReferencia":false},"geometry":{"type":"Polygon","coordinates":[[[-43.5926128999999,-13.7632755999999],[-43.5866230999999,-13.8062892999999],[-43.9331362,-13.6562766],[-43.8802717,-13.6077984999999],[-43.8805012999999,-13.5879059],[-43.8395401999999,-13.5244714999999],[-43.8147157999999,-13.5250187],[-43.8059327999999,-13.5068153],[-43.8152734,-13.4863247],[-43.8325513999999,-13.4904392],[-43.8952363,-13.4730896999999],[-43.9081547,-13.440851],[-43.8828786999999,-13.3361710999999],[-43.8648118,-13.3305523999999],[-43.8706849,-13.3219020999999],[-43.8559893999999,-13.3006607],[-43.8571676999999,-13.2620535],[-43.8043749999999,-13.2198903],[-43.77615,-13.2208092],[-43.7576114,-13.2064607999999],[-43.730825,-13.2061032],[-43.7328051,-13.1934194999999],[-43.7200205999999,-13.1819179999999],[-43.7060708,-13.1878407999999],[-43.7050121999999,-13.2895566],[-43.6291479999999,-13.268224],[-43.4323530999999,-13.2586363999999],[-43.4667444999999,-13.3304342],[-43.4268614,-13.4326636],[-43.4492997,-13.5395669],[-43.4629396,-13.5644133],[-43.5094922,-13.5755753999999],[-43.5277791,-13.5916705],[-43.5605562,-13.6587713],[-43.5497827999999,-13.7163252999999],[-43.562463,-13.7423999],[-43.5926128999999,-13.7632755999999]]]}}]}